{"type":"FeatureCollection", "features": [
{"type":"Feature","geometry":{"type":"MultiPolygon","coordinates":[[[[92.525,10.894],[92.397,10.779],[92.383,10.671],[92.42,10.613],[92.382,10.539],[92.532,10.521],[92.597,10.681],[92.586,10.79],[92.525,10.894]]],[[[92.608,10.93],[92.619,10.93],[92.608,10.938],[92.608,10.93]]],[[[92.225,10.984],[92.211,10.981],[92.216,10.975],[92.225,10.984]]],[[[92.658,10.984],[92.668,10.986],[92.66,10.991],[92.658,10.984]]],[[[92.68,11.181],[92.672,11.186],[92.676,11.177],[92.68,11.181]]],[[[92.687,11.243],[92.705,11.264],[92.694,11.285],[92.687,11.243]]],[[[92.559,11.392],[92.557,11.397],[92.555,11.391],[92.559,11.392]]],[[[92.545,11.396],[92.546,11.393],[92.55,11.396],[92.545,11.396]]],[[[92.643,11.511],[92.601,11.346],[92.689,11.37],[92.643,11.511]]],[[[92.608,11.506],[92.611,11.505],[92.612,11.51],[92.608,11.506]]],[[[92.644,11.515],[92.644,11.513],[92.645,11.514],[92.644,11.515]]],[[[92.564,11.529],[92.552,11.531],[92.56,11.517],[92.564,11.529]]],[[[92.604,11.531],[92.601,11.538],[92.601,11.524],[92.604,11.531]]],[[[92.627,11.546],[92.627,11.543],[92.628,11.548],[92.627,11.546]]],[[[92.615,11.555],[92.606,11.551],[92.609,11.531],[92.615,11.555]]],[[[92.593,11.565],[92.588,11.54],[92.595,11.533],[92.593,11.565]]],[[[92.215,11.592],[92.259,11.518],[92.268,11.585],[92.215,11.592]]],[[[92.574,11.565],[92.576,11.57],[92.573,11.567],[92.574,11.565]]],[[[92.564,11.569],[92.565,11.568],[92.567,11.57],[92.564,11.569]]],[[[92.616,11.581],[92.601,11.585],[92.614,11.563],[92.616,11.581]]],[[[92.546,11.601],[92.531,11.571],[92.564,11.573],[92.546,11.601]]],[[[92.576,11.584],[92.578,11.583],[92.577,11.585],[92.576,11.584]]],[[[92.592,11.59],[92.593,11.589],[92.594,11.59],[92.592,11.59]]],[[[92.7,12.234],[92.624,12.107],[92.614,11.831],[92.561,11.947],[92.553,11.718],[92.645,11.524],[92.711,11.488],[92.787,11.874],[92.711,11.983],[92.782,12.045],[92.748,12.054],[92.734,12.103],[92.756,12.177],[92.699,12.157],[92.7,12.234]]],[[[92.597,11.912],[92.595,11.915],[92.595,11.906],[92.597,11.912]]],[[[92.602,11.934],[92.604,11.93],[92.605,11.935],[92.602,11.934]]],[[[92.597,11.973],[92.595,11.929],[92.608,11.943],[92.597,11.973]]],[[[92.583,11.979],[92.581,11.982],[92.58,11.978],[92.583,11.979]]],[[[92.679,12.217],[92.682,12.217],[92.682,12.223],[92.679,12.217]]],[[[92.695,12.246],[92.698,12.244],[92.697,12.25],[92.695,12.246]]],[[[92.681,12.541],[92.669,12.531],[92.678,12.522],[92.681,12.541]]],[[[92.701,12.64],[92.702,12.639],[92.702,12.641],[92.701,12.64]]],[[[92.697,12.99],[92.65,12.846],[92.714,12.863],[92.697,12.99]]],[[[92.675,12.949],[92.675,12.95],[92.672,12.949],[92.675,12.949]]],[[[92.671,12.95],[92.669,12.949],[92.672,12.948],[92.671,12.95]]],[[[92.668,12.951],[92.666,12.95],[92.668,12.949],[92.668,12.951]]],[[[92.67,12.951],[92.669,12.952],[92.669,12.95],[92.67,12.951]]],[[[92.669,12.953],[92.669,12.956],[92.667,12.953],[92.669,12.953]]],[[[92.719,13.096],[92.695,13.091],[92.699,13.072],[92.719,13.096]]],[[[92.723,11.144],[92.723,11.141],[92.725,11.142],[92.723,11.144]]],[[[92.731,11.144],[92.73,11.149],[92.726,11.145],[92.731,11.144]]],[[[92.72,11.315],[92.695,11.31],[92.708,11.299],[92.72,11.315]]],[[[92.762,11.669],[92.766,11.678],[92.76,11.677],[92.762,11.669]]],[[[92.764,11.965],[92.737,11.958],[92.745,11.945],[92.764,11.965]]],[[[92.743,11.968],[92.74,11.965],[92.744,11.967],[92.743,11.968]]],[[[92.727,11.99],[92.721,11.983],[92.723,11.983],[92.727,11.99]]],[[[92.74,12.113],[92.739,12.11],[92.741,12.112],[92.74,12.113]]],[[[92.753,12.146],[92.753,12.141],[92.758,12.146],[92.753,12.146]]],[[[92.762,12.178],[92.759,12.177],[92.758,12.166],[92.762,12.178]]],[[[92.724,12.185],[92.728,12.184],[92.729,12.189],[92.724,12.185]]],[[[92.731,12.233],[92.722,12.188],[92.729,12.193],[92.732,12.185],[92.747,12.18],[92.763,12.183],[92.731,12.233]]],[[[92.722,12.255],[92.724,12.256],[92.722,12.257],[92.722,12.255]]],[[[92.715,12.296],[92.699,12.274],[92.709,12.23],[92.715,12.296]]],[[[92.746,12.278],[92.746,12.288],[92.732,12.247],[92.746,12.278]]],[[[92.764,12.267],[92.76,12.293],[92.752,12.278],[92.764,12.267]]],[[[92.735,12.284],[92.737,12.293],[92.734,12.288],[92.735,12.284]]],[[[92.767,12.289],[92.771,12.294],[92.769,12.295],[92.767,12.289]]],[[[92.752,12.293],[92.754,12.294],[92.752,12.294],[92.752,12.293]]],[[[92.763,12.297],[92.765,12.298],[92.764,12.299],[92.763,12.297]]],[[[92.723,12.62],[92.722,12.623],[92.72,12.619],[92.723,12.62]]],[[[92.725,12.654],[92.726,12.655],[92.725,12.655],[92.725,12.654]]],[[[92.715,12.692],[92.708,12.692],[92.711,12.68],[92.715,12.692]]],[[[92.722,12.691],[92.719,12.696],[92.716,12.687],[92.722,12.691]]],[[[92.726,12.736],[92.722,12.736],[92.727,12.727],[92.726,12.736]]],[[[92.709,12.829],[92.694,12.799],[92.709,12.773],[92.709,12.829]]],[[[92.721,12.776],[92.714,12.779],[92.724,12.762],[92.721,12.776]]],[[[92.725,12.833],[92.727,12.839],[92.724,12.836],[92.725,12.833]]],[[[92.765,12.845],[92.758,12.858],[92.757,12.846],[92.765,12.845]]],[[[92.729,12.864],[92.707,12.837],[92.717,12.835],[92.729,12.864]]],[[[92.73,12.856],[92.729,12.857],[92.729,12.855],[92.73,12.856]]],[[[92.764,12.863],[92.765,12.873],[92.76,12.867],[92.764,12.863]]],[[[92.748,12.895],[92.749,12.891],[92.752,12.893],[92.748,12.895]]],[[[92.754,12.89],[92.757,12.908],[92.753,12.914],[92.754,12.89]]],[[[92.767,12.918],[92.766,12.917],[92.767,12.916],[92.767,12.918]]],[[[92.761,12.921],[92.764,12.918],[92.765,12.926],[92.761,12.921]]],[[[92.775,12.931],[92.769,12.925],[92.771,12.918],[92.775,12.931]]],[[[92.764,12.926],[92.765,12.935],[92.759,12.932],[92.764,12.926]]],[[[92.729,13.094],[92.728,13.091],[92.731,13.095],[92.729,13.094]]],[[[92.802,9.229],[92.718,9.209],[92.729,9.126],[92.801,9.123],[92.802,9.229]]],[[[92.775,12.015],[92.77,12.017],[92.771,12.013],[92.775,12.015]]],[[[92.812,12.312],[92.771,12.313],[92.782,12.287],[92.763,12.264],[92.749,12.274],[92.741,12.245],[92.769,12.251],[92.769,12.184],[92.759,12.146],[92.738,12.099],[92.763,12.064],[92.853,12.205],[92.858,12.249],[92.891,12.267],[92.812,12.312]]],[[[92.937,12.223],[92.924,12.208],[92.934,12.199],[92.937,12.223]]],[[[92.9,12.255],[92.877,12.209],[92.913,12.219],[92.9,12.255]]],[[[92.882,12.242],[92.88,12.24],[92.882,12.239],[92.882,12.242]]],[[[92.862,12.238],[92.868,12.249],[92.864,12.251],[92.862,12.238]]],[[[92.878,12.249],[92.879,12.245],[92.881,12.249],[92.878,12.249]]],[[[92.898,12.259],[92.9,12.262],[92.899,12.262],[92.898,12.259]]],[[[92.935,12.301],[92.901,12.288],[92.927,12.253],[92.935,12.301]]],[[[92.876,12.295],[92.879,12.297],[92.878,12.298],[92.876,12.295]]],[[[92.865,12.305],[92.864,12.305],[92.863,12.303],[92.865,12.305]]],[[[92.86,12.335],[92.861,12.323],[92.86,12.319],[92.856,12.315],[92.886,12.332],[92.871,12.329],[92.86,12.335]]],[[[92.91,12.333],[92.912,12.332],[92.911,12.336],[92.91,12.333]]],[[[92.904,12.34],[92.905,12.339],[92.905,12.341],[92.904,12.34]]],[[[92.917,12.353],[92.913,12.355],[92.91,12.338],[92.917,12.353]]],[[[92.888,12.405],[92.845,12.406],[92.867,12.377],[92.888,12.405]]],[[[92.898,12.408],[92.898,12.412],[92.896,12.411],[92.898,12.408]]],[[[92.843,12.416],[92.846,12.416],[92.843,12.418],[92.843,12.416]]],[[[92.86,12.413],[92.869,12.415],[92.867,12.421],[92.86,12.413]]],[[[92.836,12.423],[92.834,12.417],[92.842,12.416],[92.836,12.423]]],[[[92.903,12.911],[92.896,12.898],[92.87,12.89],[92.875,12.885],[92.874,12.881],[92.844,12.875],[92.79,12.89],[92.784,12.824],[92.723,12.828],[92.732,12.675],[92.7,12.327],[92.753,12.296],[92.771,12.319],[92.81,12.316],[92.831,12.303],[92.847,12.308],[92.855,12.318],[92.86,12.319],[92.856,12.33],[92.856,12.34],[92.871,12.33],[92.881,12.344],[92.878,12.36],[92.857,12.364],[92.838,12.394],[92.83,12.428],[92.914,12.411],[92.973,12.531],[92.941,12.622],[92.979,12.709],[92.903,12.911]]],[[[92.781,12.842],[92.78,12.862],[92.767,12.852],[92.781,12.842]]],[[[92.785,12.882],[92.791,12.891],[92.782,12.892],[92.785,12.882]]],[[[92.893,12.899],[92.891,12.899],[92.891,12.897],[92.893,12.899]]],[[[92.794,12.911],[92.773,12.912],[92.782,12.895],[92.794,12.911]]],[[[92.863,12.914],[92.864,12.913],[92.864,12.914],[92.863,12.914]]],[[[92.909,12.915],[92.91,12.914],[92.911,12.917],[92.909,12.915]]],[[[92.867,12.931],[92.858,12.928],[92.872,12.916],[92.867,12.931]]],[[[92.889,12.935],[92.891,12.937],[92.889,12.938],[92.889,12.935]]],[[[92.932,13.024],[92.919,13.004],[92.943,12.997],[92.932,13.024]]],[[[92.913,13.044],[92.918,13.041],[92.916,13.048],[92.913,13.044]]],[[[92.793,13.17],[92.794,13.168],[92.796,13.17],[92.793,13.17]]],[[[93.034,13.559],[92.921,13.537],[92.871,13.472],[92.788,13.019],[92.801,12.9],[92.843,12.891],[92.841,12.877],[92.856,12.879],[92.873,12.884],[92.868,12.89],[92.874,12.909],[92.858,12.901],[92.855,12.937],[92.87,12.935],[92.914,13.052],[92.965,13.014],[93.033,13.082],[93.046,13.279],[93.011,13.277],[93.02,13.298],[92.994,13.301],[92.997,13.315],[92.96,13.328],[93.048,13.379],[93.034,13.559]]],[[[92.815,13.417],[92.814,13.405],[92.818,13.417],[92.815,13.417]]],[[[92.843,13.434],[92.825,13.439],[92.831,13.419],[92.843,13.434]]],[[[92.871,13.512],[92.868,13.505],[92.873,13.506],[92.871,13.512]]],[[[92.91,13.535],[92.905,13.536],[92.905,13.531],[92.91,13.535]]],[[[92.876,13.539],[92.874,13.541],[92.875,13.535],[92.876,13.539]]],[[[92.903,13.6],[92.895,13.601],[92.885,13.582],[92.903,13.6]]],[[[93.044,8.441],[93.035,8.472],[93.026,8.454],[93.044,8.441]]],[[[93.077,11.78],[93.085,11.787],[93.079,11.787],[93.077,11.78]]],[[[93.019,11.843],[93.058,11.815],[93.062,11.844],[93.019,11.843]]],[[[92.97,12.042],[92.933,11.985],[93.053,11.899],[92.97,12.042]]],[[[93.005,12.102],[92.956,12.069],[93.005,12.048],[93.005,12.102]]],[[[92.95,12.088],[92.956,12.099],[92.949,12.112],[92.95,12.088]]],[[[93.026,12.143],[93.006,12.078],[93.044,12.046],[93.026,12.143]]],[[[93.057,12.118],[93.049,12.117],[93.051,12.11],[93.057,12.118]]],[[[92.991,12.16],[92.954,12.123],[93.003,12.112],[92.991,12.16]]],[[[93.075,12.209],[93.038,12.127],[93.063,12.121],[93.057,12.109],[93.074,12.084],[93.075,12.209]]],[[[93.02,12.224],[93.019,12.224],[93.019,12.223],[93.02,12.224]]],[[[93.085,12.227],[93.084,12.229],[93.082,12.226],[93.085,12.227]]],[[[93.104,12.241],[93.072,12.261],[93.062,12.23],[93.104,12.241]]],[[[93.022,12.276],[93.025,12.274],[93.028,12.28],[93.022,12.276]]],[[[93.073,12.325],[93.072,12.328],[93.065,12.326],[93.073,12.325]]],[[[92.955,12.432],[92.925,12.404],[92.932,12.36],[92.955,12.432]]],[[[92.937,12.915],[92.93,12.917],[92.934,12.911],[92.937,12.915]]],[[[92.965,12.947],[92.958,12.949],[92.954,12.942],[92.965,12.947]]],[[[93.003,12.993],[92.971,12.966],[92.951,12.981],[92.981,12.935],[92.973,12.963],[93.003,12.993]]],[[[92.986,13.001],[92.986,12.999],[92.988,12.999],[92.986,13.001]]],[[[93.057,13.225],[93.059,13.223],[93.058,13.226],[93.057,13.225]]],[[[93.06,13.228],[93.06,13.225],[93.061,13.228],[93.06,13.228]]],[[[93.077,13.3],[93.072,13.303],[93.071,13.298],[93.077,13.3]]],[[[93.006,13.309],[93.008,13.321],[92.996,13.306],[93.006,13.309]]],[[[93.023,13.327],[93.014,13.308],[93.021,13.304],[93.023,13.327]]],[[[93.007,13.337],[93.006,13.336],[93.007,13.336],[93.007,13.337]]],[[[93.013,13.337],[93.015,13.339],[93.013,13.339],[93.013,13.337]]],[[[93.018,13.34],[93.018,13.346],[93.015,13.343],[93.018,13.34]]],[[[93.057,13.375],[93.039,13.323],[93.089,13.336],[93.057,13.375]]],[[[93.073,13.365],[93.076,13.363],[93.074,13.366],[93.073,13.365]]],[[[93.079,13.376],[93.079,13.377],[93.078,13.377],[93.079,13.376]]],[[[93.06,13.385],[93.061,13.384],[93.063,13.386],[93.06,13.385]]],[[[93.086,13.413],[93.09,13.41],[93.089,13.42],[93.086,13.413]]],[[[93.093,13.418],[93.091,13.411],[93.094,13.416],[93.093,13.418]]],[[[93.069,13.423],[93.066,13.423],[93.07,13.413],[93.069,13.423]]],[[[93.051,13.564],[93.052,13.56],[93.056,13.566],[93.051,13.564]]],[[[92.999,13.571],[93,13.568],[93.002,13.571],[92.999,13.571]]],[[[93.064,13.648],[93.042,13.637],[93.046,13.621],[93.064,13.648]]],[[[93.022,13.663],[92.983,13.663],[92.985,13.643],[93.022,13.663]]],[[[93.838,7.237],[93.664,7.178],[93.657,7.047],[93.784,6.881],[93.801,6.763],[93.904,6.835],[93.925,7.009],[93.838,7.237]]],[[[93.899,7.082],[93.9,7.081],[93.9,7.082],[93.899,7.082]]],[[[93.705,7.22],[93.696,7.228],[93.702,7.209],[93.705,7.22]]],[[[93.834,7.29],[93.835,7.288],[93.838,7.291],[93.834,7.29]]],[[[93.622,7.33],[93.618,7.332],[93.618,7.326],[93.622,7.33]]],[[[93.701,7.442],[93.619,7.362],[93.636,7.244],[93.743,7.377],[93.701,7.442]]],[[[93.758,7.402],[93.755,7.406],[93.752,7.398],[93.758,7.402]]],[[[93.639,7.477],[93.633,7.473],[93.64,7.473],[93.639,7.477]]],[[[93.622,7.479],[93.622,7.478],[93.623,7.478],[93.622,7.479]]],[[[93.62,7.48],[93.622,7.479],[93.62,7.483],[93.62,7.48]]],[[[93.533,7.526],[93.521,7.527],[93.529,7.514],[93.533,7.526]]],[[[93.376,8.02],[93.301,7.961],[93.368,7.883],[93.451,7.936],[93.376,8.02]]],[[[93.541,8.028],[93.499,7.986],[93.568,7.931],[93.541,8.028]]],[[[93.574,8.122],[93.564,8.063],[93.584,8.04],[93.574,8.122]]],[[[93.579,8.096],[93.578,8.096],[93.579,8.095],[93.579,8.096]]],[[[93.579,8.098],[93.58,8.096],[93.58,8.098],[93.579,8.098]]],[[[93.516,8.233],[93.45,8.18],[93.483,8.001],[93.54,8.081],[93.492,8.151],[93.516,8.233]]],[[[93.454,8.139],[93.453,8.139],[93.453,8.138],[93.454,8.139]]],[[[93.456,8.14],[93.455,8.14],[93.455,8.139],[93.456,8.14]]],[[[93.23,8.259],[93.212,8.258],[93.229,8.224],[93.23,8.259]]],[[[93.118,8.354],[93.075,8.278],[93.117,8.276],[93.118,8.354]]],[[[93.645,8.392],[93.635,8.395],[93.638,8.392],[93.645,8.392]]],[[[93.625,8.398],[93.624,8.398],[93.624,8.397],[93.625,8.398]]],[[[93.608,8.57],[93.601,8.546],[93.632,8.469],[93.608,8.57]]],[[[93.599,8.582],[93.597,8.584],[93.598,8.581],[93.599,8.582]]],[[[93.097,12.137],[93.098,12.134],[93.098,12.136],[93.097,12.137]]],[[[93.12,12.146],[93.109,12.142],[93.114,12.132],[93.12,12.146]]],[[[93.093,12.222],[93.092,12.218],[93.093,12.22],[93.093,12.222]]],[[[93.097,13.436],[93.095,13.434],[93.101,13.43],[93.097,13.436]]]]},"properties":{"state":"Andaman & Nicobar Islands"}},
{"type":"Feature","geometry":{"type":"Polygon","coordinates":[[[84.761,19.079],[84.669,19.167],[84.629,19.083],[84.514,19.049],[84.319,18.788],[84.162,18.79],[84.089,18.758],[84.044,18.814],[83.852,18.859],[83.795,19.018],[83.748,18.996],[83.638,19.153],[83.537,19.009],[83.474,19.095],[83.462,18.955],[83.399,19.01],[83.31,18.996],[83.413,18.874],[83.22,18.774],[83.137,18.786],[82.999,18.621],[83.093,18.549],[83.019,18.457],[83.075,18.404],[82.938,18.361],[82.814,18.452],[82.77,18.338],[82.587,18.276],[82.603,18.383],[82.541,18.4],[82.532,18.51],[82.443,18.52],[82.363,18.422],[82.391,18.327],[82.309,18.205],[82.35,18.078],[82.26,18.042],[82.007,18.058],[81.963,18.002],[81.802,17.952],[81.615,17.823],[81.615,17.824],[81.605,17.829],[81.602,17.83],[81.6,17.832],[81.599,17.832],[81.598,17.833],[81.597,17.833],[81.591,17.836],[81.582,17.838],[81.581,17.838],[81.577,17.839],[81.576,17.839],[81.575,17.839],[81.568,17.833],[81.566,17.83],[81.566,17.829],[81.562,17.827],[81.561,17.827],[81.559,17.827],[81.557,17.827],[81.552,17.827],[81.551,17.827],[81.55,17.827],[81.549,17.826],[81.546,17.826],[81.545,17.826],[81.544,17.826],[81.541,17.825],[81.54,17.824],[81.535,17.824],[81.527,17.823],[81.526,17.822],[81.524,17.821],[81.524,17.82],[81.513,17.818],[81.511,17.818],[81.51,17.818],[81.504,17.818],[81.503,17.818],[81.502,17.818],[81.396,17.82],[81.265,17.811],[81.166,17.858],[81.086,17.798],[81.058,17.733],[80.966,17.78],[80.886,17.736],[80.878,17.651],[81.01,17.644],[80.969,17.598],[81.015,17.522],[81.313,17.408],[81.274,17.317],[81.19,17.325],[81.171,17.231],[80.998,17.19],[80.919,17.22],[80.876,17.074],[80.699,17.084],[80.58,17.153],[80.465,17.03],[80.419,17.092],[80.363,16.976],[80.602,16.919],[80.57,16.768],[80.322,16.88],[80.284,17.007],[80.187,17.02],[80.055,16.971],[79.999,16.865],[80.073,16.817],[79.965,16.645],[79.789,16.729],[79.44,16.615],[79.419,16.58],[79.259,16.567],[79.214,16.485],[79.215,16.226],[79.009,16.24],[78.911,16.188],[78.889,16.085],[78.735,16.008],[78.61,16.087],[78.552,16.043],[78.408,16.075],[78.25,15.934],[78.099,15.836],[77.89,15.906],[77.804,15.874],[77.513,15.927],[77.249,15.965],[77.07,15.908],[77.049,15.73],[77.129,15.666],[77.03,15.635],[77.045,15.356],[77.168,15.259],[77.113,15.034],[76.985,15.015],[76.802,15.095],[76.767,14.975],[76.867,14.97],[76.837,14.791],[76.765,14.602],[76.868,14.474],[76.975,14.485],[76.885,14.348],[76.94,14.245],[77.115,14.223],[77.139,14.34],[77.364,14.276],[77.379,14.323],[77.504,14.264],[77.503,14.157],[77.394,14.174],[77.332,14.031],[77.426,13.986],[77.435,13.92],[77.322,14.03],[77.141,14.004],[77.031,14.056],[77.005,14.184],[76.894,14.168],[76.973,14.084],[76.931,14.03],[77.042,13.933],[76.976,13.817],[77.024,13.779],[77.173,13.762],[77.132,13.846],[77.248,13.901],[77.257,13.847],[77.432,13.843],[77.455,13.682],[77.837,13.87],[77.814,13.931],[77.967,13.96],[77.976,13.83],[78.049,13.896],[78.115,13.863],[78.09,13.659],[78.22,13.593],[78.407,13.577],[78.374,13.509],[78.378,13.363],[78.532,13.267],[78.587,13.281],[78.462,13.043],[78.467,12.975],[78.356,12.941],[78.312,12.859],[78.251,12.857],[78.231,12.761],[78.201,12.692],[78.276,12.702],[78.379,12.625],[78.472,12.632],[78.519,12.736],[78.592,12.783],[78.621,12.991],[78.813,13.089],[79.037,13.071],[79.081,13.026],[79.185,13.03],[79.21,13.148],[79.365,13.131],[79.434,13.19],[79.445,13.302],[79.537,13.339],[79.54,13.272],[79.681,13.288],[79.703,13.222],[79.795,13.242],[79.731,13.283],[79.931,13.351],[80,13.542],[80.242,13.471],[80.269,13.565],[80.233,13.677],[80.254,13.781],[80.15,14.032],[80.129,14.219],[80.172,14.373],[80.193,14.593],[80.095,14.79],[80.047,15.083],[80.11,15.345],[80.2,15.465],[80.235,15.599],[80.346,15.751],[80.497,15.836],[80.727,15.879],[80.811,15.834],[80.81,15.721],[80.937,15.714],[81.008,15.752],[81.005,15.838],[81.148,15.975],[81.214,16.207],[81.257,16.267],[81.392,16.34],[81.487,16.354],[81.717,16.307],[81.949,16.396],[82.298,16.586],[82.362,16.854],[82.25,16.88],[82.288,17.016],[82.422,17.156],[82.726,17.355],[83.149,17.557],[83.343,17.723],[83.421,17.858],[83.569,18.012],[83.695,18.099],[84.128,18.315],[84.147,18.373],[84.356,18.556],[84.551,18.79],[84.604,18.89],[84.761,19.079]],[[84.339,18.79],[84.34,18.778],[84.329,18.787],[84.339,18.79]],[[84.35,18.791],[84.353,18.79],[84.352,18.786],[84.35,18.791]]]},"properties":{"state":"Andhra Pradesh"}},
{"type":"Feature","geometry":{"type":"Polygon","coordinates":[[[95.233,26.681],[95.304,26.651],[95.43,26.7],[95.543,26.836],[95.608,26.813],[95.667,26.903],[95.946,27.052],[96.025,27.18],[96.295,27.292],[96.524,27.286],[96.606,27.365],[96.799,27.343],[96.885,27.259],[96.857,27.192],[97.141,27.094],[97.162,27.14],[96.963,27.402],[96.89,27.607],[97.032,27.749],[97.249,27.899],[97.365,27.875],[97.407,28.019],[97.307,28.07],[97.375,28.22],[97.166,28.292],[97.082,28.352],[96.992,28.304],[96.888,28.378],[96.77,28.361],[96.65,28.45],[96.463,28.407],[96.391,28.327],[96.254,28.398],[96.351,28.461],[96.317,28.517],[96.568,28.699],[96.609,28.78],[96.473,28.977],[96.524,29.066],[96.308,29.001],[96.173,28.892],[96.122,29.071],[96.244,29.152],[96.355,29.175],[96.38,29.281],[96.231,29.245],[96.15,29.399],[96.082,29.461],[95.955,29.384],[95.784,29.358],[95.581,29.213],[95.534,29.213],[95.447,29.031],[95.266,29.052],[95.248,29.109],[95.124,29.115],[94.982,29.17],[94.813,29.165],[94.794,29.223],[94.634,29.346],[94.544,29.221],[94.437,29.226],[94.218,29.082],[94.153,28.962],[93.996,28.843],[93.928,28.67],[93.839,28.707],[93.655,28.66],[93.492,28.683],[93.335,28.634],[93.28,28.507],[93.187,28.434],[93.222,28.328],[93.025,28.305],[92.836,28.176],[92.801,28.205],[92.662,28.072],[92.738,27.988],[92.556,27.817],[92.31,27.778],[92.268,27.864],[92.049,27.758],[91.875,27.723],[91.813,27.799],[91.668,27.853],[91.554,27.846],[91.645,27.77],[91.566,27.583],[91.652,27.483],[92.016,27.481],[92.065,27.327],[92.121,27.272],[92.027,27.168],[92.044,27.051],[92.118,26.974],[92.114,26.894],[92.247,26.908],[92.25,26.908],[92.447,26.959],[92.583,26.96],[92.589,26.962],[92.645,26.988],[92.672,27.032],[92.884,27],[92.982,26.936],[92.984,26.935],[93.193,26.941],[93.195,26.942],[93.226,26.947],[93.23,26.948],[93.262,26.954],[93.268,26.954],[93.4,26.957],[93.406,26.956],[93.59,26.952],[93.594,26.953],[93.698,26.994],[93.827,27.096],[93.827,27.097],[93.826,27.114],[93.825,27.115],[93.866,27.2],[93.87,27.204],[93.899,27.238],[93.899,27.239],[93.9,27.239],[93.904,27.242],[93.907,27.245],[94.041,27.352],[94.042,27.353],[94.157,27.475],[94.268,27.521],[94.21,27.609],[94.21,27.608],[94.242,27.632],[94.266,27.625],[94.274,27.596],[94.274,27.594],[94.289,27.592],[94.289,27.594],[94.432,27.6],[94.463,27.556],[94.464,27.557],[94.582,27.613],[94.583,27.614],[94.584,27.615],[94.592,27.619],[94.599,27.619],[94.672,27.647],[94.673,27.647],[94.816,27.692],[94.817,27.692],[94.852,27.728],[95.234,27.845],[95.241,27.847],[95.38,27.839],[95.515,27.88],[95.586,27.937],[95.588,27.938],[95.807,27.97],[95.814,27.971],[95.971,27.963],[95.926,27.897],[95.915,27.877],[95.914,27.875],[95.911,27.873],[95.91,27.872],[95.911,27.871],[95.892,27.859],[95.855,27.83],[95.854,27.83],[95.849,27.828],[95.843,27.826],[95.778,27.744],[95.778,27.742],[95.767,27.703],[95.768,27.703],[95.785,27.685],[95.773,27.655],[95.778,27.65],[95.783,27.647],[95.792,27.638],[95.792,27.637],[95.789,27.626],[95.782,27.616],[95.783,27.616],[95.795,27.598],[95.799,27.599],[95.8,27.6],[95.809,27.6],[95.841,27.562],[95.846,27.558],[95.862,27.545],[95.863,27.545],[95.869,27.545],[95.87,27.545],[95.885,27.43],[95.884,27.429],[95.901,27.424],[95.903,27.426],[95.951,27.424],[95.952,27.423],[96.018,27.369],[95.916,27.292],[95.915,27.292],[95.857,27.287],[95.853,27.287],[95.746,27.266],[95.726,27.258],[95.725,27.256],[95.66,27.241],[95.653,27.238],[95.634,27.23],[95.63,27.23],[95.629,27.231],[95.628,27.231],[95.628,27.232],[95.622,27.232],[95.621,27.233],[95.619,27.232],[95.618,27.232],[95.618,27.231],[95.617,27.231],[95.616,27.232],[95.615,27.232],[95.613,27.231],[95.613,27.23],[95.611,27.23],[95.611,27.229],[95.611,27.228],[95.61,27.227],[95.609,27.228],[95.608,27.228],[95.608,27.227],[95.607,27.227],[95.607,27.226],[95.606,27.226],[95.605,27.225],[95.604,27.224],[95.602,27.224],[95.601,27.224],[95.6,27.224],[95.6,27.223],[95.599,27.223],[95.598,27.223],[95.597,27.223],[95.596,27.223],[95.595,27.223],[95.594,27.223],[95.593,27.223],[95.592,27.223],[95.591,27.223],[95.59,27.223],[95.588,27.223],[95.575,27.242],[95.575,27.243],[95.572,27.245],[95.561,27.246],[95.561,27.247],[95.542,27.259],[95.541,27.26],[95.507,27.26],[95.507,27.259],[95.486,27.242],[95.484,27.241],[95.472,27.221],[95.46,27.195],[95.461,27.195],[95.453,27.129],[95.367,27.105],[95.368,27.106],[95.369,27.107],[95.367,27.108],[95.352,27.102],[95.35,27.101],[95.31,27.078],[95.308,27.077],[95.262,27.035],[95.198,27.036],[95.197,27.037],[95.193,27.035],[95.231,26.915],[95.181,26.859],[95.241,26.781],[95.233,26.681]]]},"properties":{"state":"Arunachal Pradesh"}},
{"type":"Feature","geometry":{"type":"Polygon","coordinates":[[[95.197,27.037],[95.198,27.036],[95.262,27.035],[95.308,27.077],[95.31,27.078],[95.35,27.101],[95.352,27.102],[95.367,27.108],[95.369,27.107],[95.368,27.106],[95.367,27.105],[95.453,27.129],[95.461,27.195],[95.46,27.195],[95.472,27.221],[95.484,27.241],[95.486,27.242],[95.507,27.259],[95.507,27.26],[95.541,27.26],[95.542,27.259],[95.561,27.247],[95.561,27.246],[95.572,27.245],[95.575,27.243],[95.575,27.242],[95.588,27.223],[95.59,27.223],[95.591,27.223],[95.592,27.223],[95.593,27.223],[95.594,27.223],[95.595,27.223],[95.596,27.223],[95.597,27.223],[95.598,27.223],[95.599,27.223],[95.6,27.223],[95.6,27.224],[95.601,27.224],[95.602,27.224],[95.604,27.224],[95.605,27.225],[95.606,27.226],[95.607,27.226],[95.607,27.227],[95.608,27.227],[95.608,27.228],[95.609,27.228],[95.61,27.227],[95.611,27.228],[95.611,27.229],[95.611,27.23],[95.613,27.23],[95.613,27.231],[95.615,27.232],[95.616,27.232],[95.617,27.231],[95.618,27.231],[95.618,27.232],[95.619,27.232],[95.621,27.233],[95.622,27.232],[95.628,27.232],[95.628,27.231],[95.629,27.231],[95.63,27.23],[95.634,27.23],[95.653,27.238],[95.66,27.241],[95.725,27.256],[95.726,27.258],[95.746,27.266],[95.853,27.287],[95.857,27.287],[95.915,27.292],[95.916,27.292],[96.018,27.369],[95.952,27.423],[95.951,27.424],[95.903,27.426],[95.901,27.424],[95.884,27.429],[95.885,27.43],[95.87,27.545],[95.869,27.545],[95.863,27.545],[95.862,27.545],[95.846,27.558],[95.841,27.562],[95.809,27.6],[95.8,27.6],[95.799,27.599],[95.795,27.598],[95.783,27.616],[95.782,27.616],[95.789,27.626],[95.792,27.637],[95.792,27.638],[95.783,27.647],[95.778,27.65],[95.773,27.655],[95.785,27.685],[95.768,27.703],[95.767,27.703],[95.778,27.742],[95.778,27.744],[95.843,27.826],[95.849,27.828],[95.854,27.83],[95.855,27.83],[95.892,27.859],[95.911,27.871],[95.91,27.872],[95.911,27.873],[95.914,27.875],[95.915,27.877],[95.926,27.897],[95.971,27.963],[95.814,27.971],[95.807,27.97],[95.588,27.938],[95.586,27.937],[95.515,27.88],[95.38,27.839],[95.241,27.847],[95.234,27.845],[94.852,27.728],[94.817,27.692],[94.816,27.692],[94.673,27.647],[94.672,27.647],[94.599,27.619],[94.592,27.619],[94.584,27.615],[94.583,27.614],[94.582,27.613],[94.464,27.557],[94.463,27.556],[94.432,27.6],[94.289,27.594],[94.289,27.592],[94.274,27.594],[94.274,27.596],[94.266,27.625],[94.242,27.632],[94.21,27.608],[94.21,27.609],[94.268,27.521],[94.157,27.475],[94.042,27.353],[94.041,27.352],[93.907,27.245],[93.904,27.242],[93.9,27.239],[93.899,27.239],[93.899,27.238],[93.87,27.204],[93.866,27.2],[93.825,27.115],[93.826,27.114],[93.827,27.097],[93.827,27.096],[93.698,26.994],[93.594,26.953],[93.59,26.952],[93.406,26.956],[93.4,26.957],[93.268,26.954],[93.262,26.954],[93.23,26.948],[93.226,26.947],[93.195,26.942],[93.193,26.941],[92.984,26.935],[92.982,26.936],[92.884,27],[92.672,27.032],[92.645,26.988],[92.589,26.962],[92.583,26.96],[92.447,26.959],[92.25,26.908],[92.247,26.908],[92.114,26.894],[92.057,26.847],[91.892,26.919],[91.721,26.812],[91.495,26.791],[91.408,26.84],[91.337,26.781],[91.098,26.822],[90.992,26.791],[90.693,26.771],[90.547,26.817],[90.417,26.905],[90.231,26.859],[90.195,26.773],[89.863,26.701],[89.869,26.452],[89.751,26.32],[89.719,26.166],[89.887,25.945],[89.833,25.871],[89.834,25.717],[89.883,25.617],[89.852,25.467],[89.871,25.479],[89.872,25.482],[89.874,25.517],[89.873,25.517],[89.878,25.55],[89.931,25.564],[89.978,25.586],[90.019,25.606],[90.02,25.607],[89.937,25.687],[89.899,25.729],[89.899,25.73],[89.894,25.738],[89.905,25.746],[89.906,25.746],[89.938,25.746],[89.957,25.775],[89.951,25.821],[89.954,25.824],[89.954,25.823],[89.954,25.822],[89.966,25.831],[89.966,25.83],[90.018,25.856],[90.012,25.885],[90.015,25.887],[90.018,25.89],[90.019,25.891],[90.022,25.893],[90.023,25.894],[90.043,25.891],[90.055,25.905],[90.056,25.906],[90.087,25.926],[90.102,25.941],[90.106,25.943],[90.105,25.944],[90.113,25.954],[90.118,25.957],[90.192,25.954],[90.209,25.96],[90.21,25.96],[90.211,25.953],[90.212,25.953],[90.422,25.99],[90.422,25.989],[90.442,25.995],[90.444,25.996],[90.476,26.01],[90.489,26.003],[90.534,25.939],[90.531,25.935],[90.526,25.905],[90.53,25.907],[90.588,25.958],[90.589,25.958],[90.629,25.918],[90.747,25.95],[90.748,25.95],[90.744,25.933],[90.746,25.93],[90.788,25.929],[90.796,25.941],[90.828,25.948],[90.889,25.943],[90.927,25.942],[90.931,25.941],[91.012,25.884],[91.014,25.884],[91.029,25.887],[91.03,25.886],[91.031,25.886],[91.004,25.829],[91.004,25.828],[91.002,25.825],[91.001,25.825],[91.022,25.824],[91.047,25.849],[91.074,25.844],[91.074,25.843],[91.091,25.831],[91.102,25.832],[91.104,25.832],[91.196,25.857],[91.178,25.777],[91.246,25.733],[91.265,25.746],[91.281,25.759],[91.293,25.775],[91.294,25.775],[91.343,25.837],[91.445,25.84],[91.495,25.894],[91.496,25.894],[91.514,25.913],[91.515,25.913],[91.537,25.932],[91.505,25.911],[91.505,25.912],[91.547,25.975],[91.553,25.988],[91.554,25.989],[91.622,26.024],[91.623,26.024],[91.63,25.943],[91.614,25.936],[91.694,25.929],[91.702,25.941],[91.703,25.941],[91.725,26.046],[91.825,26.119],[91.834,26.116],[91.843,26.11],[91.844,26.11],[91.879,26.032],[91.91,26.009],[91.932,26.012],[91.967,26.021],[91.974,26.024],[91.989,26.038],[91.99,26.038],[91.995,26.038],[91.996,26.038],[92.045,26.035],[92.045,26.034],[92.061,26.035],[92.065,26.034],[92.065,26.035],[92.097,26.049],[92.098,26.049],[92.103,26.05],[92.104,26.05],[92.271,26.066],[92.272,26.065],[92.265,26.053],[92.245,26.018],[92.244,26.018],[92.23,26.008],[92.217,26.005],[92.162,25.967],[92.162,25.966],[92.186,25.877],[92.184,25.877],[92.18,25.874],[92.179,25.874],[92.149,25.801],[92.149,25.8],[92.155,25.755],[92.155,25.754],[92.163,25.74],[92.162,25.739],[92.15,25.726],[92.206,25.695],[92.208,25.695],[92.232,25.715],[92.232,25.714],[92.304,25.722],[92.305,25.723],[92.396,25.741],[92.4,25.741],[92.408,25.742],[92.409,25.742],[92.42,25.731],[92.421,25.731],[92.445,25.717],[92.45,25.686],[92.45,25.685],[92.507,25.62],[92.506,25.619],[92.51,25.616],[92.511,25.616],[92.546,25.613],[92.547,25.613],[92.556,25.608],[92.555,25.606],[92.555,25.596],[92.591,25.553],[92.592,25.552],[92.641,25.534],[92.64,25.533],[92.574,25.49],[92.651,25.426],[92.651,25.422],[92.661,25.407],[92.662,25.406],[92.716,25.374],[92.717,25.373],[92.734,25.374],[92.736,25.367],[92.769,25.337],[92.781,25.306],[92.784,25.299],[92.764,25.243],[92.765,25.243],[92.766,25.242],[92.77,25.236],[92.771,25.236],[92.771,25.235],[92.771,25.233],[92.771,25.231],[92.751,25.204],[92.75,25.204],[92.738,25.201],[92.669,25.176],[92.658,25.172],[92.658,25.17],[92.639,25.148],[92.638,25.147],[92.628,25.129],[92.546,25.131],[92.527,25.135],[92.497,25.11],[92.496,25.109],[92.48,25.106],[92.479,25.106],[92.477,25.082],[92.476,25.08],[92.469,25.066],[92.425,25.03],[92.492,24.876],[92.385,24.853],[92.297,24.916],[92.233,24.9],[92.296,24.736],[92.213,24.504],[92.274,24.389],[92.213,24.25],[92.29,24.252],[92.297,24.253],[92.299,24.253],[92.3,24.253],[92.423,24.255],[92.422,24.251],[92.421,24.199],[92.478,24.142],[92.48,24.144],[92.487,24.162],[92.489,24.163],[92.49,24.163],[92.492,24.161],[92.494,24.16],[92.495,24.16],[92.512,24.166],[92.522,24.173],[92.523,24.173],[92.53,24.179],[92.537,24.2],[92.541,24.204],[92.547,24.236],[92.547,24.237],[92.556,24.247],[92.583,24.25],[92.594,24.25],[92.604,24.248],[92.605,24.248],[92.608,24.251],[92.623,24.329],[92.693,24.364],[92.694,24.364],[92.763,24.521],[92.764,24.521],[92.802,24.423],[92.813,24.409],[92.836,24.378],[92.998,24.4],[93.004,24.406],[93.037,24.499],[93.049,24.518],[93.049,24.543],[93.071,24.557],[93.071,24.558],[93.103,24.581],[93.083,24.649],[93.076,24.711],[93.076,24.712],[93.082,24.709],[93.083,24.709],[93.089,24.713],[93.093,24.725],[93.097,24.731],[93.102,24.737],[93.099,24.744],[93.104,24.768],[93.104,24.769],[93.1,24.778],[93.103,24.78],[93.105,24.79],[93.13,24.806],[93.133,24.808],[93.149,24.787],[93.15,24.787],[93.18,24.802],[93.193,24.843],[93.202,24.852],[93.203,24.851],[93.212,24.859],[93.223,24.873],[93.227,24.882],[93.23,24.888],[93.23,24.892],[93.23,24.895],[93.23,24.896],[93.238,24.899],[93.239,24.899],[93.235,24.912],[93.246,24.912],[93.248,24.914],[93.241,24.929],[93.241,24.93],[93.237,24.935],[93.237,24.937],[93.237,24.938],[93.244,24.941],[93.25,24.94],[93.247,24.945],[93.246,24.95],[93.246,24.951],[93.247,24.952],[93.252,24.974],[93.25,24.973],[93.249,24.977],[93.259,25],[93.249,25.002],[93.244,25],[93.244,25.003],[93.247,25.014],[93.26,25.036],[93.259,25.037],[93.266,25.044],[93.264,25.046],[93.279,25.048],[93.281,25.048],[93.299,25.046],[93.301,25.05],[93.302,25.054],[93.303,25.061],[93.303,25.062],[93.304,25.066],[93.309,25.075],[93.333,25.099],[93.333,25.1],[93.336,25.107],[93.337,25.111],[93.341,25.113],[93.341,25.118],[93.345,25.123],[93.344,25.135],[93.346,25.146],[93.345,25.158],[93.344,25.16],[93.344,25.161],[93.349,25.176],[93.35,25.179],[93.351,25.181],[93.357,25.188],[93.358,25.19],[93.36,25.193],[93.366,25.203],[93.366,25.204],[93.366,25.205],[93.37,25.209],[93.373,25.212],[93.374,25.212],[93.373,25.214],[93.377,25.218],[93.378,25.22],[93.379,25.221],[93.382,25.224],[93.384,25.23],[93.389,25.246],[93.4,25.259],[93.401,25.26],[93.412,25.263],[93.413,25.263],[93.417,25.268],[93.418,25.27],[93.419,25.271],[93.419,25.273],[93.419,25.275],[93.42,25.275],[93.42,25.276],[93.42,25.277],[93.422,25.278],[93.423,25.278],[93.424,25.279],[93.427,25.28],[93.427,25.281],[93.427,25.282],[93.427,25.283],[93.428,25.283],[93.429,25.283],[93.43,25.283],[93.432,25.284],[93.433,25.285],[93.434,25.285],[93.434,25.286],[93.435,25.287],[93.436,25.288],[93.437,25.288],[93.438,25.288],[93.439,25.288],[93.442,25.289],[93.446,25.291],[93.447,25.291],[93.448,25.292],[93.449,25.292],[93.449,25.291],[93.449,25.292],[93.45,25.292],[93.451,25.292],[93.452,25.292],[93.455,25.293],[93.456,25.294],[93.457,25.295],[93.458,25.295],[93.458,25.296],[93.459,25.296],[93.459,25.297],[93.459,25.298],[93.46,25.298],[93.461,25.299],[93.462,25.3],[93.462,25.301],[93.463,25.302],[93.464,25.302],[93.465,25.302],[93.466,25.302],[93.466,25.301],[93.466,25.302],[93.468,25.302],[93.469,25.303],[93.471,25.305],[93.469,25.307],[93.436,25.448],[93.409,25.449],[93.389,25.473],[93.389,25.474],[93.389,25.475],[93.387,25.483],[93.336,25.537],[93.423,25.626],[93.478,25.647],[93.48,25.645],[93.52,25.692],[93.569,25.759],[93.57,25.759],[93.584,25.758],[93.644,25.819],[93.645,25.819],[93.69,25.908],[93.74,25.93],[93.747,25.935],[93.748,25.935],[93.765,25.954],[93.764,25.952],[93.767,25.955],[93.776,25.969],[93.777,25.969],[93.783,25.951],[93.79,25.811],[93.967,25.906],[93.971,25.913],[93.978,25.924],[93.957,25.998],[93.955,26],[93.989,26.088],[93.987,26.13],[93.987,26.131],[93.997,26.153],[93.997,26.154],[94.001,26.172],[94.002,26.174],[94.101,26.31],[94.101,26.311],[94.1,26.312],[94.1,26.313],[94.131,26.331],[94.133,26.333],[94.203,26.475],[94.284,26.561],[94.294,26.471],[94.294,26.47],[94.298,26.467],[94.299,26.467],[94.341,26.483],[94.341,26.484],[94.349,26.49],[94.349,26.491],[94.374,26.511],[94.372,26.513],[94.405,26.553],[94.408,26.592],[94.406,26.591],[94.409,26.613],[94.446,26.631],[94.45,26.635],[94.451,26.635],[94.458,26.654],[94.46,26.66],[94.508,26.68],[94.509,26.68],[94.508,26.685],[94.509,26.685],[94.52,26.694],[94.521,26.694],[94.521,26.699],[94.526,26.699],[94.527,26.699],[94.56,26.688],[94.567,26.684],[94.568,26.684],[94.585,26.698],[94.594,26.715],[94.601,26.713],[94.602,26.713],[94.602,26.719],[94.593,26.723],[94.608,26.737],[94.609,26.737],[94.608,26.729],[94.609,26.729],[94.74,26.774],[94.74,26.775],[94.789,26.796],[94.819,26.846],[94.835,26.861],[94.835,26.862],[94.858,26.892],[94.859,26.893],[94.873,26.917],[94.874,26.917],[94.905,26.935],[94.907,26.936],[94.924,26.946],[94.982,26.913],[95.106,26.965],[95.107,26.967],[95.15,26.999],[95.193,27.035],[95.197,27.037]]]},"properties":{"state":"Assam"}},
{"type":"Feature","geometry":{"type":"Polygon","coordinates":[[[88.11,26.549],[88.096,26.44],[87.992,26.371],[87.888,26.487],[87.79,26.469],[87.765,26.41],[87.678,26.435],[87.587,26.382],[87.467,26.44],[87.341,26.348],[87.266,26.406],[87.092,26.45],[87.072,26.586],[86.834,26.439],[86.747,26.428],[86.572,26.496],[86.542,26.539],[86.342,26.606],[86.136,26.606],[86.03,26.666],[85.858,26.569],[85.726,26.671],[85.734,26.796],[85.624,26.874],[85.335,26.742],[85.197,26.771],[85.193,26.866],[85.024,26.854],[85.054,26.889],[84.963,26.961],[84.643,27.046],[84.69,27.223],[84.622,27.337],[84.283,27.397],[84.254,27.454],[84.105,27.521],[84.052,27.443],[83.833,27.426],[83.864,27.347],[83.994,27.175],[83.956,27.084],[84.046,27.046],[84.036,26.946],[84.083,26.877],[84.219,26.871],[84.233,26.754],[84.306,26.75],[84.42,26.626],[84.285,26.6],[84.087,26.639],[84.048,26.536],[83.906,26.512],[83.911,26.45],[84.176,26.373],[84.177,26.265],[84.02,26.239],[84.056,26.1],[84.312,25.944],[84.534,25.876],[84.635,25.728],[84.561,25.684],[84.337,25.744],[84.324,25.67],[84.206,25.67],[84.089,25.713],[84.081,25.636],[83.876,25.518],[83.768,25.386],[83.524,25.303],[83.357,25.2],[83.32,25.017],[83.351,25.009],[83.391,24.789],[83.53,24.642],[83.503,24.525],[83.755,24.509],[83.933,24.547],[83.998,24.638],[84.052,24.611],[84.111,24.477],[84.188,24.553],[84.297,24.56],[84.291,24.466],[84.501,24.288],[84.583,24.413],[84.665,24.391],[84.686,24.456],[84.802,24.531],[84.887,24.463],[84.909,24.384],[85.031,24.416],[85.099,24.373],[85.153,24.455],[85.282,24.52],[85.498,24.546],[85.581,24.601],[85.678,24.591],[85.667,24.661],[85.735,24.82],[85.89,24.793],[85.97,24.733],[86.055,24.78],[86.129,24.699],[86.158,24.587],[86.323,24.586],[86.276,24.466],[86.445,24.368],[86.529,24.544],[86.615,24.609],[86.669,24.566],[86.807,24.599],[86.88,24.574],[86.957,24.649],[87.051,24.608],[87.146,25.009],[87.25,25.105],[87.296,25.088],[87.328,25.224],[87.478,25.194],[87.487,25.296],[87.552,25.333],[87.692,25.312],[87.711,25.258],[87.763,25.266],[87.819,25.242],[87.852,25.295],[87.764,25.386],[87.866,25.497],[87.959,25.539],[88.073,25.484],[88.021,25.571],[88.05,25.702],[87.903,25.776],[87.913,25.852],[87.831,25.871],[87.855,26.035],[87.982,26.073],[87.97,26.121],[88.278,26.325],[88.283,26.378],[88.183,26.504],[88.235,26.545],[88.11,26.549]]]},"properties":{"state":"Bihar"}},
{"type":"Feature","geometry":{"type":"Polygon","coordinates":[[[76.783,30.789],[76.712,30.762],[76.777,30.67],[76.829,30.681],[76.838,30.755],[76.783,30.789]]]},"properties":{"state":"Chandigarh"}},
{"type":"Feature","geometry":{"type":"Polygon","coordinates":[[[81.396,17.82],[81.448,17.889],[81.526,18.16],[81.531,18.265],[81.66,18.347],[81.75,18.354],[81.769,18.418],[81.963,18.595],[81.896,18.629],[81.965,18.693],[82.085,18.719],[82.156,18.785],[82.175,18.901],[82.246,18.919],[82.149,19.353],[82.1,19.517],[82.029,19.508],[82.066,19.783],[81.852,19.923],[81.865,20.027],[81.946,20.105],[82.022,20.024],[82.07,20.057],[82.184,19.984],[82.269,19.975],[82.344,19.835],[82.418,19.904],[82.604,19.866],[82.583,19.779],[82.704,19.832],[82.718,19.989],[82.401,20.055],[82.391,20.162],[82.438,20.434],[82.334,20.569],[82.377,20.632],[82.34,20.847],[82.47,20.834],[82.488,20.909],[82.63,21.04],[82.637,21.148],[82.948,21.162],[83.132,21.106],[83.198,21.145],[83.218,21.255],[83.279,21.295],[83.274,21.377],[83.39,21.343],[83.355,21.448],[83.37,21.6],[83.489,21.748],[83.494,21.817],[83.579,21.831],[83.537,22.044],[83.628,22.204],[83.758,22.24],[83.866,22.343],[84.005,22.374],[84.047,22.469],[84.009,22.526],[84.024,22.592],[84.238,22.692],[84.38,22.972],[84.149,22.965],[84.133,23.083],[84.032,23.158],[84.063,23.207],[84.051,23.374],[83.969,23.367],[84.015,23.504],[84.014,23.634],[83.94,23.57],[83.772,23.611],[83.708,23.817],[83.569,23.867],[83.516,24.027],[83.33,24.102],[83.142,23.885],[82.954,23.871],[82.81,23.963],[82.662,23.908],[82.551,23.791],[82.207,23.827],[82.082,23.816],[82.009,23.861],[81.815,23.806],[81.725,23.84],[81.667,23.925],[81.61,23.904],[81.696,23.721],[81.62,23.651],[81.639,23.478],[81.746,23.57],[81.821,23.515],[81.923,23.533],[81.987,23.414],[82.102,23.398],[82.199,23.314],[82.145,23.227],[82.161,23.143],[81.922,23.041],[81.95,22.983],[81.869,22.895],[81.776,22.874],[81.772,22.676],[81.653,22.619],[81.622,22.538],[81.522,22.539],[81.396,22.44],[81.327,22.526],[81.232,22.452],[81.194,22.491],[81.11,22.436],[81.118,22.29],[81.023,22.229],[80.995,22.049],[80.908,22.11],[80.832,21.891],[80.815,21.755],[80.747,21.756],[80.715,21.665],[80.735,21.461],[80.66,21.334],[80.643,21.25],[80.464,21.175],[80.426,21.006],[80.464,20.929],[80.542,20.93],[80.588,20.683],[80.481,20.618],[80.632,20.598],[80.626,20.332],[80.395,20.245],[80.43,20.136],[80.552,20.118],[80.524,19.934],[80.408,19.913],[80.506,19.87],[80.587,19.741],[80.676,19.699],[80.67,19.609],[80.895,19.52],[80.813,19.434],[80.853,19.364],[80.76,19.291],[80.623,19.306],[80.579,19.401],[80.486,19.341],[80.394,19.189],[80.328,19.135],[80.274,18.932],[80.351,18.815],[80.244,18.756],[80.273,18.723],[80.347,18.595],[80.457,18.63],[80.638,18.523],[80.735,18.413],[80.792,18.251],[80.737,18.177],[80.866,18.233],[80.867,18.14],[80.958,18.177],[80.949,18.085],[81.008,17.798],[81.086,17.798],[81.166,17.858],[81.265,17.811],[81.396,17.82]]]},"properties":{"state":"Chhattisgarh"}},
{"type":"Feature","geometry":{"type":"MultiPolygon","coordinates":[[[[73.218,20.186],[73.053,20.204],[73.165,20.309],[73.09,20.352],[73.036,20.292],[72.981,20.29],[72.963,20.271],[72.931,20.295],[72.917,20.281],[72.912,20.27],[72.924,20.256],[72.931,20.244],[72.958,20.235],[72.966,20.225],[72.961,20.134],[72.997,20.141],[73.056,20.099],[73.138,20.084],[73.15,20.078],[73.158,20.063],[73.165,20.056],[73.178,20.051],[73.178,20.05],[73.179,20.049],[73.179,20.048],[73.18,20.049],[73.181,20.049],[73.182,20.049],[73.183,20.05],[73.184,20.05],[73.184,20.051],[73.189,20.051],[73.19,20.05],[73.191,20.051],[73.192,20.05],[73.193,20.05],[73.193,20.051],[73.193,20.054],[73.187,20.059],[73.189,20.077],[73.197,20.076],[73.2,20.078],[73.202,20.078],[73.204,20.079],[73.211,20.086],[73.212,20.089],[73.213,20.091],[73.215,20.119],[73.202,20.12],[73.187,20.129],[73.19,20.164],[73.218,20.186]]],[[[72.87,20.463],[72.826,20.366],[72.897,20.38],[72.898,20.421],[72.87,20.414],[72.868,20.416],[72.86,20.417],[72.858,20.419],[72.857,20.419],[72.857,20.42],[72.857,20.421],[72.858,20.423],[72.862,20.428],[72.865,20.429],[72.875,20.445],[72.877,20.445],[72.879,20.442],[72.89,20.439],[72.888,20.461],[72.87,20.463]]],[[[70.937,20.73],[70.902,20.701],[70.998,20.713],[70.937,20.73]]],[[[71.011,20.739],[70.985,20.729],[70.992,20.725],[71.011,20.739]]],[[[71.149,20.758],[71.158,20.762],[71.146,20.763],[71.149,20.758]]]]},"properties":{"state":"Dadra and Nagar Haveli and Daman and Diu"}},
{"type":"Feature","geometry":{"type":"Polygon","coordinates":[[[77.21,28.858],[77.061,28.871],[76.942,28.798],[76.956,28.672],[76.845,28.55],[76.952,28.504],[77.014,28.541],[77.117,28.485],[77.116,28.484],[77.174,28.405],[77.345,28.513],[77.3,28.577],[77.331,28.713],[77.259,28.753],[77.256,28.754],[77.256,28.756],[77.21,28.858]]]},"properties":{"state":"Delhi"}},
{"type":"Feature","geometry":{"type":"Polygon","coordinates":[[[73.879,15.772],[73.856,15.801],[73.854,15.799],[73.854,15.798],[73.853,15.798],[73.853,15.797],[73.847,15.787],[73.852,15.781],[73.851,15.781],[73.83,15.765],[73.829,15.764],[73.829,15.763],[73.83,15.762],[73.83,15.761],[73.831,15.76],[73.831,15.757],[73.831,15.755],[73.831,15.752],[73.828,15.749],[73.827,15.747],[73.826,15.745],[73.826,15.743],[73.825,15.741],[73.809,15.743],[73.809,15.742],[73.807,15.739],[73.807,15.738],[73.789,15.734],[73.789,15.733],[73.789,15.729],[73.788,15.727],[73.787,15.727],[73.786,15.726],[73.76,15.734],[73.759,15.735],[73.737,15.733],[73.736,15.732],[73.735,15.731],[73.732,15.727],[73.732,15.725],[73.731,15.722],[73.73,15.721],[73.713,15.725],[73.711,15.726],[73.708,15.724],[73.703,15.723],[73.684,15.73],[73.681,15.73],[73.675,15.727],[73.782,15.411],[73.901,15.311],[73.983,15.05],[74.086,14.901],[74.183,14.949],[74.184,14.948],[74.252,14.994],[74.252,14.995],[74.317,15.184],[74.296,15.23],[74.294,15.231],[74.287,15.233],[74.281,15.236],[74.288,15.284],[74.293,15.285],[74.331,15.288],[74.336,15.295],[74.276,15.447],[74.275,15.449],[74.252,15.499],[74.253,15.501],[74.254,15.501],[74.254,15.502],[74.281,15.526],[74.282,15.526],[74.282,15.527],[74.26,15.562],[74.259,15.562],[74.249,15.575],[74.25,15.577],[74.249,15.58],[74.26,15.592],[74.26,15.593],[74.26,15.606],[74.26,15.607],[74.261,15.608],[74.262,15.608],[74.239,15.663],[74.238,15.664],[74.23,15.666],[74.228,15.665],[74.215,15.663],[74.216,15.66],[74.175,15.679],[74.175,15.678],[74.174,15.677],[74.174,15.676],[74.173,15.675],[74.167,15.671],[74.167,15.67],[74.166,15.654],[74.164,15.654],[74.157,15.653],[74.155,15.651],[74.154,15.65],[74.127,15.651],[74.125,15.651],[74.118,15.652],[74.118,15.651],[74.116,15.649],[74.113,15.646],[74.104,15.645],[74.102,15.643],[74.087,15.638],[74.086,15.637],[74.084,15.636],[74.082,15.633],[74.079,15.631],[74.059,15.627],[74.058,15.626],[74.031,15.622],[74.029,15.618],[74.028,15.617],[74.027,15.612],[74.026,15.61],[74.022,15.607],[74.021,15.606],[74.02,15.606],[74.018,15.607],[74.009,15.61],[74.008,15.61],[74.004,15.612],[73.978,15.627],[73.973,15.628],[73.967,15.661],[73.967,15.663],[73.963,15.674],[73.963,15.676],[73.953,15.699],[73.944,15.698],[73.944,15.699],[73.946,15.699],[73.947,15.7],[73.95,15.711],[73.95,15.712],[73.951,15.713],[73.952,15.713],[73.952,15.714],[73.941,15.738],[73.94,15.739],[73.915,15.745],[73.913,15.746],[73.908,15.748],[73.907,15.747],[73.906,15.746],[73.899,15.745],[73.894,15.747],[73.893,15.748],[73.892,15.748],[73.89,15.749],[73.889,15.749],[73.874,15.752],[73.873,15.754],[73.872,15.759],[73.873,15.76],[73.874,15.762],[73.875,15.763],[73.876,15.764],[73.875,15.768],[73.876,15.768],[73.877,15.768],[73.878,15.771],[73.879,15.772]]]},"properties":{"state":"Goa"}},
{"type":"Feature","geometry":{"type":"Polygon","coordinates":[[[73.053,20.204],[73.218,20.186],[73.211,20.121],[73.302,20.21],[73.417,20.198],[73.403,20.386],[73.474,20.583],[73.392,20.649],[73.475,20.72],[73.67,20.563],[73.838,20.621],[73.874,20.73],[73.942,20.742],[73.917,20.908],[73.717,21.141],[73.816,21.174],[73.822,21.269],[73.942,21.3],[73.945,21.381],[74.05,21.453],[74.321,21.499],[74.33,21.553],[74.2,21.532],[74.176,21.569],[73.96,21.541],[73.852,21.498],[73.788,21.634],[73.888,21.653],[73.796,21.825],[74.147,21.953],[74.097,21.999],[74.179,22.086],[74.128,22.095],[74.122,22.21],[74.072,22.219],[74.072,22.361],[74.19,22.32],[74.267,22.406],[74.151,22.456],[74.105,22.43],[74.075,22.551],[74.134,22.52],[74.277,22.646],[74.379,22.635],[74.465,22.816],[74.459,22.911],[74.393,22.897],[74.324,23.061],[74.247,23.184],[74.128,23.176],[74.139,23.266],[74.038,23.295],[73.962,23.381],[73.888,23.356],[73.819,23.438],[73.721,23.41],[73.627,23.449],[73.656,23.621],[73.569,23.653],[73.523,23.607],[73.354,23.852],[73.42,23.925],[73.405,24.041],[73.327,24.11],[73.282,24.019],[73.193,24.041],[73.067,24.195],[73.152,24.354],[73.076,24.397],[73.086,24.499],[72.969,24.453],[72.978,24.374],[72.733,24.364],[72.681,24.465],[72.537,24.52],[72.457,24.415],[72.442,24.515],[72.165,24.621],[72.085,24.707],[71.94,24.634],[71.872,24.682],[71.655,24.639],[71.478,24.68],[71.288,24.616],[71.261,24.625],[71.096,24.689],[70.986,24.596],[70.998,24.444],[71.12,24.402],[70.878,24.302],[70.909,24.263],[70.805,24.221],[70.571,24.252],[70.573,24.422],[70.11,24.295],[70.025,24.171],[69.731,24.171],[69.594,24.292],[69.503,24.268],[69.313,24.281],[69.194,24.236],[69.095,24.274],[68.985,24.228],[68.945,24.302],[68.857,24.214],[68.831,24.311],[68.765,24.296],[68.753,23.972],[68.352,23.982],[68.211,23.878],[68.201,23.675],[68.126,23.61],[68.33,23.584],[68.432,23.728],[68.619,23.75],[68.4,23.613],[68.411,23.435],[68.521,23.429],[68.499,23.368],[68.592,23.334],[68.531,23.288],[68.761,23.079],[68.862,23.032],[68.963,23.062],[68.932,22.988],[69.195,22.839],[69.469,22.798],[69.712,22.806],[69.932,22.897],[70.082,22.922],[70.22,23.146],[70.312,23.216],[70.505,23.176],[70.749,23.216],[70.735,23.155],[70.593,23.055],[70.418,22.84],[70.376,22.908],[70.221,22.664],[70.125,22.553],[70.038,22.562],[69.804,22.464],[69.731,22.485],[69.701,22.396],[69.617,22.346],[69.543,22.377],[69.135,22.224],[69.195,22.422],[69.034,22.394],[69.006,22.44],[68.936,22.312],[68.954,22.245],[69.284,21.894],[69.602,21.638],[70.098,21.108],[70.32,20.928],[70.585,20.782],[70.822,20.692],[70.891,20.733],[70.988,20.745],[71.042,20.735],[71.05,20.731],[71.224,20.817],[71.178,20.919],[71.264,20.993],[71.336,20.933],[71.509,20.942],[71.75,21],[71.801,21.059],[72.113,21.197],[72.12,21.286],[72.259,21.5],[72.428,21.5],[72.474,21.41],[72.601,21.389],[72.638,21.211],[72.621,21.094],[72.67,21.115],[72.855,20.75],[72.897,20.593],[72.888,20.461],[72.89,20.439],[72.879,20.442],[72.877,20.445],[72.875,20.445],[72.865,20.429],[72.862,20.428],[72.858,20.423],[72.857,20.421],[72.857,20.42],[72.857,20.419],[72.858,20.419],[72.86,20.417],[72.868,20.416],[72.87,20.414],[72.898,20.421],[72.897,20.38],[72.79,20.348],[72.742,20.241],[72.747,20.13],[72.794,20.123],[72.859,20.225],[72.962,20.209],[72.958,20.235],[72.931,20.244],[72.912,20.269],[72.912,20.276],[72.917,20.281],[72.931,20.295],[72.963,20.271],[72.981,20.29],[73.036,20.292],[73.09,20.352],[73.166,20.309],[73.053,20.204]]]},"properties":{"state":"Gujarat"}},
{"type":"Feature","geometry":{"type":"Polygon","coordinates":[[[76.829,30.681],[76.926,30.61],[76.9,30.449],[76.896,30.36],[76.896,30.362],[76.847,30.438],[76.713,30.388],[76.731,30.346],[76.61,30.27],[76.64,30.15],[76.547,30.076],[76.4,30.117],[76.217,30.123],[76.203,29.99],[76.202,29.989],[76.197,29.963],[76.193,29.962],[76.193,29.961],[76.175,29.931],[76.174,29.93],[76.188,29.915],[76.199,29.885],[76.208,29.886],[76.209,29.886],[76.213,29.887],[76.226,29.884],[76.239,29.879],[76.24,29.879],[76.247,29.875],[76.222,29.848],[76.163,29.818],[76.124,29.791],[76.117,29.802],[76.097,29.81],[76.043,29.743],[75.87,29.749],[75.835,29.815],[75.716,29.803],[75.688,29.762],[75.561,29.771],[75.56,29.771],[75.462,29.808],[75.235,29.542],[75.182,29.629],[75.21,29.833],[75.165,29.782],[75.109,29.871],[75.11,29.872],[75.114,29.878],[75.115,29.879],[74.99,29.868],[74.923,29.952],[74.806,29.992],[74.588,29.918],[74.532,29.949],[74.527,29.943],[74.561,29.87],[74.477,29.745],[74.616,29.752],[74.543,29.468],[74.607,29.355],[74.782,29.358],[74.851,29.404],[74.938,29.362],[74.962,29.28],[75.05,29.286],[75.12,29.223],[75.34,29.283],[75.411,29.256],[75.391,29.063],[75.527,28.971],[75.473,28.923],[75.561,28.613],[75.788,28.454],[75.777,28.4],[75.918,28.372],[76.026,28.275],[76.095,28.151],[75.946,28.108],[75.977,28.031],[75.971,27.852],[76.225,27.833],[76.168,27.903],[76.178,28.046],[76.357,28.144],[76.476,28.149],[76.448,28.089],[76.544,28.034],[76.545,27.964],[76.668,28.014],[76.657,28.089],[76.875,28.218],[76.971,28.138],[76.931,27.993],[76.936,27.829],[76.891,27.695],[76.979,27.654],[77,27.737],[77.086,27.738],[77.045,27.822],[77.284,27.801],[77.529,27.926],[77.474,28.087],[77.512,28.125],[77.478,28.419],[77.345,28.513],[77.174,28.405],[77.116,28.484],[77.117,28.485],[77.014,28.541],[76.952,28.504],[76.845,28.55],[76.956,28.672],[76.942,28.798],[77.061,28.871],[77.21,28.858],[77.233,28.919],[77.134,29.095],[77.16,29.337],[77.086,29.584],[77.157,29.693],[77.186,29.908],[77.276,30.038],[77.406,30.089],[77.587,30.314],[77.586,30.38],[77.519,30.443],[77.422,30.41],[77.27,30.481],[77.212,30.465],[77.123,30.563],[77.167,30.684],[77.03,30.734],[77.011,30.811],[76.917,30.901],[76.777,30.904],[76.847,30.834],[76.838,30.755],[76.829,30.681]]]},"properties":{"state":"Haryana"}},
{"type":"Feature","geometry":{"type":"Polygon","coordinates":[[[77.586,30.38],[77.576,30.397],[77.819,30.508],[77.743,30.596],[77.791,30.661],[77.704,30.766],[77.811,31.059],[77.908,31.154],[78.03,31.151],[78.16,31.226],[78.384,31.282],[78.484,31.199],[78.58,31.226],[78.66,31.191],[78.81,31.198],[78.89,31.097],[79.009,31.11],[78.884,31.287],[78.81,31.448],[78.731,31.534],[78.846,31.608],[78.754,31.678],[78.702,31.805],[78.778,31.995],[78.59,32.151],[78.605,32.215],[78.452,32.239],[78.532,32.416],[78.412,32.522],[78.328,32.444],[78.283,32.469],[78.284,32.472],[78.285,32.472],[78.286,32.473],[78.288,32.474],[78.289,32.475],[78.289,32.477],[78.289,32.478],[78.288,32.479],[78.287,32.481],[78.286,32.482],[78.284,32.483],[78.291,32.491],[78.291,32.493],[78.29,32.496],[78.279,32.508],[78.299,32.53],[78.297,32.577],[78.385,32.62],[78.363,32.672],[78.377,32.718],[78.355,32.757],[78.31,32.737],[78.307,32.733],[78.307,32.732],[78.308,32.731],[78.311,32.728],[78.315,32.721],[78.315,32.716],[78.312,32.709],[78.301,32.703],[78.289,32.699],[78.276,32.699],[78.275,32.699],[78.255,32.692],[78.254,32.691],[78.253,32.69],[78.253,32.689],[78.252,32.688],[78.252,32.687],[78.25,32.68],[78.245,32.671],[78.244,32.672],[78.243,32.672],[78.24,32.671],[78.239,32.671],[78.229,32.666],[78.218,32.662],[78.2,32.66],[78.197,32.666],[78.196,32.666],[78.195,32.667],[78.193,32.667],[78.184,32.664],[78.174,32.675],[78.173,32.675],[78.172,32.675],[78.169,32.675],[78.161,32.673],[78.16,32.673],[78.153,32.667],[78.152,32.666],[78.148,32.658],[78.148,32.657],[78.148,32.656],[78.148,32.655],[78.147,32.654],[78.147,32.653],[78.146,32.653],[78.146,32.652],[78.145,32.652],[78.143,32.645],[78.138,32.639],[78.132,32.639],[78.126,32.644],[78.124,32.644],[78.116,32.642],[78.104,32.653],[78.103,32.654],[78.102,32.654],[78.101,32.654],[78.101,32.653],[78.096,32.649],[78.095,32.649],[78.095,32.648],[78.094,32.648],[78.094,32.647],[78.095,32.645],[78.096,32.644],[78.096,32.643],[78.096,32.642],[78.096,32.641],[78.098,32.638],[78.099,32.636],[78.099,32.635],[78.099,32.63],[78.082,32.621],[78.075,32.621],[78.064,32.624],[78.063,32.624],[78.059,32.625],[78.053,32.626],[78.049,32.623],[78.049,32.621],[78.051,32.613],[78.051,32.612],[78.053,32.608],[78.053,32.607],[78.058,32.602],[78.058,32.596],[78.052,32.588],[78.034,32.583],[78.003,32.585],[77.999,32.583],[77.994,32.587],[77.993,32.588],[77.992,32.588],[77.988,32.588],[77.983,32.587],[77.903,32.693],[77.91,32.77],[77.768,32.859],[77.791,32.904],[77.712,32.97],[77.684,32.978],[77.682,32.977],[77.682,32.976],[77.682,32.974],[77.681,32.972],[77.678,32.969],[77.678,32.968],[77.677,32.968],[77.677,32.967],[77.677,32.966],[77.675,32.965],[77.675,32.964],[77.674,32.964],[77.674,32.962],[77.674,32.961],[77.675,32.961],[77.67,32.957],[77.64,32.942],[77.6,32.936],[77.374,32.824],[77.361,32.817],[77.35,32.815],[77.339,32.816],[77.338,32.817],[77.337,32.818],[77.336,32.819],[77.322,32.822],[77.308,32.85],[77.239,32.865],[77.146,32.914],[77.134,32.979],[76.999,32.99],[76.918,33.034],[76.804,33.156],[76.627,33.162],[76.581,33.207],[76.488,33.18],[76.413,33.186],[76.409,33.186],[76.407,33.184],[76.405,33.183],[76.404,33.182],[76.403,33.182],[76.402,33.181],[76.401,33.179],[76.398,33.175],[76.397,33.174],[76.395,33.174],[76.394,33.173],[76.389,33.171],[76.386,33.168],[76.384,33.167],[76.383,33.166],[76.382,33.165],[76.379,33.162],[76.379,33.161],[76.378,33.161],[76.378,33.16],[76.378,33.159],[76.377,33.157],[76.376,33.156],[76.376,33.155],[76.375,33.155],[76.375,33.154],[76.374,33.154],[76.373,33.154],[76.372,33.154],[76.371,33.154],[76.37,33.154],[76.368,33.154],[76.35,33.144],[76.337,33.133],[76.334,33.131],[76.332,33.128],[76.331,33.127],[76.33,33.127],[76.328,33.127],[76.327,33.127],[76.326,33.127],[76.324,33.127],[76.324,33.126],[76.322,33.126],[76.321,33.125],[76.32,33.125],[76.32,33.124],[76.319,33.123],[76.317,33.123],[76.311,33.121],[76.31,33.119],[76.308,33.117],[76.308,33.114],[76.306,33.113],[76.301,33.109],[76.298,33.107],[76.295,33.105],[76.294,33.104],[76.289,33.087],[76.289,33.085],[76.289,33.077],[76.289,33.074],[76.289,33.073],[76.29,33.072],[76.291,33.071],[76.292,33.07],[76.295,33.069],[76.295,33.058],[76.277,33.037],[76.247,33.022],[76.238,33.022],[76.234,33.022],[76.233,33.022],[76.232,33.022],[76.231,33.023],[76.23,33.023],[76.227,33.024],[76.226,33.024],[76.225,33.023],[76.224,33.023],[76.223,33.023],[76.222,33.022],[76.221,33.02],[76.22,33.019],[76.219,33.019],[76.218,33.018],[76.218,33.017],[76.217,33.017],[76.216,33.017],[76.214,33.017],[76.212,33.017],[76.21,33.017],[76.207,33.017],[76.206,33.017],[76.197,33.018],[76.193,33.019],[76.192,33.02],[76.191,33.02],[76.19,33.02],[76.189,33.021],[76.188,33.021],[76.186,33.021],[76.184,33.021],[76.183,33.021],[76.181,33.019],[76.174,33.01],[76.166,33.007],[76.114,33.006],[76.11,32.993],[76.11,32.992],[76.11,32.991],[76.111,32.99],[76.111,32.989],[76.112,32.989],[76.112,32.988],[76.104,32.972],[76.1,32.968],[76.099,32.966],[76.097,32.964],[76.088,32.957],[76.087,32.956],[76.084,32.955],[76.078,32.954],[76.073,32.952],[76.072,32.95],[76.07,32.948],[76.07,32.947],[76.07,32.946],[76.066,32.942],[76.065,32.941],[76.06,32.94],[76.059,32.94],[76.058,32.94],[76.056,32.94],[76.056,32.939],[76.055,32.939],[76.054,32.939],[76.051,32.939],[76.05,32.939],[76.048,32.938],[76.046,32.938],[76.045,32.938],[76.045,32.937],[76.044,32.937],[76.043,32.936],[76.042,32.936],[76.04,32.934],[76.04,32.933],[76.039,32.932],[76.038,32.93],[76.037,32.928],[76.037,32.926],[76.038,32.926],[76.038,32.924],[76.038,32.923],[76.038,32.922],[76.036,32.92],[76.032,32.917],[76.007,32.903],[76.006,32.903],[76.005,32.903],[76.001,32.901],[75.998,32.9],[75.996,32.899],[75.994,32.899],[75.993,32.899],[75.985,32.896],[75.978,32.888],[75.969,32.883],[75.968,32.882],[75.967,32.881],[75.966,32.881],[75.965,32.88],[75.964,32.88],[75.964,32.879],[75.963,32.878],[75.962,32.877],[75.96,32.877],[75.959,32.877],[75.959,32.876],[75.958,32.876],[75.954,32.873],[75.946,32.88],[75.943,32.882],[75.94,32.884],[75.934,32.884],[75.904,32.913],[75.844,32.929],[75.842,32.929],[75.842,32.928],[75.841,32.928],[75.841,32.927],[75.84,32.927],[75.84,32.926],[75.838,32.926],[75.837,32.924],[75.837,32.922],[75.836,32.921],[75.834,32.919],[75.833,32.918],[75.832,32.916],[75.83,32.914],[75.83,32.913],[75.828,32.912],[75.826,32.91],[75.824,32.908],[75.824,32.907],[75.824,32.906],[75.822,32.901],[75.818,32.894],[75.816,32.894],[75.815,32.893],[75.814,32.893],[75.813,32.892],[75.811,32.891],[75.806,32.888],[75.816,32.863],[75.825,32.854],[75.831,32.851],[75.836,32.847],[75.836,32.846],[75.837,32.846],[75.843,32.845],[75.845,32.845],[75.857,32.836],[75.858,32.834],[75.86,32.833],[75.86,32.832],[75.863,32.829],[75.865,32.826],[75.868,32.823],[75.87,32.821],[75.87,32.818],[75.87,32.817],[75.87,32.816],[75.872,32.815],[75.881,32.813],[75.882,32.813],[75.884,32.812],[75.889,32.803],[75.89,32.796],[75.89,32.795],[75.89,32.794],[75.89,32.793],[75.889,32.792],[75.89,32.788],[75.894,32.78],[75.898,32.776],[75.899,32.776],[75.9,32.776],[75.901,32.776],[75.901,32.775],[75.901,32.773],[75.901,32.772],[75.902,32.771],[75.903,32.77],[75.906,32.768],[75.908,32.767],[75.909,32.766],[75.913,32.762],[75.915,32.759],[75.916,32.758],[75.917,32.757],[75.921,32.753],[75.925,32.748],[75.926,32.746],[75.926,32.743],[75.925,32.741],[75.924,32.74],[75.924,32.739],[75.922,32.736],[75.922,32.735],[75.922,32.734],[75.922,32.732],[75.922,32.73],[75.918,32.723],[75.91,32.715],[75.908,32.71],[75.905,32.707],[75.902,32.699],[75.924,32.658],[75.926,32.645],[75.936,32.648],[75.93,32.639],[75.93,32.631],[75.924,32.636],[75.917,32.629],[75.917,32.626],[75.917,32.625],[75.918,32.625],[75.918,32.622],[75.918,32.62],[75.917,32.619],[75.916,32.617],[75.916,32.615],[75.916,32.614],[75.916,32.613],[75.876,32.55],[75.871,32.546],[75.864,32.541],[75.86,32.54],[75.86,32.539],[75.859,32.539],[75.858,32.537],[75.858,32.535],[75.858,32.532],[75.858,32.531],[75.857,32.529],[75.856,32.528],[75.854,32.528],[75.851,32.527],[75.85,32.527],[75.84,32.522],[75.84,32.519],[75.84,32.518],[75.841,32.516],[75.841,32.515],[75.834,32.512],[75.839,32.513],[75.845,32.507],[75.858,32.484],[75.921,32.429],[75.773,32.29],[75.618,32.237],[75.661,32.137],[75.601,32.093],[75.892,31.962],[76.017,31.634],[76.168,31.411],[76.18,31.307],[76.275,31.301],[76.372,31.408],[76.504,31.267],[76.612,31.25],[76.625,30.999],[76.777,30.904],[76.917,30.901],[77.011,30.811],[77.03,30.734],[77.167,30.684],[77.123,30.563],[77.212,30.465],[77.27,30.481],[77.422,30.41],[77.519,30.443],[77.586,30.38]]]},"properties":{"state":"Himachal Pradesh"}},
{"type":"Feature","geometry":{"type":"Polygon","coordinates":[[[75.598,32.378],[75.601,32.377],[75.604,32.377],[75.61,32.377],[75.618,32.378],[75.624,32.378],[75.636,32.381],[75.638,32.382],[75.643,32.385],[75.643,32.386],[75.646,32.387],[75.648,32.387],[75.673,32.394],[75.675,32.393],[75.676,32.393],[75.676,32.392],[75.677,32.392],[75.677,32.391],[75.678,32.39],[75.679,32.39],[75.683,32.39],[75.684,32.39],[75.685,32.39],[75.686,32.39],[75.687,32.391],[75.708,32.409],[75.711,32.41],[75.713,32.41],[75.714,32.409],[75.715,32.407],[75.716,32.407],[75.719,32.406],[75.723,32.405],[75.723,32.406],[75.723,32.41],[75.725,32.412],[75.728,32.417],[75.729,32.418],[75.73,32.42],[75.732,32.423],[75.732,32.424],[75.732,32.425],[75.731,32.426],[75.731,32.427],[75.731,32.428],[75.733,32.43],[75.734,32.431],[75.734,32.43],[75.735,32.43],[75.737,32.43],[75.742,32.43],[75.744,32.432],[75.743,32.433],[75.735,32.439],[75.734,32.439],[75.733,32.439],[75.732,32.439],[75.73,32.439],[75.729,32.444],[75.734,32.453],[75.743,32.455],[75.747,32.454],[75.753,32.455],[75.754,32.456],[75.755,32.456],[75.759,32.46],[75.76,32.46],[75.761,32.46],[75.763,32.46],[75.764,32.461],[75.765,32.462],[75.766,32.462],[75.767,32.462],[75.77,32.462],[75.771,32.462],[75.775,32.464],[75.777,32.465],[75.778,32.466],[75.782,32.47],[75.783,32.471],[75.784,32.472],[75.785,32.473],[75.786,32.474],[75.787,32.475],[75.789,32.476],[75.789,32.477],[75.79,32.477],[75.793,32.479],[75.802,32.486],[75.805,32.487],[75.806,32.487],[75.807,32.487],[75.809,32.488],[75.81,32.488],[75.811,32.488],[75.812,32.488],[75.813,32.488],[75.814,32.489],[75.817,32.49],[75.819,32.491],[75.821,32.492],[75.823,32.495],[75.825,32.498],[75.826,32.499],[75.826,32.5],[75.826,32.501],[75.826,32.502],[75.826,32.503],[75.828,32.504],[75.83,32.504],[75.831,32.503],[75.833,32.503],[75.834,32.506],[75.833,32.511],[75.834,32.511],[75.834,32.512],[75.835,32.514],[75.836,32.515],[75.841,32.515],[75.84,32.518],[75.84,32.519],[75.84,32.522],[75.85,32.527],[75.851,32.527],[75.854,32.528],[75.856,32.528],[75.857,32.529],[75.858,32.531],[75.858,32.535],[75.858,32.537],[75.859,32.539],[75.86,32.539],[75.86,32.54],[75.864,32.541],[75.871,32.546],[75.876,32.55],[75.876,32.555],[75.87,32.564],[75.879,32.569],[75.885,32.59],[75.916,32.613],[75.916,32.614],[75.916,32.615],[75.916,32.617],[75.917,32.619],[75.918,32.62],[75.918,32.625],[75.917,32.625],[75.917,32.626],[75.917,32.629],[75.924,32.636],[75.93,32.631],[75.93,32.639],[75.936,32.648],[75.926,32.645],[75.924,32.658],[75.902,32.699],[75.905,32.707],[75.908,32.71],[75.91,32.715],[75.91,32.717],[75.918,32.723],[75.92,32.726],[75.921,32.728],[75.922,32.73],[75.922,32.732],[75.922,32.734],[75.922,32.735],[75.922,32.736],[75.924,32.739],[75.924,32.74],[75.925,32.741],[75.926,32.743],[75.926,32.746],[75.925,32.748],[75.923,32.75],[75.921,32.753],[75.917,32.757],[75.916,32.758],[75.915,32.759],[75.913,32.762],[75.911,32.764],[75.909,32.766],[75.908,32.767],[75.906,32.768],[75.903,32.77],[75.902,32.771],[75.901,32.772],[75.901,32.773],[75.901,32.775],[75.901,32.776],[75.9,32.776],[75.899,32.776],[75.898,32.776],[75.894,32.78],[75.89,32.788],[75.889,32.792],[75.89,32.793],[75.89,32.794],[75.89,32.795],[75.89,32.796],[75.889,32.803],[75.885,32.809],[75.884,32.812],[75.881,32.813],[75.872,32.815],[75.87,32.816],[75.87,32.817],[75.87,32.818],[75.87,32.821],[75.868,32.823],[75.865,32.826],[75.863,32.829],[75.86,32.832],[75.858,32.834],[75.857,32.836],[75.855,32.837],[75.851,32.837],[75.847,32.839],[75.845,32.845],[75.843,32.845],[75.839,32.846],[75.838,32.846],[75.837,32.846],[75.836,32.846],[75.836,32.847],[75.831,32.851],[75.825,32.854],[75.816,32.863],[75.806,32.888],[75.811,32.891],[75.813,32.892],[75.814,32.893],[75.815,32.893],[75.816,32.894],[75.817,32.894],[75.822,32.901],[75.824,32.905],[75.824,32.906],[75.824,32.907],[75.824,32.908],[75.826,32.91],[75.83,32.913],[75.83,32.914],[75.832,32.916],[75.833,32.918],[75.834,32.919],[75.836,32.921],[75.837,32.922],[75.837,32.924],[75.838,32.926],[75.84,32.926],[75.84,32.927],[75.841,32.927],[75.841,32.928],[75.842,32.928],[75.842,32.929],[75.844,32.929],[75.904,32.913],[75.934,32.884],[75.94,32.884],[75.943,32.882],[75.945,32.88],[75.95,32.877],[75.954,32.873],[75.958,32.876],[75.959,32.876],[75.959,32.877],[75.96,32.877],[75.962,32.877],[75.963,32.878],[75.964,32.879],[75.964,32.88],[75.965,32.88],[75.966,32.881],[75.967,32.881],[75.968,32.882],[75.969,32.883],[75.978,32.888],[75.985,32.896],[75.993,32.899],[75.994,32.899],[75.996,32.899],[75.998,32.9],[76.001,32.901],[76.005,32.903],[76.006,32.903],[76.007,32.903],[76.014,32.909],[76.023,32.914],[76.027,32.916],[76.032,32.917],[76.038,32.922],[76.038,32.923],[76.038,32.924],[76.037,32.926],[76.037,32.928],[76.038,32.93],[76.039,32.932],[76.04,32.933],[76.04,32.934],[76.042,32.936],[76.043,32.936],[76.044,32.937],[76.045,32.937],[76.045,32.938],[76.046,32.938],[76.048,32.938],[76.05,32.939],[76.051,32.939],[76.054,32.939],[76.055,32.939],[76.056,32.939],[76.056,32.94],[76.058,32.94],[76.059,32.94],[76.066,32.942],[76.07,32.946],[76.07,32.947],[76.07,32.948],[76.072,32.95],[76.073,32.952],[76.078,32.954],[76.084,32.955],[76.087,32.956],[76.088,32.957],[76.088,32.961],[76.09,32.963],[76.097,32.964],[76.112,32.988],[76.112,32.989],[76.111,32.989],[76.111,32.99],[76.11,32.991],[76.11,32.992],[76.11,32.993],[76.114,33.006],[76.166,33.007],[76.174,33.01],[76.181,33.019],[76.183,33.021],[76.184,33.021],[76.186,33.021],[76.188,33.021],[76.189,33.021],[76.19,33.02],[76.191,33.02],[76.193,33.019],[76.197,33.018],[76.199,33.018],[76.203,33.017],[76.206,33.017],[76.207,33.017],[76.21,33.017],[76.212,33.017],[76.214,33.017],[76.216,33.017],[76.217,33.017],[76.218,33.017],[76.219,33.019],[76.22,33.019],[76.221,33.02],[76.222,33.022],[76.223,33.023],[76.224,33.023],[76.225,33.023],[76.226,33.024],[76.227,33.024],[76.23,33.023],[76.231,33.023],[76.233,33.022],[76.234,33.022],[76.238,33.022],[76.242,33.022],[76.247,33.022],[76.253,33.03],[76.26,33.034],[76.277,33.037],[76.295,33.058],[76.29,33.072],[76.289,33.073],[76.289,33.074],[76.289,33.077],[76.289,33.085],[76.289,33.087],[76.294,33.104],[76.295,33.105],[76.298,33.107],[76.306,33.113],[76.308,33.114],[76.308,33.117],[76.31,33.119],[76.311,33.121],[76.317,33.123],[76.319,33.123],[76.32,33.124],[76.32,33.125],[76.321,33.125],[76.322,33.126],[76.324,33.126],[76.324,33.127],[76.326,33.127],[76.327,33.127],[76.328,33.127],[76.33,33.127],[76.332,33.128],[76.334,33.131],[76.337,33.133],[76.35,33.144],[76.368,33.154],[76.37,33.154],[76.371,33.154],[76.372,33.154],[76.373,33.154],[76.374,33.154],[76.375,33.155],[76.376,33.156],[76.378,33.159],[76.378,33.16],[76.378,33.161],[76.379,33.161],[76.379,33.162],[76.382,33.165],[76.383,33.166],[76.384,33.167],[76.386,33.168],[76.389,33.171],[76.394,33.173],[76.397,33.174],[76.398,33.175],[76.401,33.179],[76.402,33.181],[76.403,33.182],[76.404,33.182],[76.405,33.183],[76.407,33.184],[76.409,33.186],[76.413,33.186],[76.488,33.18],[76.581,33.207],[76.627,33.162],[76.804,33.156],[76.918,33.034],[76.999,32.99],[77.134,32.979],[77.146,32.914],[77.239,32.865],[77.308,32.85],[77.322,32.822],[77.336,32.819],[77.337,32.818],[77.338,32.817],[77.339,32.816],[77.35,32.815],[77.361,32.817],[77.374,32.824],[77.601,32.937],[77.64,32.942],[77.67,32.957],[77.675,32.961],[77.674,32.961],[77.674,32.962],[77.674,32.964],[77.675,32.964],[77.675,32.965],[77.677,32.966],[77.677,32.967],[77.677,32.968],[77.678,32.968],[77.678,32.969],[77.681,32.972],[77.682,32.974],[77.682,32.976],[77.682,32.977],[77.684,32.978],[77.712,32.97],[77.791,32.904],[77.768,32.859],[77.91,32.77],[77.903,32.693],[77.983,32.587],[77.988,32.588],[77.992,32.588],[77.993,32.588],[77.994,32.587],[78.004,32.585],[78.034,32.583],[78.052,32.588],[78.058,32.596],[78.058,32.602],[78.053,32.607],[78.053,32.608],[78.051,32.612],[78.051,32.613],[78.049,32.621],[78.049,32.623],[78.053,32.626],[78.059,32.625],[78.063,32.624],[78.064,32.624],[78.075,32.621],[78.081,32.621],[78.091,32.628],[78.099,32.63],[78.099,32.635],[78.099,32.636],[78.098,32.638],[78.096,32.641],[78.096,32.642],[78.096,32.643],[78.096,32.644],[78.095,32.645],[78.094,32.647],[78.094,32.648],[78.095,32.648],[78.095,32.649],[78.096,32.649],[78.101,32.653],[78.101,32.654],[78.102,32.654],[78.103,32.654],[78.104,32.653],[78.116,32.642],[78.124,32.644],[78.126,32.644],[78.132,32.639],[78.138,32.639],[78.143,32.645],[78.145,32.652],[78.146,32.652],[78.146,32.653],[78.147,32.653],[78.147,32.654],[78.148,32.655],[78.148,32.656],[78.148,32.657],[78.148,32.658],[78.152,32.666],[78.153,32.667],[78.16,32.673],[78.161,32.673],[78.169,32.675],[78.172,32.675],[78.173,32.675],[78.174,32.675],[78.184,32.664],[78.193,32.667],[78.195,32.667],[78.196,32.666],[78.197,32.666],[78.2,32.66],[78.21,32.663],[78.218,32.662],[78.239,32.671],[78.24,32.671],[78.243,32.672],[78.244,32.672],[78.245,32.671],[78.25,32.68],[78.252,32.687],[78.252,32.688],[78.253,32.689],[78.253,32.69],[78.254,32.691],[78.255,32.692],[78.275,32.699],[78.276,32.699],[78.289,32.699],[78.312,32.709],[78.315,32.716],[78.315,32.721],[78.311,32.728],[78.308,32.731],[78.307,32.732],[78.307,32.733],[78.31,32.737],[78.355,32.757],[78.377,32.718],[78.363,32.672],[78.385,32.62],[78.297,32.577],[78.299,32.53],[78.279,32.508],[78.29,32.496],[78.291,32.493],[78.291,32.491],[78.284,32.483],[78.286,32.482],[78.287,32.481],[78.288,32.479],[78.289,32.478],[78.289,32.477],[78.289,32.475],[78.288,32.474],[78.286,32.473],[78.285,32.472],[78.284,32.472],[78.283,32.469],[78.328,32.444],[78.452,32.579],[78.598,32.599],[78.71,32.663],[78.775,32.618],[78.781,32.475],[78.963,32.337],[79.104,32.372],[79.14,32.476],[79.545,32.607],[79.605,32.735],[79.541,32.783],[79.352,33.014],[79.439,33.248],[79.241,33.288],[79.11,33.284],[78.933,33.411],[78.911,33.62],[79.087,33.617],[79.011,33.703],[79.036,33.752],[78.91,34.008],[79.143,34.054],[79.44,34.024],[79.414,34.06],[79.492,34.178],[79.589,34.228],[79.516,34.461],[79.601,34.486],[79.788,34.466],[79.776,34.611],[79.873,34.679],[80.046,34.692],[80.078,34.831],[80.158,34.94],[80.184,35.133],[80.34,35.457],[80.307,35.59],[80.123,35.664],[80.008,35.828],[79.891,35.772],[79.436,35.892],[79.403,35.987],[79.262,35.984],[79.157,35.832],[78.962,35.883],[78.828,35.848],[78.675,35.851],[78.526,35.757],[78.276,35.714],[78.283,35.662],[78.166,35.624],[78.161,35.552],[77.966,35.604],[77.91,35.467],[77.816,35.518],[77.623,35.477],[77.518,35.494],[77.469,35.652],[77.368,35.717],[77.232,35.712],[77.135,35.794],[76.84,35.859],[76.779,35.912],[76.815,36.03],[76.719,36.16],[76.569,36.19],[76.44,36.258],[76.351,36.369],[76.255,36.356],[76.075,36.488],[75.975,36.508],[75.919,36.621],[75.73,36.746],[75.476,36.822],[75.343,37.068],[75.174,37.002],[75.04,37.016],[74.921,36.935],[74.832,37.062],[74.745,37.022],[74.62,37.089],[74.559,36.961],[74.428,36.998],[74.264,36.905],[74.152,36.91],[74.073,36.841],[73.833,36.909],[73.642,36.904],[73.835,36.795],[73.841,36.706],[73.66,36.703],[73.371,36.749],[73.05,36.682],[73.073,36.604],[72.856,36.384],[72.547,36.223],[72.517,36.067],[72.567,36.007],[72.513,35.9],[72.671,35.818],[72.812,35.857],[73.125,35.829],[73.157,35.69],[73.398,35.557],[73.467,35.57],[73.78,35.518],[73.705,35.405],[73.733,35.209],[73.797,35.238],[74.11,35.134],[74.082,35.015],[73.978,34.864],[73.76,34.799],[73.664,34.694],[73.638,34.565],[73.454,34.571],[73.401,34.405],[73.478,34.222],[73.533,33.928],[73.536,33.665],[73.596,33.545],[73.539,33.388],[73.606,33.218],[73.581,33.12],[73.744,33.034],[73.754,32.98],[73.91,32.998],[73.964,32.943],[74.153,32.893],[74.355,32.767],[74.532,32.741],[74.7,32.826],[74.639,32.615],[74.688,32.487],[74.819,32.496],[74.988,32.45],[75.029,32.491],[75.133,32.409],[75.189,32.424],[75.3,32.347],[75.326,32.336],[75.328,32.326],[75.332,32.326],[75.333,32.326],[75.336,32.335],[75.344,32.339],[75.379,32.329],[75.414,32.324],[75.447,32.325],[75.49,32.309],[75.495,32.277],[75.539,32.295],[75.597,32.378],[75.598,32.378]]]},"properties":{"state":"Jammu and Kashmir"}},
{"type":"Feature","geometry":{"type":"Polygon","coordinates":[[[83.503,24.525],[83.402,24.503],[83.457,24.365],[83.38,24.313],[83.408,24.263],[83.33,24.102],[83.516,24.027],[83.569,23.867],[83.708,23.817],[83.772,23.611],[83.94,23.57],[84.014,23.634],[84.015,23.504],[83.969,23.367],[84.051,23.374],[84.063,23.207],[84.032,23.158],[84.133,23.083],[84.149,22.965],[84.38,22.972],[84.238,22.692],[84.024,22.592],[84.009,22.526],[84.142,22.472],[84.141,22.426],[84.291,22.343],[84.401,22.346],[84.503,22.42],[84.759,22.447],[84.909,22.423],[85.057,22.486],[85.118,22.317],[85.025,22.118],[85.214,22.049],[85.412,22.162],[85.687,22.054],[85.823,22.106],[85.766,21.995],[85.901,21.983],[86.009,22.118],[86.031,22.192],[85.974,22.247],[86.029,22.334],[85.973,22.506],[86.069,22.556],[86.124,22.489],[86.283,22.448],[86.442,22.303],[86.504,22.343],[86.727,22.217],[86.887,22.258],[86.838,22.321],[86.836,22.322],[86.847,22.397],[86.765,22.427],[86.758,22.578],[86.659,22.576],[86.641,22.659],[86.511,22.705],[86.433,22.775],[86.436,22.923],[86.548,22.983],[86.548,22.985],[86.186,23.005],[86.146,23.075],[86.024,23.144],[85.882,23.168],[85.821,23.27],[85.868,23.329],[85.876,23.481],[86.045,23.484],[86.042,23.586],[86.159,23.559],[86.149,23.465],[86.289,23.429],[86.36,23.452],[86.388,23.574],[86.491,23.638],[86.718,23.699],[86.799,23.688],[86.804,23.802],[86.916,23.883],[87.123,23.796],[87.129,23.869],[87.238,23.855],[87.293,23.959],[87.234,24.024],[87.491,24.018],[87.498,24.118],[87.559,24.081],[87.608,24.166],[87.694,24.151],[87.653,24.239],[87.787,24.364],[87.816,24.501],[87.772,24.584],[87.908,24.585],[87.904,24.724],[87.819,24.754],[87.898,24.822],[87.958,24.97],[87.795,25.09],[87.779,25.25],[87.711,25.258],[87.692,25.312],[87.552,25.333],[87.487,25.296],[87.478,25.194],[87.328,25.224],[87.296,25.088],[87.25,25.105],[87.146,25.009],[87.051,24.608],[86.957,24.649],[86.88,24.574],[86.807,24.599],[86.669,24.566],[86.615,24.609],[86.529,24.544],[86.445,24.368],[86.276,24.466],[86.323,24.586],[86.158,24.587],[86.129,24.699],[86.055,24.78],[85.97,24.733],[85.89,24.793],[85.735,24.82],[85.667,24.661],[85.678,24.591],[85.581,24.601],[85.498,24.546],[85.282,24.52],[85.153,24.455],[85.099,24.373],[85.031,24.416],[84.909,24.384],[84.887,24.463],[84.802,24.531],[84.686,24.456],[84.665,24.391],[84.583,24.413],[84.501,24.288],[84.291,24.466],[84.297,24.56],[84.188,24.553],[84.111,24.477],[84.052,24.611],[83.998,24.638],[83.933,24.547],[83.755,24.509],[83.503,24.525]]]},"properties":{"state":"Jharkhand"}},
{"type":"Feature","geometry":{"type":"MultiPolygon","coordinates":[[[[77.513,15.927],[77.491,16.16],[77.505,16.276],[77.588,16.333],[77.49,16.385],[77.423,16.366],[77.288,16.409],[77.236,16.473],[77.369,16.489],[77.461,16.585],[77.419,16.669],[77.459,16.917],[77.502,17.009],[77.464,17.11],[77.362,17.164],[77.458,17.281],[77.454,17.374],[77.513,17.431],[77.689,17.475],[77.662,17.523],[77.443,17.584],[77.452,17.695],[77.543,17.729],[77.512,17.782],[77.648,17.999],[77.554,18.036],[77.597,18.087],[77.551,18.292],[77.448,18.27],[77.357,18.32],[77.414,18.393],[77.366,18.452],[77.242,18.413],[77.213,18.28],[77.175,18.285],[77.113,18.157],[76.952,18.188],[76.966,18.098],[76.906,18.01],[76.919,17.916],[76.808,17.871],[76.721,17.788],[76.691,17.681],[76.612,17.77],[76.487,17.715],[76.42,17.604],[76.331,17.596],[76.345,17.354],[76.12,17.37],[75.926,17.325],[75.821,17.421],[75.814,17.374],[75.684,17.417],[75.633,17.477],[75.574,17.383],[75.654,17.274],[75.628,17.189],[75.672,17.116],[75.666,16.98],[75.607,17.005],[75.489,16.944],[75.466,16.988],[75.28,16.957],[75.265,16.863],[75.183,16.843],[75.089,16.952],[74.968,16.95],[74.902,16.863],[74.92,16.773],[74.691,16.716],[74.687,16.607],[74.569,16.554],[74.544,16.636],[74.316,16.555],[74.317,16.327],[74.503,16.225],[74.428,15.952],[74.338,15.855],[74.367,15.786],[74.24,15.743],[74.228,15.788],[74.126,15.719],[74.118,15.652],[74.125,15.651],[74.127,15.651],[74.154,15.65],[74.155,15.651],[74.157,15.653],[74.164,15.654],[74.166,15.654],[74.167,15.67],[74.167,15.671],[74.173,15.675],[74.174,15.676],[74.174,15.677],[74.175,15.678],[74.175,15.679],[74.216,15.66],[74.215,15.663],[74.228,15.665],[74.23,15.666],[74.238,15.664],[74.239,15.663],[74.262,15.608],[74.261,15.608],[74.26,15.607],[74.26,15.606],[74.26,15.593],[74.26,15.592],[74.249,15.58],[74.25,15.577],[74.249,15.575],[74.259,15.562],[74.26,15.562],[74.282,15.527],[74.282,15.526],[74.281,15.526],[74.254,15.502],[74.254,15.501],[74.253,15.501],[74.252,15.499],[74.275,15.449],[74.276,15.447],[74.336,15.295],[74.331,15.288],[74.293,15.285],[74.288,15.284],[74.281,15.236],[74.287,15.233],[74.294,15.231],[74.296,15.23],[74.317,15.184],[74.252,14.995],[74.252,14.994],[74.184,14.948],[74.183,14.949],[74.086,14.901],[74.192,14.727],[74.249,14.741],[74.273,14.628],[74.355,14.522],[74.465,14.2],[74.514,13.987],[74.619,13.824],[74.682,13.543],[74.716,13.313],[74.824,12.849],[74.869,12.761],[75.005,12.79],[74.982,12.738],[75.161,12.673],[75.22,12.568],[75.275,12.62],[75.28,12.524],[75.366,12.457],[75.431,12.308],[75.532,12.201],[75.715,12.07],[75.804,12.077],[75.83,11.984],[76.003,11.931],[76.112,11.979],[76.113,11.859],[76.207,11.862],[76.34,11.739],[76.414,11.759],[76.431,11.666],[76.512,11.705],[76.567,11.619],[76.856,11.599],[76.834,11.649],[76.908,11.795],[77.013,11.815],[77.115,11.722],[77.111,11.774],[77.294,11.809],[77.335,11.771],[77.45,11.796],[77.493,11.941],[77.676,11.952],[77.775,12.118],[77.731,12.18],[77.472,12.21],[77.62,12.383],[77.587,12.515],[77.599,12.667],[77.761,12.697],[77.796,12.835],[77.936,12.887],[77.988,12.808],[78.031,12.852],[78.231,12.761],[78.251,12.857],[78.312,12.859],[78.356,12.941],[78.467,12.975],[78.462,13.043],[78.587,13.281],[78.532,13.267],[78.378,13.363],[78.374,13.509],[78.407,13.577],[78.22,13.593],[78.09,13.659],[78.115,13.863],[78.049,13.896],[77.976,13.83],[77.967,13.96],[77.814,13.931],[77.837,13.87],[77.455,13.682],[77.432,13.843],[77.257,13.847],[77.248,13.901],[77.132,13.846],[77.173,13.762],[77.024,13.779],[76.976,13.817],[77.042,13.933],[76.931,14.03],[76.973,14.084],[76.894,14.168],[77.005,14.184],[77.031,14.056],[77.141,14.004],[77.322,14.03],[77.435,13.92],[77.426,13.986],[77.332,14.031],[77.394,14.174],[77.503,14.157],[77.504,14.264],[77.379,14.323],[77.364,14.276],[77.139,14.34],[77.115,14.223],[76.94,14.245],[76.885,14.348],[76.975,14.485],[76.868,14.474],[76.765,14.602],[76.837,14.791],[76.867,14.97],[76.767,14.975],[76.802,15.095],[76.985,15.015],[77.113,15.034],[77.168,15.259],[77.045,15.356],[77.03,15.635],[77.129,15.666],[77.049,15.73],[77.07,15.908],[77.249,15.965],[77.513,15.927]]],[[[74.293,15.83],[74.268,15.796],[74.314,15.797],[74.293,15.83]]]]},"properties":{"state":"Karnataka"}},
{"type":"Feature","geometry":{"type":"Polygon","coordinates":[[[74.869,12.761],[74.973,12.501],[75.058,12.352],[75.207,12.003],[75.235,12.025],[75.546,11.677],[75.62,11.478],[75.739,11.358],[75.833,11.114],[75.903,10.798],[76.104,10.366],[76.233,9.991],[76.277,9.809],[76.303,9.574],[76.357,9.364],[76.506,9.042],[76.553,8.892],[76.614,8.857],[76.972,8.396],[77.096,8.294],[77.284,8.547],[77.201,8.669],[77.191,8.742],[77.264,8.842],[77.147,9.021],[77.268,9.153],[77.283,9.301],[77.412,9.509],[77.325,9.598],[77.27,9.573],[77.166,9.613],[77.247,9.808],[77.218,9.905],[77.273,9.964],[77.204,10.088],[77.268,10.122],[77.288,10.232],[77.176,10.359],[76.983,10.221],[76.83,10.303],[76.816,10.423],[76.839,10.596],[76.904,10.763],[76.831,10.871],[76.659,10.931],[76.748,11.135],[76.707,11.238],[76.629,11.194],[76.458,11.188],[76.453,11.239],[76.546,11.3],[76.548,11.359],[76.342,11.468],[76.247,11.468],[76.234,11.571],[76.432,11.631],[76.431,11.666],[76.414,11.759],[76.34,11.739],[76.207,11.862],[76.113,11.859],[76.112,11.979],[76.003,11.931],[75.83,11.984],[75.804,12.077],[75.715,12.07],[75.532,12.201],[75.431,12.308],[75.366,12.457],[75.28,12.524],[75.275,12.62],[75.22,12.568],[75.161,12.673],[74.982,12.738],[75.005,12.79],[74.869,12.761]]]},"properties":{"state":"Kerala"}},
{"type":"Feature","geometry":{"type":"MultiPolygon","coordinates":[[[[72.283,10.043],[72.288,10.047],[72.289,10.051],[72.283,10.043]]],[[[72.335,10.101],[72.338,10.106],[72.336,10.106],[72.335,10.101]]],[[[72.332,10.13],[72.327,10.14],[72.327,10.131],[72.332,10.13]]],[[[72.645,10.579],[72.623,10.549],[72.646,10.562],[72.645,10.579]]],[[[72.168,10.815],[72.168,10.816],[72.164,10.814],[72.168,10.815]]],[[[72.205,10.88],[72.194,10.872],[72.187,10.85],[72.205,10.88]]],[[[72.29,10.947],[72.284,10.939],[72.292,10.938],[72.29,10.947]]],[[[72.321,10.949],[72.317,10.951],[72.316,10.945],[72.321,10.949]]],[[[72.331,10.952],[72.332,10.954],[72.33,10.953],[72.331,10.952]]],[[[72.334,10.955],[72.334,10.956],[72.332,10.956],[72.334,10.955]]],[[[72.334,10.958],[72.335,10.958],[72.334,10.959],[72.334,10.958]]],[[[72.718,11.116],[72.73,11.127],[72.73,11.138],[72.718,11.116]]],[[[72.188,11.6],[72.188,11.602],[72.185,11.603],[72.188,11.6]]],[[[72.71,11.685],[72.717,11.696],[72.716,11.705],[72.71,11.685]]],[[[73.077,8.318],[73.055,8.283],[73.02,8.268],[73.048,8.264],[73.077,8.318]]],[[[73.015,8.303],[73.012,8.301],[73.015,8.301],[73.015,8.303]]],[[[73.63,10.07],[73.63,10.069],[73.631,10.07],[73.63,10.07]]],[[[73.627,10.074],[73.627,10.075],[73.625,10.074],[73.627,10.074]]],[[[73.647,10.065],[73.651,10.102],[73.643,10.077],[73.647,10.065]]],[[[73.651,10.111],[73.651,10.11],[73.652,10.11],[73.651,10.111]]],[[[73.661,10.149],[73.657,10.156],[73.662,10.142],[73.661,10.149]]],[[[73.67,10.818],[73.677,10.805],[73.699,10.817],[73.67,10.818]]],[[[72.761,11.185],[72.79,11.261],[72.779,11.244],[72.761,11.185]]],[[[73.006,11.471],[73.009,11.489],[73.001,11.499],[73.006,11.471]]]]},"properties":{"state":"Lakshadweep"}},
{"type":"Feature","geometry":{"type":"Polygon","coordinates":[[[82.81,23.963],[82.751,24.012],[82.728,24.136],[82.768,24.371],[82.713,24.38],[82.721,24.555],[82.797,24.577],[82.774,24.642],[82.671,24.697],[82.539,24.648],[82.407,24.683],[82.416,24.591],[82.23,24.681],[82.185,24.735],[82.183,24.734],[82.216,24.794],[82.116,24.784],[81.904,24.893],[81.908,24.98],[81.667,25.075],[81.612,25.056],[81.626,25.161],[81.513,25.177],[81.499,25.077],[81.357,25.163],[81.278,25.166],[81.21,24.923],[81.14,24.888],[81.09,24.946],[80.95,24.964],[80.83,24.918],[80.869,25.117],[80.778,25.142],[80.685,25.077],[80.592,25.103],[80.501,25.042],[80.448,25.079],[80.331,24.992],[80.358,25.143],[80.432,25.178],[80.311,25.286],[80.316,25.386],[80.264,25.424],[80.131,25.334],[80.034,25.342],[80.005,25.267],[79.851,25.227],[79.862,25.096],[79.749,25.14],[79.673,25.121],[79.56,25.17],[79.525,25.097],[79.384,25.143],[79.437,25.255],[79.3,25.338],[79.263,25.273],[79.351,25.264],[79.283,25.117],[79.124,25.111],[78.994,25.273],[78.88,25.158],[78.87,25.226],[78.955,25.261],[78.962,25.343],[78.884,25.344],[78.852,25.23],[78.809,25.272],[78.88,25.386],[78.944,25.349],[78.938,25.486],[78.937,25.486],[78.939,25.557],[78.732,25.46],[78.775,25.353],[78.602,25.409],[78.497,25.319],[78.578,25.253],[78.636,24.959],[78.771,24.857],[78.781,24.707],[78.752,24.599],[78.883,24.641],[78.946,24.557],[78.915,24.458],[78.994,24.423],[78.888,24.227],[78.789,24.177],[78.583,24.351],[78.502,24.39],[78.392,24.263],[78.33,24.326],[78.37,24.377],[78.271,24.446],[78.227,24.534],[78.277,24.662],[78.172,24.878],[78.334,24.995],[78.339,25.048],[78.339,25.049],[78.458,25.165],[78.391,25.201],[78.301,25.36],[78.431,25.474],[78.491,25.578],[78.658,25.56],[78.81,25.619],[78.763,25.72],[78.818,25.829],[78.937,25.953],[79.013,26.09],[78.952,26.129],[79.018,26.248],[79.135,26.325],[79.084,26.358],[79.135,26.44],[79.007,26.549],[78.993,26.677],[78.869,26.699],[78.816,26.762],[78.578,26.748],[78.395,26.817],[78.361,26.869],[78.223,26.831],[78.106,26.79],[78.095,26.679],[77.898,26.655],[77.833,26.561],[77.747,26.539],[77.524,26.407],[77.439,26.404],[77.204,26.23],[76.902,26.094],[76.779,25.939],[76.578,25.866],[76.516,25.777],[76.516,25.528],[76.598,25.394],[76.78,25.316],[76.857,25.333],[77.031,25.295],[77.084,25.337],[77.223,25.319],[77.312,25.431],[77.371,25.408],[77.356,25.263],[77.414,25.22],[77.391,25.123],[77.31,25.081],[77.175,25.112],[77.123,25.067],[76.876,25.042],[76.862,24.961],[76.926,24.847],[76.803,24.809],[76.856,24.742],[76.964,24.757],[77.065,24.644],[77.055,24.526],[76.978,24.461],[76.918,24.543],[76.816,24.534],[76.852,24.451],[76.863,24.273],[76.946,24.206],[76.901,24.127],[76.802,24.117],[76.676,24.191],[76.695,24.284],[76.515,24.163],[76.471,24.226],[76.34,24.244],[76.205,24.217],[76.185,24.329],[76.118,24.195],[76.127,24.088],[75.963,24.019],[75.981,23.929],[75.647,23.796],[75.563,23.833],[75.565,23.833],[75.459,23.921],[75.521,24.025],[75.671,24.018],[75.702,23.967],[75.837,24.057],[75.751,24.143],[75.83,24.233],[75.738,24.335],[75.747,24.423],[75.909,24.455],[75.915,24.572],[75.825,24.613],[75.838,24.725],[75.757,24.762],[75.646,24.685],[75.534,24.712],[75.455,24.681],[75.228,24.718],[75.19,24.754],[75.426,24.884],[75.295,24.858],[75.334,25.041],[75.193,25.034],[75.114,24.967],[75.119,24.882],[75.048,24.85],[74.924,24.878],[74.843,24.969],[74.861,24.799],[75.007,24.772],[74.999,24.684],[74.89,24.634],[74.809,24.781],[74.814,24.666],[74.709,24.486],[74.854,24.445],[74.781,24.339],[74.777,24.239],[74.868,24.243],[74.921,24.078],[74.982,24.026],[74.929,23.954],[74.904,23.794],[74.94,23.765],[74.905,23.625],[74.847,23.552],[74.604,23.458],[74.544,23.28],[74.701,23.265],[74.671,23.2],[74.539,23.103],[74.385,23.111],[74.324,23.061],[74.393,22.897],[74.459,22.911],[74.465,22.816],[74.379,22.635],[74.277,22.646],[74.134,22.52],[74.075,22.551],[74.105,22.43],[74.151,22.456],[74.267,22.406],[74.19,22.32],[74.072,22.361],[74.072,22.219],[74.122,22.21],[74.128,22.095],[74.179,22.086],[74.097,21.999],[74.147,21.953],[74.281,21.933],[74.432,22.03],[74.513,21.932],[74.505,21.726],[74.582,21.665],[74.798,21.61],[74.865,21.63],[75.052,21.567],[75.108,21.462],[75.207,21.413],[75.426,21.391],[76.096,21.371],[76.192,21.087],[76.384,21.076],[76.493,21.194],[76.623,21.185],[76.663,21.28],[76.621,21.332],[76.796,21.489],[76.784,21.574],[76.901,21.597],[77.008,21.68],[77.281,21.759],[77.479,21.77],[77.544,21.704],[77.575,21.526],[77.426,21.538],[77.492,21.374],[77.692,21.398],[77.71,21.357],[77.822,21.407],[77.883,21.376],[78.176,21.499],[78.182,21.557],[78.427,21.6],[78.436,21.501],[78.541,21.524],[78.728,21.462],[78.941,21.511],[78.917,21.591],[79.103,21.601],[79.224,21.649],[79.231,21.722],[79.392,21.674],[79.496,21.674],[79.54,21.543],[79.733,21.603],[79.863,21.531],[80.001,21.534],[80.119,21.609],[80.254,21.625],[80.376,21.523],[80.396,21.405],[80.529,21.393],[80.66,21.334],[80.735,21.461],[80.715,21.665],[80.747,21.756],[80.815,21.755],[80.832,21.891],[80.908,22.11],[80.995,22.049],[81.023,22.229],[81.118,22.29],[81.11,22.436],[81.194,22.491],[81.232,22.452],[81.327,22.526],[81.396,22.44],[81.522,22.539],[81.622,22.538],[81.653,22.619],[81.772,22.676],[81.776,22.874],[81.869,22.895],[81.95,22.983],[81.922,23.041],[82.161,23.143],[82.145,23.227],[82.199,23.314],[82.102,23.398],[81.987,23.414],[81.923,23.533],[81.821,23.515],[81.746,23.57],[81.639,23.478],[81.62,23.651],[81.696,23.721],[81.61,23.904],[81.667,23.925],[81.725,23.84],[81.815,23.806],[82.009,23.861],[82.082,23.816],[82.207,23.827],[82.551,23.791],[82.662,23.908],[82.81,23.963]]]},"properties":{"state":"Madhya Pradesh"}},
{"type":"Feature","geometry":{"type":"MultiPolygon","coordinates":[[[[80.66,21.334],[80.529,21.393],[80.396,21.405],[80.376,21.523],[80.254,21.625],[80.119,21.609],[80.001,21.534],[79.863,21.531],[79.733,21.603],[79.54,21.543],[79.496,21.674],[79.392,21.674],[79.231,21.722],[79.224,21.649],[79.103,21.601],[78.917,21.591],[78.941,21.511],[78.728,21.462],[78.541,21.524],[78.436,21.501],[78.427,21.6],[78.182,21.557],[78.176,21.499],[77.883,21.376],[77.822,21.407],[77.71,21.357],[77.692,21.398],[77.492,21.374],[77.426,21.538],[77.575,21.526],[77.544,21.704],[77.479,21.77],[77.281,21.759],[77.008,21.68],[76.901,21.597],[76.784,21.574],[76.796,21.489],[76.621,21.332],[76.663,21.28],[76.623,21.185],[76.493,21.194],[76.384,21.076],[76.192,21.087],[76.096,21.371],[75.426,21.391],[75.207,21.413],[75.108,21.462],[75.052,21.567],[74.865,21.63],[74.798,21.61],[74.582,21.665],[74.505,21.726],[74.513,21.932],[74.432,22.03],[74.281,21.933],[74.147,21.953],[73.796,21.825],[73.888,21.653],[73.788,21.634],[73.852,21.498],[73.96,21.541],[74.176,21.569],[74.2,21.532],[74.33,21.553],[74.321,21.499],[74.05,21.453],[73.945,21.381],[73.942,21.3],[73.822,21.269],[73.816,21.174],[73.717,21.141],[73.917,20.908],[73.942,20.742],[73.874,20.73],[73.838,20.621],[73.67,20.563],[73.475,20.72],[73.392,20.649],[73.474,20.583],[73.403,20.386],[73.417,20.198],[73.302,20.21],[73.211,20.121],[73.215,20.119],[73.213,20.091],[73.212,20.089],[73.211,20.086],[73.207,20.081],[73.206,20.08],[73.204,20.079],[73.197,20.075],[73.189,20.077],[73.187,20.059],[73.193,20.054],[73.193,20.051],[73.193,20.05],[73.192,20.05],[73.191,20.051],[73.19,20.05],[73.189,20.051],[73.185,20.05],[73.184,20.05],[73.183,20.05],[73.181,20.049],[73.18,20.049],[73.179,20.048],[73.179,20.047],[73.177,20.05],[73.178,20.051],[73.165,20.056],[73.158,20.063],[73.15,20.078],[73.126,20.083],[73.111,20.075],[73.104,20.09],[73.056,20.099],[72.997,20.141],[72.96,20.134],[72.962,20.209],[72.859,20.225],[72.794,20.123],[72.747,20.13],[72.7,20.079],[72.719,19.984],[72.651,19.864],[72.759,19.372],[72.782,19.159],[72.822,19.119],[72.795,18.943],[72.854,18.997],[72.915,18.954],[72.843,18.863],[72.996,18.776],[72.869,18.804],[72.865,18.652],[72.921,18.556],[72.895,18.458],[72.917,18.349],[73.043,18.265],[72.932,18.222],[73.028,17.949],[73.07,17.888],[73.192,17.467],[73.222,17.265],[73.288,17.072],[73.278,16.894],[73.352,16.622],[73.312,16.541],[73.389,16.348],[73.512,15.937],[73.588,15.909],[73.675,15.727],[73.681,15.73],[73.684,15.73],[73.703,15.723],[73.708,15.724],[73.711,15.726],[73.713,15.725],[73.73,15.721],[73.731,15.722],[73.732,15.725],[73.732,15.727],[73.735,15.731],[73.736,15.732],[73.737,15.733],[73.759,15.735],[73.76,15.734],[73.786,15.726],[73.787,15.727],[73.788,15.727],[73.789,15.729],[73.789,15.733],[73.789,15.734],[73.807,15.738],[73.807,15.739],[73.809,15.742],[73.809,15.743],[73.825,15.741],[73.826,15.743],[73.826,15.745],[73.827,15.747],[73.828,15.749],[73.831,15.752],[73.831,15.755],[73.831,15.757],[73.831,15.76],[73.83,15.761],[73.83,15.762],[73.829,15.763],[73.829,15.764],[73.83,15.765],[73.851,15.781],[73.852,15.781],[73.847,15.787],[73.853,15.797],[73.853,15.798],[73.854,15.798],[73.854,15.799],[73.856,15.801],[73.879,15.772],[73.878,15.771],[73.877,15.768],[73.876,15.768],[73.875,15.768],[73.876,15.764],[73.875,15.763],[73.874,15.762],[73.873,15.76],[73.872,15.759],[73.873,15.754],[73.874,15.752],[73.889,15.749],[73.89,15.749],[73.892,15.748],[73.893,15.748],[73.894,15.747],[73.899,15.745],[73.906,15.746],[73.907,15.747],[73.908,15.748],[73.913,15.746],[73.915,15.745],[73.94,15.739],[73.941,15.738],[73.952,15.714],[73.952,15.713],[73.951,15.713],[73.95,15.712],[73.95,15.711],[73.947,15.7],[73.946,15.699],[73.944,15.699],[73.944,15.698],[73.953,15.699],[73.963,15.676],[73.963,15.674],[73.967,15.663],[73.967,15.661],[73.973,15.628],[73.978,15.627],[74.004,15.612],[74.008,15.61],[74.009,15.61],[74.018,15.607],[74.02,15.606],[74.021,15.606],[74.022,15.607],[74.026,15.61],[74.027,15.612],[74.028,15.617],[74.029,15.618],[74.031,15.622],[74.058,15.626],[74.059,15.627],[74.079,15.631],[74.082,15.633],[74.084,15.636],[74.086,15.637],[74.087,15.638],[74.102,15.643],[74.104,15.645],[74.113,15.646],[74.116,15.649],[74.118,15.651],[74.118,15.652],[74.126,15.719],[74.228,15.788],[74.24,15.743],[74.367,15.786],[74.338,15.855],[74.428,15.952],[74.503,16.225],[74.317,16.327],[74.316,16.555],[74.544,16.636],[74.569,16.554],[74.687,16.607],[74.691,16.716],[74.92,16.773],[74.902,16.863],[74.968,16.95],[75.089,16.952],[75.183,16.843],[75.265,16.863],[75.28,16.957],[75.466,16.988],[75.489,16.944],[75.607,17.005],[75.666,16.98],[75.672,17.116],[75.628,17.189],[75.654,17.274],[75.574,17.383],[75.633,17.477],[75.684,17.417],[75.814,17.374],[75.821,17.421],[75.926,17.325],[76.12,17.37],[76.345,17.354],[76.331,17.596],[76.42,17.604],[76.487,17.715],[76.612,17.77],[76.691,17.681],[76.721,17.788],[76.808,17.871],[76.919,17.916],[76.906,18.01],[76.966,18.098],[76.952,18.188],[77.113,18.157],[77.175,18.285],[77.213,18.28],[77.242,18.413],[77.366,18.452],[77.414,18.393],[77.357,18.32],[77.448,18.27],[77.551,18.292],[77.551,18.46],[77.596,18.549],[77.738,18.557],[77.73,18.667],[77.787,18.683],[77.84,18.805],[77.949,18.843],[77.859,18.949],[77.771,18.979],[77.765,19.063],[77.834,19.134],[77.863,19.304],[77.944,19.343],[78.056,19.237],[78.175,19.238],[78.192,19.407],[78.309,19.481],[78.276,19.692],[78.365,19.781],[78.285,19.857],[78.307,19.914],[78.423,19.818],[78.604,19.818],[78.841,19.762],[78.852,19.659],[78.955,19.656],[78.94,19.552],[79.046,19.548],[79.222,19.468],[79.251,19.616],[79.471,19.5],[79.6,19.51],[79.632,19.575],[79.744,19.609],[79.944,19.471],[79.98,19.39],[79.87,19.042],[79.938,19.041],[79.962,18.867],[79.914,18.826],[80.112,18.683],[80.273,18.723],[80.244,18.756],[80.351,18.815],[80.274,18.932],[80.328,19.135],[80.394,19.189],[80.486,19.341],[80.579,19.401],[80.623,19.306],[80.76,19.291],[80.853,19.364],[80.813,19.434],[80.895,19.52],[80.67,19.609],[80.676,19.699],[80.587,19.741],[80.506,19.87],[80.408,19.913],[80.524,19.934],[80.552,20.118],[80.43,20.136],[80.395,20.245],[80.626,20.332],[80.632,20.598],[80.481,20.618],[80.588,20.683],[80.542,20.93],[80.464,20.929],[80.426,21.006],[80.464,21.175],[80.643,21.25],[80.66,21.334]],[[74.293,15.83],[74.314,15.797],[74.268,15.796],[74.293,15.83]]],[[[72.733,19.467],[72.729,19.466],[72.733,19.459],[72.733,19.467]]]]},"properties":{"state":"Maharashtra"}},
{"type":"Feature","geometry":{"type":"Polygon","coordinates":[[[93.247,24.952],[93.246,24.951],[93.246,24.95],[93.247,24.945],[93.25,24.94],[93.244,24.941],[93.237,24.938],[93.237,24.937],[93.237,24.935],[93.241,24.93],[93.241,24.929],[93.248,24.914],[93.246,24.912],[93.235,24.912],[93.239,24.899],[93.238,24.899],[93.23,24.896],[93.23,24.895],[93.23,24.892],[93.23,24.888],[93.227,24.882],[93.223,24.873],[93.212,24.859],[93.203,24.851],[93.202,24.852],[93.193,24.843],[93.18,24.802],[93.15,24.787],[93.149,24.787],[93.133,24.808],[93.13,24.806],[93.105,24.79],[93.103,24.78],[93.1,24.778],[93.104,24.769],[93.104,24.768],[93.099,24.744],[93.102,24.737],[93.097,24.731],[93.093,24.725],[93.089,24.713],[93.083,24.709],[93.082,24.709],[93.076,24.712],[93.076,24.711],[93.083,24.649],[93.103,24.581],[93.071,24.558],[93.071,24.557],[93.049,24.543],[93.049,24.518],[93.037,24.499],[93.004,24.406],[92.998,24.4],[93.039,24.341],[92.972,24.112],[93.143,24.085],[93.251,24.021],[93.326,24.05],[93.414,24.074],[93.5,23.945],[93.623,24.011],[93.755,24.005],[93.819,23.924],[93.895,23.952],[94.018,23.924],[94.156,23.848],[94.256,24.086],[94.289,24.234],[94.397,24.409],[94.454,24.565],[94.602,24.709],[94.633,24.84],[94.688,24.889],[94.744,25.037],[94.737,25.135],[94.607,25.181],[94.585,25.265],[94.681,25.455],[94.553,25.507],[94.592,25.681],[94.47,25.616],[94.416,25.537],[94.298,25.49],[94.135,25.519],[94.007,25.591],[93.768,25.537],[93.81,25.481],[93.604,25.198],[93.501,25.241],[93.471,25.305],[93.469,25.303],[93.468,25.302],[93.466,25.302],[93.466,25.301],[93.466,25.302],[93.465,25.302],[93.464,25.302],[93.463,25.302],[93.462,25.301],[93.462,25.3],[93.461,25.299],[93.46,25.298],[93.459,25.298],[93.459,25.297],[93.459,25.296],[93.458,25.296],[93.458,25.295],[93.457,25.295],[93.456,25.294],[93.455,25.293],[93.452,25.292],[93.451,25.292],[93.45,25.292],[93.449,25.292],[93.449,25.291],[93.449,25.292],[93.448,25.292],[93.447,25.291],[93.446,25.291],[93.442,25.289],[93.439,25.288],[93.438,25.288],[93.437,25.288],[93.436,25.288],[93.435,25.287],[93.434,25.286],[93.434,25.285],[93.433,25.285],[93.432,25.284],[93.43,25.283],[93.429,25.283],[93.428,25.283],[93.427,25.283],[93.427,25.282],[93.427,25.281],[93.427,25.28],[93.424,25.279],[93.423,25.278],[93.422,25.278],[93.42,25.277],[93.42,25.276],[93.42,25.275],[93.419,25.275],[93.419,25.273],[93.419,25.271],[93.418,25.27],[93.417,25.268],[93.413,25.263],[93.412,25.263],[93.401,25.26],[93.4,25.259],[93.389,25.246],[93.384,25.23],[93.382,25.224],[93.379,25.221],[93.378,25.22],[93.377,25.218],[93.373,25.214],[93.374,25.212],[93.373,25.212],[93.37,25.209],[93.366,25.205],[93.366,25.204],[93.366,25.203],[93.36,25.193],[93.358,25.19],[93.357,25.188],[93.351,25.181],[93.35,25.179],[93.349,25.176],[93.344,25.161],[93.344,25.16],[93.345,25.158],[93.346,25.146],[93.344,25.135],[93.345,25.123],[93.341,25.118],[93.341,25.113],[93.337,25.111],[93.336,25.107],[93.333,25.1],[93.333,25.099],[93.309,25.075],[93.304,25.066],[93.303,25.062],[93.303,25.061],[93.302,25.054],[93.301,25.05],[93.299,25.046],[93.281,25.048],[93.279,25.048],[93.264,25.046],[93.266,25.044],[93.259,25.037],[93.26,25.036],[93.247,25.014],[93.244,25.003],[93.244,25],[93.249,25.002],[93.259,25],[93.249,24.977],[93.25,24.973],[93.252,24.974],[93.247,24.952]]]},"properties":{"state":"Manipur"}},
{"type":"Feature","geometry":{"type":"Polygon","coordinates":[[[92.469,25.066],[92.476,25.08],[92.477,25.082],[92.479,25.106],[92.48,25.106],[92.496,25.109],[92.497,25.11],[92.527,25.135],[92.546,25.131],[92.628,25.129],[92.638,25.147],[92.639,25.148],[92.658,25.17],[92.658,25.172],[92.669,25.176],[92.738,25.201],[92.75,25.204],[92.751,25.204],[92.771,25.231],[92.771,25.233],[92.771,25.235],[92.771,25.236],[92.77,25.236],[92.766,25.242],[92.765,25.243],[92.764,25.243],[92.784,25.299],[92.781,25.306],[92.769,25.337],[92.736,25.367],[92.734,25.374],[92.717,25.373],[92.716,25.374],[92.662,25.406],[92.661,25.407],[92.651,25.422],[92.651,25.426],[92.574,25.49],[92.64,25.533],[92.641,25.534],[92.592,25.552],[92.591,25.553],[92.555,25.596],[92.555,25.606],[92.556,25.608],[92.547,25.613],[92.546,25.613],[92.511,25.616],[92.51,25.616],[92.506,25.619],[92.507,25.62],[92.45,25.685],[92.45,25.686],[92.445,25.717],[92.421,25.731],[92.42,25.731],[92.409,25.742],[92.408,25.742],[92.4,25.741],[92.396,25.741],[92.305,25.723],[92.304,25.722],[92.232,25.714],[92.232,25.715],[92.208,25.695],[92.206,25.695],[92.15,25.726],[92.162,25.739],[92.163,25.74],[92.155,25.754],[92.155,25.755],[92.149,25.8],[92.149,25.801],[92.179,25.874],[92.18,25.874],[92.184,25.877],[92.186,25.877],[92.162,25.966],[92.162,25.967],[92.217,26.005],[92.23,26.008],[92.244,26.018],[92.245,26.018],[92.265,26.053],[92.272,26.065],[92.271,26.066],[92.104,26.05],[92.103,26.05],[92.098,26.049],[92.097,26.049],[92.065,26.035],[92.065,26.034],[92.061,26.035],[92.045,26.034],[92.045,26.035],[91.996,26.038],[91.995,26.038],[91.99,26.038],[91.989,26.038],[91.974,26.024],[91.967,26.021],[91.932,26.012],[91.91,26.009],[91.879,26.032],[91.844,26.11],[91.843,26.11],[91.834,26.116],[91.825,26.119],[91.725,26.046],[91.703,25.941],[91.702,25.941],[91.694,25.929],[91.614,25.936],[91.63,25.943],[91.623,26.024],[91.622,26.024],[91.554,25.989],[91.553,25.988],[91.547,25.975],[91.505,25.912],[91.505,25.911],[91.537,25.932],[91.515,25.913],[91.514,25.913],[91.496,25.894],[91.495,25.894],[91.445,25.84],[91.343,25.837],[91.294,25.775],[91.293,25.775],[91.281,25.759],[91.265,25.746],[91.246,25.733],[91.178,25.777],[91.196,25.857],[91.104,25.832],[91.102,25.832],[91.091,25.831],[91.074,25.843],[91.074,25.844],[91.047,25.849],[91.022,25.824],[91.001,25.825],[91.002,25.825],[91.004,25.828],[91.004,25.829],[91.031,25.886],[91.03,25.886],[91.029,25.887],[91.014,25.884],[91.012,25.884],[90.931,25.941],[90.927,25.942],[90.889,25.943],[90.828,25.948],[90.796,25.941],[90.788,25.929],[90.746,25.93],[90.744,25.933],[90.748,25.95],[90.747,25.95],[90.629,25.918],[90.589,25.958],[90.588,25.958],[90.53,25.907],[90.526,25.905],[90.531,25.935],[90.534,25.939],[90.489,26.003],[90.476,26.01],[90.444,25.996],[90.442,25.995],[90.422,25.989],[90.422,25.99],[90.212,25.953],[90.211,25.953],[90.21,25.96],[90.209,25.96],[90.192,25.954],[90.118,25.957],[90.113,25.954],[90.105,25.944],[90.106,25.943],[90.102,25.941],[90.087,25.926],[90.056,25.906],[90.055,25.905],[90.043,25.891],[90.023,25.894],[90.022,25.893],[90.019,25.891],[90.018,25.89],[90.015,25.887],[90.012,25.885],[90.018,25.856],[89.966,25.83],[89.966,25.831],[89.954,25.822],[89.954,25.823],[89.954,25.824],[89.951,25.821],[89.957,25.775],[89.938,25.746],[89.906,25.746],[89.905,25.746],[89.894,25.738],[89.899,25.73],[89.899,25.729],[89.937,25.687],[90.02,25.607],[90.019,25.606],[89.978,25.586],[89.931,25.564],[89.878,25.55],[89.873,25.517],[89.874,25.517],[89.872,25.482],[89.871,25.479],[89.852,25.467],[89.831,25.296],[89.967,25.304],[90.118,25.223],[90.451,25.152],[90.769,25.183],[90.844,25.158],[91.268,25.207],[91.464,25.135],[91.604,25.167],[91.638,25.123],[91.833,25.178],[92.074,25.185],[92.136,25.139],[92.425,25.03],[92.469,25.066]]]},"properties":{"state":"Meghalaya"}},
{"type":"Feature","geometry":{"type":"Polygon","coordinates":[[[92.836,24.378],[92.813,24.409],[92.802,24.423],[92.764,24.521],[92.763,24.521],[92.694,24.364],[92.693,24.364],[92.623,24.329],[92.608,24.251],[92.605,24.248],[92.604,24.248],[92.594,24.25],[92.583,24.25],[92.556,24.247],[92.547,24.237],[92.547,24.236],[92.541,24.204],[92.537,24.2],[92.53,24.179],[92.523,24.173],[92.522,24.173],[92.512,24.166],[92.495,24.16],[92.494,24.16],[92.492,24.161],[92.49,24.163],[92.489,24.163],[92.487,24.162],[92.48,24.144],[92.478,24.142],[92.421,24.199],[92.422,24.251],[92.423,24.255],[92.3,24.253],[92.299,24.253],[92.297,24.253],[92.29,24.252],[92.332,24.152],[92.308,23.96],[92.317,23.865],[92.317,23.864],[92.269,23.847],[92.265,23.725],[92.401,23.237],[92.347,23.236],[92.392,23.056],[92.376,22.929],[92.446,22.897],[92.506,22.739],[92.591,22.255],[92.578,22.143],[92.608,21.975],[92.68,22.012],[92.695,22.153],[92.864,22.063],[92.903,21.942],[92.952,22.03],[93.008,21.982],[93.004,22.103],[93.06,22.101],[93.038,22.194],[93.161,22.196],[93.199,22.255],[93.186,22.425],[93.139,22.455],[93.141,22.592],[93.091,22.704],[93.145,22.931],[93.134,23.058],[93.242,23.007],[93.328,23.041],[93.388,23.215],[93.356,23.353],[93.403,23.389],[93.397,23.51],[93.436,23.678],[93.392,23.761],[93.393,23.928],[93.326,24.05],[93.251,24.021],[93.143,24.085],[92.972,24.112],[93.039,24.341],[92.998,24.4],[92.836,24.378]]]},"properties":{"state":"Mizoram"}},
{"type":"Feature","geometry":{"type":"Polygon","coordinates":[[[95.193,27.035],[95.15,26.999],[95.107,26.967],[95.106,26.965],[94.982,26.913],[94.924,26.946],[94.907,26.936],[94.905,26.935],[94.874,26.917],[94.873,26.917],[94.859,26.893],[94.858,26.892],[94.835,26.862],[94.835,26.861],[94.819,26.846],[94.789,26.796],[94.74,26.775],[94.74,26.774],[94.609,26.729],[94.608,26.729],[94.609,26.737],[94.608,26.737],[94.593,26.723],[94.602,26.719],[94.602,26.713],[94.601,26.713],[94.594,26.715],[94.585,26.698],[94.568,26.684],[94.567,26.684],[94.56,26.688],[94.527,26.699],[94.526,26.699],[94.521,26.699],[94.521,26.694],[94.52,26.694],[94.509,26.685],[94.508,26.685],[94.509,26.68],[94.508,26.68],[94.46,26.66],[94.458,26.654],[94.451,26.635],[94.45,26.635],[94.446,26.631],[94.409,26.613],[94.406,26.591],[94.408,26.592],[94.405,26.553],[94.372,26.513],[94.374,26.511],[94.349,26.491],[94.349,26.49],[94.341,26.484],[94.341,26.483],[94.299,26.467],[94.298,26.467],[94.294,26.47],[94.294,26.471],[94.284,26.561],[94.203,26.475],[94.133,26.333],[94.131,26.331],[94.1,26.313],[94.1,26.312],[94.101,26.311],[94.101,26.31],[94.002,26.174],[94.001,26.172],[93.997,26.154],[93.997,26.153],[93.987,26.131],[93.987,26.13],[93.989,26.088],[93.955,26],[93.957,25.998],[93.978,25.924],[93.971,25.913],[93.967,25.906],[93.79,25.811],[93.783,25.951],[93.777,25.969],[93.776,25.969],[93.767,25.955],[93.764,25.952],[93.765,25.954],[93.748,25.935],[93.747,25.935],[93.74,25.93],[93.69,25.908],[93.645,25.819],[93.644,25.819],[93.584,25.758],[93.57,25.759],[93.569,25.759],[93.52,25.692],[93.48,25.645],[93.478,25.647],[93.423,25.626],[93.336,25.537],[93.387,25.483],[93.389,25.475],[93.389,25.474],[93.389,25.473],[93.409,25.449],[93.436,25.448],[93.469,25.307],[93.471,25.305],[93.501,25.241],[93.604,25.198],[93.81,25.481],[93.768,25.537],[94.007,25.591],[94.135,25.519],[94.298,25.49],[94.416,25.537],[94.47,25.616],[94.592,25.681],[94.553,25.507],[94.681,25.455],[94.806,25.492],[94.899,25.565],[94.936,25.668],[95.041,25.743],[95.01,25.874],[95.186,26.073],[95.118,26.101],[95.132,26.378],[95.072,26.472],[95.233,26.681],[95.241,26.781],[95.181,26.859],[95.231,26.915],[95.193,27.035]]]},"properties":{"state":"Nagaland"}},
{"type":"Feature","geometry":{"type":"MultiPolygon","coordinates":[[[[84.339,18.79],[84.329,18.787],[84.34,18.778],[84.339,18.79]]],[[[84.35,18.791],[84.352,18.786],[84.353,18.79],[84.35,18.791]]],[[[81.502,17.818],[81.503,17.818],[81.504,17.818],[81.51,17.818],[81.511,17.818],[81.513,17.818],[81.524,17.82],[81.524,17.821],[81.526,17.822],[81.527,17.823],[81.535,17.824],[81.54,17.824],[81.541,17.825],[81.544,17.826],[81.545,17.826],[81.546,17.826],[81.549,17.826],[81.55,17.827],[81.551,17.827],[81.552,17.827],[81.557,17.827],[81.559,17.827],[81.561,17.827],[81.562,17.827],[81.566,17.829],[81.566,17.83],[81.568,17.833],[81.575,17.839],[81.576,17.839],[81.577,17.839],[81.581,17.838],[81.582,17.838],[81.591,17.836],[81.597,17.833],[81.598,17.833],[81.599,17.832],[81.6,17.832],[81.602,17.83],[81.605,17.829],[81.615,17.824],[81.615,17.823],[81.802,17.952],[81.963,18.002],[82.007,18.058],[82.26,18.042],[82.35,18.078],[82.309,18.205],[82.391,18.327],[82.363,18.422],[82.443,18.52],[82.532,18.51],[82.541,18.4],[82.603,18.383],[82.587,18.276],[82.77,18.338],[82.814,18.452],[82.938,18.361],[83.075,18.404],[83.019,18.457],[83.093,18.549],[82.999,18.621],[83.137,18.786],[83.22,18.774],[83.413,18.874],[83.31,18.996],[83.399,19.01],[83.462,18.955],[83.474,19.095],[83.537,19.009],[83.638,19.153],[83.748,18.996],[83.795,19.018],[83.852,18.859],[84.044,18.814],[84.089,18.758],[84.162,18.79],[84.319,18.788],[84.514,19.049],[84.629,19.083],[84.669,19.167],[84.761,19.079],[84.846,19.199],[85.111,19.419],[85.383,19.602],[85.68,19.742],[86.226,19.897],[86.374,19.957],[86.52,20.17],[86.798,20.364],[86.729,20.44],[86.776,20.521],[87.059,20.717],[86.944,20.766],[86.986,20.843],[86.853,21.093],[86.859,21.213],[86.934,21.342],[87.128,21.513],[87.259,21.554],[87.413,21.551],[87.484,21.619],[87.445,21.768],[87.277,21.805],[87.236,21.957],[87.17,21.979],[87.099,21.866],[87.002,21.913],[87.028,22.037],[86.965,22.086],[86.962,22.087],[86.722,22.147],[86.727,22.217],[86.504,22.343],[86.442,22.303],[86.283,22.448],[86.124,22.489],[86.069,22.556],[85.973,22.506],[86.029,22.334],[85.974,22.247],[86.031,22.192],[86.009,22.118],[85.901,21.983],[85.766,21.995],[85.823,22.106],[85.687,22.054],[85.412,22.162],[85.214,22.049],[85.025,22.118],[85.118,22.317],[85.057,22.486],[84.909,22.423],[84.759,22.447],[84.503,22.42],[84.401,22.346],[84.291,22.343],[84.141,22.426],[84.142,22.472],[84.009,22.526],[84.047,22.469],[84.005,22.374],[83.866,22.343],[83.758,22.24],[83.628,22.204],[83.537,22.044],[83.579,21.831],[83.494,21.817],[83.489,21.748],[83.37,21.6],[83.355,21.448],[83.39,21.343],[83.274,21.377],[83.279,21.295],[83.218,21.255],[83.198,21.145],[83.132,21.106],[82.948,21.162],[82.637,21.148],[82.63,21.04],[82.488,20.909],[82.47,20.834],[82.34,20.847],[82.377,20.632],[82.334,20.569],[82.438,20.434],[82.391,20.162],[82.401,20.055],[82.718,19.989],[82.704,19.832],[82.583,19.779],[82.604,19.866],[82.418,19.904],[82.344,19.835],[82.269,19.975],[82.184,19.984],[82.07,20.057],[82.022,20.024],[81.946,20.105],[81.865,20.027],[81.852,19.923],[82.066,19.783],[82.029,19.508],[82.1,19.517],[82.149,19.353],[82.246,18.919],[82.175,18.901],[82.156,18.785],[82.085,18.719],[81.965,18.693],[81.896,18.629],[81.963,18.595],[81.769,18.418],[81.75,18.354],[81.66,18.347],[81.531,18.265],[81.526,18.16],[81.448,17.889],[81.396,17.82],[81.502,17.818]]],[[[86.807,20.391],[86.796,20.395],[86.799,20.365],[86.807,20.391]]],[[[86.791,20.382],[86.793,20.383],[86.791,20.385],[86.791,20.382]]],[[[86.787,20.384],[86.807,20.442],[86.791,20.433],[86.787,20.384]]]]},"properties":{"state":"Odisha"}},
{"type":"Feature","geometry":{"type":"MultiPolygon","coordinates":[[[[79.851,10.994],[79.748,11.003],[79.725,10.93],[79.839,10.828],[79.851,10.994]]],[[[79.807,11.833],[79.738,11.843],[79.72,11.785],[79.796,11.785],[79.807,11.833]]],[[[79.653,11.87],[79.64,11.852],[79.657,11.852],[79.653,11.87]]],[[[79.841,11.956],[79.749,11.922],[79.746,12.008],[79.692,11.951],[79.708,11.869],[79.808,11.837],[79.841,11.956]],[[79.772,11.903],[79.796,11.9],[79.785,11.863],[79.772,11.903]]]]},"properties":{"state":"Puducherry"}},
{"type":"Feature","geometry":{"type":"Polygon","coordinates":[[[76.783,30.789],[76.838,30.755],[76.847,30.834],[76.777,30.904],[76.625,30.999],[76.612,31.25],[76.504,31.267],[76.372,31.408],[76.275,31.301],[76.18,31.307],[76.168,31.411],[76.017,31.634],[75.892,31.962],[75.601,32.093],[75.661,32.137],[75.618,32.237],[75.773,32.29],[75.921,32.429],[75.858,32.484],[75.845,32.507],[75.839,32.513],[75.834,32.512],[75.834,32.511],[75.833,32.511],[75.834,32.506],[75.833,32.504],[75.833,32.503],[75.832,32.503],[75.831,32.503],[75.83,32.504],[75.828,32.504],[75.826,32.503],[75.826,32.502],[75.826,32.501],[75.826,32.5],[75.826,32.499],[75.825,32.498],[75.823,32.495],[75.821,32.492],[75.82,32.492],[75.817,32.49],[75.814,32.489],[75.813,32.488],[75.812,32.488],[75.811,32.488],[75.81,32.488],[75.809,32.488],[75.807,32.487],[75.806,32.487],[75.805,32.487],[75.802,32.486],[75.793,32.479],[75.79,32.477],[75.789,32.477],[75.789,32.476],[75.788,32.475],[75.787,32.475],[75.786,32.474],[75.785,32.473],[75.784,32.472],[75.783,32.471],[75.782,32.47],[75.78,32.468],[75.779,32.467],[75.778,32.466],[75.777,32.465],[75.775,32.464],[75.771,32.462],[75.77,32.462],[75.767,32.462],[75.766,32.462],[75.765,32.462],[75.764,32.461],[75.763,32.46],[75.762,32.46],[75.761,32.46],[75.76,32.46],[75.759,32.46],[75.755,32.456],[75.754,32.456],[75.753,32.455],[75.747,32.454],[75.743,32.455],[75.734,32.453],[75.729,32.444],[75.73,32.439],[75.732,32.439],[75.733,32.439],[75.734,32.439],[75.735,32.439],[75.743,32.433],[75.744,32.432],[75.743,32.431],[75.743,32.43],[75.74,32.43],[75.737,32.43],[75.735,32.43],[75.734,32.43],[75.734,32.431],[75.733,32.43],[75.731,32.428],[75.731,32.427],[75.731,32.426],[75.732,32.425],[75.732,32.424],[75.732,32.423],[75.73,32.42],[75.729,32.418],[75.728,32.417],[75.725,32.412],[75.723,32.41],[75.723,32.406],[75.723,32.405],[75.721,32.406],[75.719,32.406],[75.716,32.407],[75.715,32.407],[75.714,32.409],[75.713,32.41],[75.711,32.41],[75.708,32.409],[75.705,32.405],[75.701,32.4],[75.687,32.391],[75.686,32.39],[75.685,32.39],[75.684,32.39],[75.683,32.39],[75.68,32.39],[75.679,32.39],[75.678,32.39],[75.677,32.391],[75.677,32.392],[75.676,32.392],[75.676,32.393],[75.675,32.393],[75.673,32.394],[75.648,32.387],[75.646,32.387],[75.645,32.386],[75.643,32.386],[75.643,32.385],[75.638,32.382],[75.636,32.381],[75.633,32.38],[75.631,32.379],[75.624,32.378],[75.618,32.378],[75.61,32.377],[75.604,32.377],[75.601,32.377],[75.6,32.377],[75.599,32.377],[75.598,32.378],[75.597,32.378],[75.539,32.295],[75.495,32.277],[75.49,32.309],[75.447,32.325],[75.414,32.324],[75.379,32.329],[75.344,32.339],[75.336,32.335],[75.333,32.326],[75.336,32.324],[75.338,32.322],[75.32,32.297],[75.371,32.28],[75.279,32.118],[75.202,32.12],[75.012,32.036],[74.925,32.066],[74.819,31.959],[74.608,31.89],[74.547,31.749],[74.487,31.715],[74.612,31.568],[74.653,31.455],[74.554,31.367],[74.51,31.132],[74.689,31.128],[74.671,31.054],[74.574,31.057],[74.546,30.992],[74.416,30.94],[74.32,30.847],[74.275,30.737],[74.118,30.608],[74.091,30.549],[73.928,30.466],[73.965,30.425],[73.88,30.36],[73.973,30.198],[73.896,29.974],[74.527,29.943],[74.532,29.949],[74.588,29.918],[74.806,29.992],[74.923,29.952],[74.99,29.868],[75.115,29.879],[75.114,29.878],[75.11,29.872],[75.109,29.871],[75.165,29.782],[75.21,29.833],[75.182,29.629],[75.235,29.542],[75.462,29.808],[75.56,29.771],[75.561,29.771],[75.688,29.762],[75.716,29.803],[75.835,29.815],[75.87,29.749],[76.043,29.743],[76.097,29.81],[76.117,29.802],[76.124,29.791],[76.163,29.818],[76.222,29.848],[76.247,29.875],[76.24,29.879],[76.239,29.879],[76.226,29.884],[76.213,29.887],[76.209,29.886],[76.208,29.886],[76.199,29.885],[76.188,29.915],[76.174,29.93],[76.175,29.931],[76.193,29.961],[76.193,29.962],[76.197,29.963],[76.202,29.989],[76.203,29.99],[76.217,30.123],[76.4,30.117],[76.547,30.076],[76.64,30.15],[76.61,30.27],[76.731,30.346],[76.713,30.388],[76.847,30.438],[76.896,30.362],[76.896,30.36],[76.9,30.449],[76.926,30.61],[76.829,30.681],[76.777,30.67],[76.712,30.762],[76.783,30.789]]]},"properties":{"state":"Punjab"}},
{"type":"Feature","geometry":{"type":"Polygon","coordinates":[[[71.288,24.616],[71.478,24.68],[71.655,24.639],[71.872,24.682],[71.94,24.634],[72.085,24.707],[72.165,24.621],[72.442,24.515],[72.457,24.415],[72.537,24.52],[72.681,24.465],[72.733,24.364],[72.978,24.374],[72.969,24.453],[73.086,24.499],[73.076,24.397],[73.152,24.354],[73.067,24.195],[73.193,24.041],[73.282,24.019],[73.327,24.11],[73.405,24.041],[73.42,23.925],[73.354,23.852],[73.523,23.607],[73.569,23.653],[73.656,23.621],[73.627,23.449],[73.721,23.41],[73.819,23.438],[73.888,23.356],[73.962,23.381],[74.038,23.295],[74.139,23.266],[74.128,23.176],[74.247,23.184],[74.324,23.061],[74.385,23.111],[74.539,23.103],[74.671,23.2],[74.701,23.265],[74.544,23.28],[74.604,23.458],[74.847,23.552],[74.905,23.625],[74.94,23.765],[74.904,23.794],[74.929,23.954],[74.982,24.026],[74.921,24.078],[74.868,24.243],[74.777,24.239],[74.781,24.339],[74.854,24.445],[74.709,24.486],[74.814,24.666],[74.809,24.781],[74.89,24.634],[74.999,24.684],[75.007,24.772],[74.861,24.799],[74.843,24.969],[74.924,24.878],[75.048,24.85],[75.119,24.882],[75.114,24.967],[75.193,25.034],[75.334,25.041],[75.295,24.858],[75.426,24.884],[75.19,24.754],[75.228,24.718],[75.455,24.681],[75.534,24.712],[75.646,24.685],[75.757,24.762],[75.838,24.725],[75.825,24.613],[75.915,24.572],[75.909,24.455],[75.747,24.423],[75.738,24.335],[75.83,24.233],[75.751,24.143],[75.837,24.057],[75.702,23.967],[75.671,24.018],[75.521,24.025],[75.459,23.921],[75.565,23.833],[75.563,23.833],[75.647,23.796],[75.981,23.929],[75.963,24.019],[76.127,24.088],[76.118,24.195],[76.185,24.329],[76.205,24.217],[76.34,24.244],[76.471,24.226],[76.515,24.163],[76.695,24.284],[76.676,24.191],[76.802,24.117],[76.901,24.127],[76.946,24.206],[76.863,24.273],[76.852,24.451],[76.816,24.534],[76.918,24.543],[76.978,24.461],[77.055,24.526],[77.065,24.644],[76.964,24.757],[76.856,24.742],[76.803,24.809],[76.926,24.847],[76.862,24.961],[76.876,25.042],[77.123,25.067],[77.175,25.112],[77.31,25.081],[77.391,25.123],[77.414,25.22],[77.356,25.263],[77.371,25.408],[77.312,25.431],[77.223,25.319],[77.084,25.337],[77.031,25.295],[76.857,25.333],[76.78,25.316],[76.598,25.394],[76.516,25.528],[76.516,25.777],[76.578,25.866],[76.779,25.939],[76.902,26.094],[77.204,26.23],[77.439,26.404],[77.524,26.407],[77.747,26.539],[77.833,26.561],[77.898,26.655],[78.095,26.679],[78.106,26.79],[78.223,26.831],[78.272,26.921],[78.125,26.949],[78.096,26.894],[77.878,26.902],[77.761,26.933],[77.723,26.874],[77.556,26.818],[77.501,26.844],[77.455,26.742],[77.427,26.859],[77.661,26.971],[77.743,26.983],[77.519,27.067],[77.681,27.194],[77.599,27.297],[77.44,27.391],[77.438,27.456],[77.34,27.527],[77.353,27.651],[77.284,27.801],[77.045,27.822],[77.086,27.738],[77,27.737],[76.979,27.654],[76.891,27.695],[76.936,27.829],[76.931,27.993],[76.971,28.138],[76.875,28.218],[76.657,28.089],[76.668,28.014],[76.545,27.964],[76.544,28.034],[76.448,28.089],[76.476,28.149],[76.357,28.144],[76.178,28.046],[76.168,27.903],[76.225,27.833],[75.971,27.852],[75.977,28.031],[75.946,28.108],[76.095,28.151],[76.026,28.275],[75.918,28.372],[75.777,28.4],[75.788,28.454],[75.561,28.613],[75.473,28.923],[75.527,28.971],[75.391,29.063],[75.411,29.256],[75.34,29.283],[75.12,29.223],[75.05,29.286],[74.962,29.28],[74.938,29.362],[74.851,29.404],[74.782,29.358],[74.607,29.355],[74.543,29.468],[74.616,29.752],[74.477,29.745],[74.561,29.87],[74.527,29.943],[73.896,29.974],[73.973,30.198],[73.807,30.068],[73.397,29.946],[73.282,29.572],[73.084,29.236],[72.946,29.028],[72.733,28.948],[72.404,28.783],[72.299,28.67],[72.206,28.394],[72.004,28.219],[71.927,28.121],[71.898,27.961],[71.666,27.878],[71.383,27.873],[71.206,27.835],[70.906,27.71],[70.759,27.721],[70.684,27.828],[70.677,27.922],[70.506,28.037],[70.372,28.012],[70.132,27.806],[70.026,27.563],[69.862,27.402],[69.586,27.183],[69.513,27.01],[69.484,26.805],[69.51,26.744],[69.887,26.579],[70.056,26.601],[70.174,26.551],[70.175,26.252],[70.083,26.083],[70.1,25.938],[70.269,25.714],[70.387,25.674],[70.609,25.715],[70.674,25.676],[70.665,25.397],[70.889,25.148],[70.938,24.939],[71.096,24.689],[71.261,24.625],[71.288,24.616]]]},"properties":{"state":"Rajasthan"}},
{"type":"Feature","geometry":{"type":"Polygon","coordinates":[[[88.746,27.144],[88.803,27.248],[88.919,27.321],[88.777,27.467],[88.766,27.566],[88.849,27.665],[88.882,27.889],[88.837,28.018],[88.627,28.125],[88.544,28.033],[88.495,28.054],[88.397,27.978],[88.25,27.941],[88.146,27.964],[88.133,27.882],[88.195,27.855],[88.144,27.664],[88.059,27.535],[88.067,27.336],[88.013,27.217],[88.087,27.165],[88.088,27.161],[88.088,27.16],[88.147,27.113],[88.149,27.113],[88.329,27.106],[88.334,27.106],[88.338,27.11],[88.431,27.079],[88.53,27.17],[88.573,27.186],[88.574,27.186],[88.746,27.144]]]},"properties":{"state":"Sikkim"}},
{"type":"Feature","geometry":{"type":"MultiPolygon","coordinates":[[[[78.492,9.085],[78.495,9.086],[78.497,9.09],[78.492,9.085]]],[[[79.444,9.152],[79.446,9.152],[79.446,9.153],[79.444,9.152]]],[[[78.818,9.161],[78.817,9.16],[78.819,9.161],[78.818,9.161]]],[[[79.081,9.203],[79.064,9.201],[79.082,9.192],[79.081,9.203]]],[[[79.141,9.214],[79.137,9.215],[79.138,9.212],[79.141,9.214]]],[[[79.124,9.219],[79.124,9.213],[79.133,9.218],[79.124,9.219]]],[[[79.182,9.241],[79.183,9.24],[79.197,9.234],[79.182,9.241]]],[[[79.234,9.244],[79.23,9.244],[79.231,9.239],[79.234,9.244]]],[[[79.181,9.248],[79.179,9.248],[79.179,9.244],[79.181,9.248]]],[[[79.209,9.246],[79.211,9.249],[79.206,9.247],[79.209,9.246]]],[[[79.212,9.249],[79.212,9.248],[79.214,9.25],[79.212,9.249]]],[[[78.231,12.761],[78.031,12.852],[77.988,12.808],[77.936,12.887],[77.796,12.835],[77.761,12.697],[77.599,12.667],[77.587,12.515],[77.62,12.383],[77.472,12.21],[77.731,12.18],[77.775,12.118],[77.676,11.952],[77.493,11.941],[77.45,11.796],[77.335,11.771],[77.294,11.809],[77.111,11.774],[77.115,11.722],[77.013,11.815],[76.908,11.795],[76.834,11.649],[76.856,11.599],[76.567,11.619],[76.512,11.705],[76.431,11.666],[76.432,11.631],[76.234,11.571],[76.247,11.468],[76.342,11.468],[76.548,11.359],[76.546,11.3],[76.453,11.239],[76.458,11.188],[76.629,11.194],[76.707,11.238],[76.748,11.135],[76.659,10.931],[76.831,10.871],[76.904,10.763],[76.839,10.596],[76.816,10.423],[76.83,10.303],[76.983,10.221],[77.176,10.359],[77.288,10.232],[77.268,10.122],[77.204,10.088],[77.273,9.964],[77.218,9.905],[77.247,9.808],[77.166,9.613],[77.27,9.573],[77.325,9.598],[77.412,9.509],[77.283,9.301],[77.268,9.153],[77.147,9.021],[77.264,8.842],[77.191,8.742],[77.201,8.669],[77.284,8.547],[77.096,8.294],[77.315,8.121],[77.551,8.078],[77.577,8.137],[77.745,8.177],[77.804,8.241],[78.064,8.372],[78.13,8.497],[78.129,8.668],[78.166,8.866],[78.215,8.966],[78.415,9.115],[78.656,9.157],[78.665,9.194],[78.981,9.274],[79.206,9.283],[79.428,9.173],[79.27,9.295],[79.065,9.299],[78.934,9.412],[78.899,9.491],[78.974,9.678],[79.119,9.853],[79.153,9.928],[79.266,10.039],[79.228,10.152],[79.267,10.229],[79.388,10.317],[79.472,10.316],[79.503,10.38],[79.637,10.379],[79.712,10.279],[79.858,10.282],[79.865,10.401],[79.839,10.828],[79.725,10.93],[79.748,11.003],[79.851,10.994],[79.853,11.197],[79.803,11.454],[79.757,11.556],[79.796,11.785],[79.72,11.785],[79.738,11.843],[79.807,11.833],[79.808,11.837],[79.708,11.869],[79.692,11.951],[79.746,12.008],[79.749,11.922],[79.841,11.956],[79.879,12.054],[80.157,12.469],[80.245,12.751],[80.298,13.138],[80.345,13.281],[80.325,13.444],[80.269,13.565],[80.242,13.471],[80,13.542],[79.931,13.351],[79.731,13.283],[79.795,13.242],[79.703,13.222],[79.681,13.288],[79.54,13.272],[79.537,13.339],[79.445,13.302],[79.434,13.19],[79.365,13.131],[79.21,13.148],[79.185,13.03],[79.081,13.026],[79.037,13.071],[78.813,13.089],[78.621,12.991],[78.592,12.783],[78.519,12.736],[78.472,12.632],[78.379,12.625],[78.276,12.702],[78.201,12.692],[78.231,12.761]],[[79.653,11.87],[79.657,11.852],[79.64,11.852],[79.653,11.87]]],[[[79.489,9.12],[79.496,9.123],[79.492,9.124],[79.489,9.12]]],[[[79.488,9.127],[79.488,9.128],[79.487,9.127],[79.488,9.127]]],[[[79.481,9.129],[79.482,9.13],[79.481,9.131],[79.48,9.13],[79.481,9.13],[79.481,9.129]]],[[[79.482,9.132],[79.483,9.133],[79.481,9.133],[79.482,9.132]]],[[[79.473,9.136],[79.474,9.138],[79.47,9.139],[79.473,9.136]]],[[[79.465,9.143],[79.467,9.14],[79.467,9.143],[79.465,9.143]]],[[[79.454,9.145],[79.454,9.144],[79.455,9.145],[79.454,9.145]]],[[[79.455,9.147],[79.456,9.147],[79.455,9.148],[79.455,9.147]]],[[[79.454,9.147],[79.453,9.15],[79.45,9.148],[79.454,9.147]]],[[[79.448,9.153],[79.446,9.157],[79.447,9.153],[79.448,9.153]]],[[[79.772,11.903],[79.785,11.863],[79.796,11.9],[79.772,11.903]]]]},"properties":{"state":"Tamil Nadu"}},
{"type":"Feature","geometry":{"type":"Polygon","coordinates":[[[81.086,17.798],[81.008,17.798],[80.949,18.085],[80.958,18.177],[80.867,18.14],[80.866,18.233],[80.737,18.177],[80.792,18.251],[80.735,18.413],[80.638,18.523],[80.457,18.63],[80.347,18.595],[80.273,18.723],[80.112,18.683],[79.914,18.826],[79.962,18.867],[79.938,19.041],[79.87,19.042],[79.98,19.39],[79.944,19.471],[79.744,19.609],[79.632,19.575],[79.6,19.51],[79.471,19.5],[79.251,19.616],[79.222,19.468],[79.046,19.548],[78.94,19.552],[78.955,19.656],[78.852,19.659],[78.841,19.762],[78.604,19.818],[78.423,19.818],[78.307,19.914],[78.285,19.857],[78.365,19.781],[78.276,19.692],[78.309,19.481],[78.192,19.407],[78.175,19.238],[78.056,19.237],[77.944,19.343],[77.863,19.304],[77.834,19.134],[77.765,19.063],[77.771,18.979],[77.859,18.949],[77.949,18.843],[77.84,18.805],[77.787,18.683],[77.73,18.667],[77.738,18.557],[77.596,18.549],[77.551,18.46],[77.551,18.292],[77.597,18.087],[77.554,18.036],[77.648,17.999],[77.512,17.782],[77.543,17.729],[77.452,17.695],[77.443,17.584],[77.662,17.523],[77.689,17.475],[77.513,17.431],[77.454,17.374],[77.458,17.281],[77.362,17.164],[77.464,17.11],[77.502,17.009],[77.459,16.917],[77.419,16.669],[77.461,16.585],[77.369,16.489],[77.236,16.473],[77.288,16.409],[77.423,16.366],[77.49,16.385],[77.588,16.333],[77.505,16.276],[77.491,16.16],[77.513,15.927],[77.804,15.874],[77.89,15.906],[78.099,15.836],[78.25,15.934],[78.408,16.075],[78.552,16.043],[78.61,16.087],[78.735,16.008],[78.889,16.085],[78.911,16.188],[79.009,16.24],[79.215,16.226],[79.214,16.485],[79.259,16.567],[79.419,16.58],[79.44,16.615],[79.789,16.729],[79.965,16.645],[80.073,16.817],[79.999,16.865],[80.055,16.971],[80.187,17.02],[80.284,17.007],[80.322,16.88],[80.57,16.768],[80.602,16.919],[80.363,16.976],[80.419,17.092],[80.465,17.03],[80.58,17.153],[80.699,17.084],[80.876,17.074],[80.919,17.22],[80.998,17.19],[81.171,17.231],[81.19,17.325],[81.274,17.317],[81.313,17.408],[81.015,17.522],[80.969,17.598],[81.01,17.644],[80.878,17.651],[80.886,17.736],[80.966,17.78],[81.058,17.733],[81.086,17.798]]]},"properties":{"state":"Telangana"}},
{"type":"Feature","geometry":{"type":"Polygon","coordinates":[[[92.213,24.504],[92.154,24.512],[92.123,24.385],[91.997,24.394],[91.92,24.337],[91.906,24.139],[91.838,24.219],[91.745,24.247],[91.759,24.141],[91.684,24.167],[91.545,24.074],[91.375,24.108],[91.38,23.975],[91.304,23.997],[91.23,23.881],[91.254,23.838],[91.169,23.75],[91.163,23.595],[91.249,23.49],[91.324,23.237],[91.323,23.158],[91.396,23.056],[91.381,23.192],[91.455,23.256],[91.542,22.999],[91.62,22.938],[91.711,22.982],[91.817,23.101],[91.763,23.303],[91.971,23.503],[91.934,23.685],[92.079,23.648],[92.172,23.739],[92.226,23.655],[92.265,23.725],[92.269,23.847],[92.317,23.864],[92.317,23.865],[92.308,23.96],[92.332,24.152],[92.29,24.252],[92.213,24.25],[92.274,24.389],[92.213,24.504]]]},"properties":{"state":"Tripura"}},
{"type":"Feature","geometry":{"type":"Polygon","coordinates":[[[83.864,27.347],[83.614,27.469],[83.389,27.48],[83.373,27.357],[83.293,27.336],[83.188,27.454],[83.035,27.449],[82.929,27.501],[82.736,27.502],[82.756,27.587],[82.708,27.721],[82.449,27.679],[82.07,27.924],[81.968,27.929],[81.9,27.854],[81.698,27.988],[81.478,28.083],[81.447,28.161],[81.367,28.142],[81.233,28.289],[81.211,28.361],[81.08,28.385],[80.715,28.568],[80.591,28.68],[80.503,28.665],[80.518,28.552],[80.437,28.636],[80.118,28.829],[80.065,28.837],[80.03,28.749],[79.954,28.723],[79.829,28.884],[79.707,28.841],[79.426,28.866],[79.372,28.986],[79.307,28.967],[79.171,29.012],[79.153,29.116],[79.039,29.169],[78.927,29.118],[78.858,29.233],[78.731,29.314],[78.849,29.344],[78.925,29.434],[78.711,29.5],[78.565,29.601],[78.517,29.719],[78.336,29.797],[78.204,29.737],[78.131,29.653],[77.973,29.58],[77.926,29.714],[77.83,29.668],[77.715,29.884],[77.801,30.096],[77.866,30.119],[77.959,30.245],[77.721,30.331],[77.647,30.405],[77.576,30.397],[77.586,30.38],[77.587,30.314],[77.406,30.089],[77.276,30.038],[77.186,29.908],[77.157,29.693],[77.086,29.584],[77.16,29.337],[77.134,29.095],[77.233,28.919],[77.21,28.858],[77.256,28.756],[77.256,28.754],[77.259,28.753],[77.331,28.713],[77.3,28.577],[77.345,28.513],[77.478,28.419],[77.512,28.125],[77.474,28.087],[77.529,27.926],[77.284,27.801],[77.353,27.651],[77.34,27.527],[77.438,27.456],[77.44,27.391],[77.599,27.297],[77.681,27.194],[77.519,27.067],[77.743,26.983],[77.661,26.971],[77.427,26.859],[77.455,26.742],[77.501,26.844],[77.556,26.818],[77.723,26.874],[77.761,26.933],[77.878,26.902],[78.096,26.894],[78.125,26.949],[78.272,26.921],[78.223,26.831],[78.361,26.869],[78.395,26.817],[78.578,26.748],[78.816,26.762],[78.869,26.699],[78.993,26.677],[79.007,26.549],[79.135,26.44],[79.084,26.358],[79.135,26.325],[79.018,26.248],[78.952,26.129],[79.013,26.09],[78.937,25.953],[78.818,25.829],[78.763,25.72],[78.81,25.619],[78.658,25.56],[78.491,25.578],[78.431,25.474],[78.301,25.36],[78.391,25.201],[78.458,25.165],[78.339,25.049],[78.339,25.048],[78.334,24.995],[78.172,24.878],[78.277,24.662],[78.227,24.534],[78.271,24.446],[78.37,24.377],[78.33,24.326],[78.392,24.263],[78.502,24.39],[78.583,24.351],[78.789,24.177],[78.888,24.227],[78.994,24.423],[78.915,24.458],[78.946,24.557],[78.883,24.641],[78.752,24.599],[78.781,24.707],[78.771,24.857],[78.636,24.959],[78.578,25.253],[78.497,25.319],[78.602,25.409],[78.775,25.353],[78.732,25.46],[78.939,25.557],[78.937,25.486],[78.938,25.486],[78.944,25.349],[78.88,25.386],[78.809,25.272],[78.852,25.23],[78.884,25.344],[78.962,25.343],[78.955,25.261],[78.87,25.226],[78.88,25.158],[78.994,25.273],[79.124,25.111],[79.283,25.117],[79.351,25.264],[79.263,25.273],[79.3,25.338],[79.437,25.255],[79.384,25.143],[79.525,25.097],[79.56,25.17],[79.673,25.121],[79.749,25.14],[79.862,25.096],[79.851,25.227],[80.005,25.267],[80.034,25.342],[80.131,25.334],[80.264,25.424],[80.316,25.386],[80.311,25.286],[80.432,25.178],[80.358,25.143],[80.331,24.992],[80.448,25.079],[80.501,25.042],[80.592,25.103],[80.685,25.077],[80.778,25.142],[80.869,25.117],[80.83,24.918],[80.95,24.964],[81.09,24.946],[81.14,24.888],[81.21,24.923],[81.278,25.166],[81.357,25.163],[81.499,25.077],[81.513,25.177],[81.626,25.161],[81.612,25.056],[81.667,25.075],[81.908,24.98],[81.904,24.893],[82.116,24.784],[82.216,24.794],[82.183,24.734],[82.185,24.735],[82.23,24.681],[82.416,24.591],[82.407,24.683],[82.539,24.648],[82.671,24.697],[82.774,24.642],[82.797,24.577],[82.721,24.555],[82.713,24.38],[82.768,24.371],[82.728,24.136],[82.751,24.012],[82.81,23.963],[82.954,23.871],[83.142,23.885],[83.33,24.102],[83.408,24.263],[83.38,24.313],[83.457,24.365],[83.402,24.503],[83.503,24.525],[83.53,24.642],[83.391,24.789],[83.351,25.009],[83.32,25.017],[83.357,25.2],[83.524,25.303],[83.768,25.386],[83.876,25.518],[84.081,25.636],[84.089,25.713],[84.206,25.67],[84.324,25.67],[84.337,25.744],[84.561,25.684],[84.635,25.728],[84.534,25.876],[84.312,25.944],[84.056,26.1],[84.02,26.239],[84.177,26.265],[84.176,26.373],[83.911,26.45],[83.906,26.512],[84.048,26.536],[84.087,26.639],[84.285,26.6],[84.42,26.626],[84.306,26.75],[84.233,26.754],[84.219,26.871],[84.083,26.877],[84.036,26.946],[84.046,27.046],[83.956,27.084],[83.994,27.175],[83.864,27.347]]]},"properties":{"state":"Uttar Pradesh"}},
{"type":"Feature","geometry":{"type":"Polygon","coordinates":[[[77.576,30.397],[77.647,30.405],[77.721,30.331],[77.959,30.245],[77.866,30.119],[77.801,30.096],[77.715,29.884],[77.83,29.668],[77.926,29.714],[77.973,29.58],[78.131,29.653],[78.204,29.737],[78.336,29.797],[78.517,29.719],[78.565,29.601],[78.711,29.5],[78.925,29.434],[78.849,29.344],[78.731,29.314],[78.858,29.233],[78.927,29.118],[79.039,29.169],[79.153,29.116],[79.171,29.012],[79.307,28.967],[79.372,28.986],[79.426,28.866],[79.707,28.841],[79.829,28.884],[79.954,28.723],[80.03,28.749],[80.065,28.837],[80.143,29.099],[80.272,29.141],[80.317,29.315],[80.246,29.408],[80.407,29.595],[80.365,29.747],[80.492,29.795],[80.605,29.959],[80.674,29.957],[80.874,30.126],[80.903,30.215],[81.029,30.196],[81.006,30.263],[80.822,30.316],[80.746,30.397],[80.586,30.482],[80.539,30.449],[80.413,30.525],[80.227,30.579],[80.198,30.68],[80.25,30.742],[80.122,30.777],[79.929,30.882],[79.858,30.973],[79.754,30.997],[79.604,30.938],[79.519,31.027],[79.425,31.03],[79.333,31.127],[79.246,31.33],[79.062,31.461],[79.007,31.354],[78.884,31.287],[79.009,31.11],[78.89,31.097],[78.81,31.198],[78.66,31.191],[78.58,31.226],[78.484,31.199],[78.384,31.282],[78.16,31.226],[78.03,31.151],[77.908,31.154],[77.811,31.059],[77.704,30.766],[77.791,30.661],[77.743,30.596],[77.819,30.508],[77.576,30.397]]]},"properties":{"state":"Uttarakhand"}},
{"type":"Feature","geometry":{"type":"Polygon","coordinates":[[[89.863,26.701],[89.753,26.735],[89.624,26.718],[89.651,26.776],[89.461,26.806],[89.379,26.862],[89.262,26.814],[89.134,26.808],[89.022,26.941],[88.877,26.944],[88.871,27.108],[88.746,27.144],[88.574,27.186],[88.573,27.186],[88.53,27.17],[88.431,27.079],[88.338,27.11],[88.334,27.106],[88.329,27.106],[88.149,27.113],[88.147,27.113],[88.088,27.16],[88.088,27.161],[88.087,27.165],[88.013,27.217],[87.991,27.131],[88.038,27.036],[88.119,26.987],[88.188,26.772],[88.11,26.549],[88.235,26.545],[88.183,26.504],[88.283,26.378],[88.278,26.325],[87.97,26.121],[87.982,26.073],[87.855,26.035],[87.831,25.871],[87.913,25.852],[87.903,25.776],[88.05,25.702],[88.021,25.571],[88.073,25.484],[87.959,25.539],[87.866,25.497],[87.764,25.386],[87.852,25.295],[87.819,25.242],[87.763,25.266],[87.711,25.258],[87.779,25.25],[87.795,25.09],[87.958,24.97],[87.898,24.822],[87.819,24.754],[87.904,24.724],[87.908,24.585],[87.772,24.584],[87.816,24.501],[87.787,24.364],[87.653,24.239],[87.694,24.151],[87.608,24.166],[87.559,24.081],[87.498,24.118],[87.491,24.018],[87.234,24.024],[87.293,23.959],[87.238,23.855],[87.129,23.869],[87.123,23.796],[86.916,23.883],[86.804,23.802],[86.799,23.688],[86.718,23.699],[86.491,23.638],[86.388,23.574],[86.36,23.452],[86.289,23.429],[86.149,23.465],[86.159,23.559],[86.042,23.586],[86.045,23.484],[85.876,23.481],[85.868,23.329],[85.821,23.27],[85.882,23.168],[86.024,23.144],[86.146,23.075],[86.186,23.005],[86.548,22.985],[86.548,22.983],[86.436,22.923],[86.433,22.775],[86.511,22.705],[86.641,22.659],[86.659,22.576],[86.758,22.578],[86.765,22.427],[86.847,22.397],[86.836,22.322],[86.838,22.321],[86.887,22.258],[86.727,22.217],[86.722,22.147],[86.962,22.087],[86.965,22.086],[87.028,22.037],[87.002,21.913],[87.099,21.866],[87.17,21.979],[87.236,21.957],[87.277,21.805],[87.445,21.768],[87.484,21.619],[87.661,21.644],[87.793,21.705],[87.975,21.856],[88.05,22.003],[88.19,22.113],[88.225,22.077],[88.142,21.958],[88.215,21.746],[88.178,21.702],[88.256,21.556],[88.296,21.594],[88.276,21.728],[88.342,21.711],[88.412,21.585],[88.414,21.691],[88.524,21.854],[88.71,21.995],[89.01,21.896],[89.063,21.932],[89.042,22.107],[89.093,22.144],[88.984,22.327],[89.001,22.43],[88.911,22.758],[88.969,22.844],[88.859,22.944],[88.868,23.101],[88.991,23.213],[88.719,23.255],[88.766,23.369],[88.758,23.478],[88.562,23.637],[88.587,23.871],[88.735,23.915],[88.757,24.033],[88.7,24.094],[88.746,24.147],[88.697,24.315],[88.628,24.305],[88.43,24.384],[88.328,24.385],[88.204,24.459],[88.009,24.668],[88.164,24.85],[88.138,24.936],[88.225,24.96],[88.276,24.892],[88.453,25.037],[88.443,25.196],[88.58,25.177],[88.712,25.208],[88.923,25.165],[88.993,25.296],[88.885,25.326],[88.824,25.401],[88.808,25.516],[88.7,25.471],[88.548,25.518],[88.444,25.597],[88.454,25.664],[88.267,25.782],[88.114,25.798],[88.086,25.915],[88.178,26.021],[88.177,26.148],[88.348,26.222],[88.353,26.282],[88.519,26.352],[88.485,26.46],[88.332,26.493],[88.415,26.633],[88.432,26.548],[88.563,26.459],[88.623,26.471],[88.705,26.332],[88.667,26.263],[88.794,26.31],[88.838,26.232],[88.876,26.287],[89.046,26.241],[88.946,26.448],[89.091,26.388],[89.155,26.139],[89.391,26.009],[89.587,25.98],[89.634,26.229],[89.719,26.166],[89.751,26.32],[89.869,26.452],[89.863,26.701]]]},"properties":{"state":"West Bengal"}}
]}