{"type":"FeatureCollection","features":[{"type":"Feature","properties":{"name":"Irrawaddy Delta","scalerank":1,"kind":"River"},"geometry":{"type":"MultiLineString","coordinates":[[[95.451,17.821],[95.428,17.845],[95.388,17.824],[95.324,17.762],[95.305,17.75],[95.272,17.755],[95.255,17.748],[95.197,17.677],[95.209,17.664],[95.214,17.645],[95.211,17.632],[95.197,17.635],[95.172,17.619],[95.161,17.609],[95.156,17.597],[95.159,17.584],[95.166,17.568],[95.17,17.553],[95.167,17.542],[95.124,17.51],[95.109,17.488],[95.115,17.464],[95.098,17.468],[95.085,17.46],[95.076,17.445],[95.067,17.43],[95.092,17.43],[95.089,17.407],[95.075,17.38],[95.064,17.367],[95.023,17.341],[95,17.334],[94.999,17.354],[94.981,17.359],[94.961,17.354],[94.945,17.343],[94.938,17.33],[94.938,17.299],[94.936,17.293],[94.931,17.285],[94.93,17.279],[94.955,17.239],[94.957,17.229],[94.937,17.219],[94.931,17.208],[94.926,17.195],[94.92,17.186],[94.915,17.18],[94.908,17.168],[94.904,17.162],[94.897,17.158],[94.876,17.148],[94.876,17.135],[94.869,17.115],[94.859,17.095],[94.852,17.087],[94.842,17.085],[94.832,17.08],[94.824,17.075],[94.82,17.07],[94.823,17.059],[94.83,17.047],[94.837,17.039],[94.842,17.038],[94.826,17.026],[94.806,17.028],[94.788,17.028],[94.78,17.008],[94.776,17.003],[94.749,16.981],[94.741,16.971],[94.741,16.962],[94.744,16.954],[94.745,16.942],[94.737,16.842],[94.725,16.785],[94.727,16.764],[94.742,16.74],[94.745,16.72],[94.742,16.714],[94.735,16.71],[94.728,16.703],[94.725,16.693],[94.726,16.681],[94.732,16.659],[94.732,16.648],[94.725,16.635],[94.702,16.608],[94.698,16.59],[94.696,16.571],[94.693,16.557],[94.686,16.545],[94.677,16.532]],[[95.45,17.791],[95.466,17.801],[95.486,17.827],[95.493,17.844],[95.487,17.878],[95.486,17.894],[95.493,17.909],[95.511,17.911],[95.537,17.925],[95.558,17.929],[95.574,17.921],[95.581,17.906],[95.587,17.895],[95.602,17.902],[95.61,17.885],[95.609,17.866],[95.602,17.824],[95.604,17.815],[95.614,17.79],[95.625,17.774],[95.631,17.756],[95.636,17.745],[95.644,17.734],[95.651,17.731],[95.659,17.728],[95.683,17.719],[95.686,17.719],[95.686,17.717],[95.685,17.707],[95.681,17.698],[95.667,17.695],[95.663,17.686],[95.666,17.682],[95.685,17.662],[95.713,17.616],[95.722,17.608],[95.727,17.599],[95.721,17.552],[95.725,17.532],[95.738,17.523],[95.759,17.514],[95.778,17.5],[95.787,17.48],[95.783,17.469],[95.778,17.459],[95.778,17.453],[95.791,17.45],[95.798,17.446],[95.802,17.438],[95.807,17.416],[95.811,17.411],[95.822,17.4],[95.809,17.393],[95.812,17.386],[95.832,17.364],[95.84,17.352],[95.842,17.341],[95.842,17.326],[95.848,17.301],[95.855,17.28],[95.866,17.261],[95.883,17.244],[95.893,17.238],[95.901,17.235],[95.908,17.228],[95.91,17.214],[95.914,17.201],[95.924,17.191],[95.945,17.176],[95.958,17.158],[95.956,17.144],[95.948,17.129],[95.938,17.107],[95.943,17.099],[95.943,17.074],[95.945,17.06],[95.949,17.047],[95.955,17.038],[95.962,17.031],[95.972,17.025],[96.025,17],[96.05,16.981],[96.061,16.953],[96.084,16.916],[96.087,16.9],[96.1,16.862],[96.114,16.838],[96.119,16.821],[96.122,16.804],[96.123,16.788],[96.129,16.777],[96.144,16.772],[96.158,16.77],[96.171,16.772]],[[95.465,17.707],[95.449,17.71],[95.432,17.706],[95.419,17.707],[95.418,17.708],[95.386,17.722],[95.375,17.697],[95.374,17.659],[95.369,17.635],[95.353,17.629],[95.329,17.644],[95.314,17.635],[95.308,17.618],[95.316,17.607],[95.328,17.595],[95.335,17.58],[95.325,17.553],[95.275,17.516],[95.266,17.498],[95.277,17.484],[95.342,17.457],[95.328,17.439],[95.325,17.43],[95.32,17.43],[95.313,17.432],[95.307,17.43],[95.302,17.416],[95.305,17.405],[95.311,17.395],[95.319,17.373],[95.327,17.363],[95.333,17.353],[95.328,17.34],[95.317,17.335],[95.302,17.333],[95.269,17.333],[95.261,17.339],[95.262,17.35],[95.268,17.362],[95.281,17.371],[95.28,17.378],[95.275,17.385],[95.273,17.388],[95.265,17.394],[95.264,17.393],[95.263,17.388],[95.259,17.381],[95.25,17.37],[95.243,17.359],[95.24,17.346],[95.239,17.33],[95.244,17.321],[95.27,17.309],[95.28,17.299],[95.264,17.302],[95.246,17.309],[95.228,17.314],[95.215,17.309],[95.213,17.296],[95.226,17.281],[95.242,17.266],[95.252,17.251],[95.251,17.237],[95.247,17.221],[95.246,17.208],[95.255,17.203],[95.266,17.196],[95.26,17.179],[95.246,17.163],[95.216,17.151],[95.205,17.141],[95.196,17.127],[95.191,17.114],[95.191,17.094],[95.198,17.078],[95.207,17.064],[95.211,17.049],[95.206,17.017],[95.191,16.981],[95.173,16.95],[95.156,16.929],[95.167,16.919],[95.176,16.906],[95.182,16.891],[95.184,16.878],[95.189,16.875],[95.201,16.871],[95.212,16.864],[95.22,16.844],[95.23,16.833],[95.232,16.826],[95.23,16.825],[95.22,16.817],[95.218,16.813],[95.197,16.758],[95.192,16.733],[95.191,16.706],[95.188,16.702],[95.18,16.704],[95.167,16.709],[95.157,16.707],[95.157,16.7],[95.163,16.686],[95.159,16.661],[95.149,16.646],[95.135,16.635],[95.122,16.621],[95.132,16.596],[95.13,16.578],[95.116,16.569],[95.091,16.565],[95.051,16.565],[95.038,16.561],[95.035,16.552],[95.038,16.543],[95.04,16.538],[95.027,16.524],[95.009,16.511],[94.993,16.495],[94.986,16.474],[94.982,16.453],[94.964,16.409],[94.952,16.346],[94.945,16.33],[94.934,16.316],[94.876,16.271],[94.866,16.258],[94.857,16.242],[94.847,16.228],[94.82,16.217],[94.808,16.204],[94.798,16.186],[94.794,16.169],[94.794,16.162]],[[95.607,16.858],[95.619,16.84],[95.635,16.831],[95.652,16.825],[95.667,16.816],[95.669,16.801],[95.656,16.757],[95.663,16.737],[95.683,16.725],[95.704,16.722],[95.742,16.724],[95.758,16.718],[95.768,16.703],[95.78,16.662],[95.782,16.651],[95.783,16.644],[95.786,16.638],[95.794,16.634],[95.809,16.635],[95.819,16.642],[95.828,16.651],[95.838,16.655],[95.852,16.662],[95.859,16.662],[95.866,16.64],[95.884,16.625],[95.89,16.614],[95.889,16.61],[95.883,16.58],[95.883,16.535],[95.876,16.525],[95.842,16.507],[95.835,16.497],[95.839,16.48],[95.851,16.471],[95.863,16.465],[95.869,16.46],[95.869,16.448],[95.871,16.433],[95.878,16.421],[95.893,16.415],[95.906,16.413],[95.951,16.402],[95.983,16.402],[95.997,16.397],[96.007,16.387]],[[95.479,16.806],[95.48,16.782],[95.483,16.765],[95.481,16.75],[95.465,16.731],[95.455,16.726],[95.446,16.726],[95.44,16.722],[95.437,16.706],[95.439,16.698],[95.441,16.695],[95.441,16.691],[95.437,16.683],[95.433,16.681],[95.426,16.683],[95.42,16.683],[95.417,16.679],[95.413,16.589],[95.404,16.545],[95.39,16.504],[95.385,16.509],[95.369,16.518],[95.373,16.502],[95.376,16.494],[95.379,16.49],[95.383,16.485],[95.382,16.474],[95.376,16.453],[95.349,16.402],[95.343,16.399],[95.325,16.394],[95.321,16.391],[95.311,16.357],[95.299,16.341],[95.289,16.322],[95.282,16.304],[95.273,16.23],[95.275,16.184],[95.272,16.169],[95.262,16.156],[95.234,16.122],[95.205,16.089],[95.186,16.048],[95.185,16.045],[95.17,16.039],[95.159,16.036],[95.15,16.038],[95.142,16.038],[95.132,16.025]]]}},{"type":"Feature","properties":{"name":"Bogcang","scalerank":9,"kind":"River"},"geometry":{"type":"MultiLineString","coordinates":[[[85.749,31.868],[85.751,31.867]],[[85.751,31.867],[85.758,31.863],[85.771,31.851],[85.776,31.847],[85.811,31.841],[85.836,31.828],[85.855,31.828],[85.899,31.833],[85.933,31.826],[85.946,31.827],[85.958,31.831],[85.98,31.845],[86,31.849],[86.024,31.86],[86.032,31.865],[86.043,31.869],[86.084,31.868],[86.104,31.876],[86.127,31.898],[86.149,31.902],[86.171,31.9],[86.401,31.816],[86.415,31.813],[86.433,31.813],[86.445,31.817],[86.453,31.823],[86.461,31.829],[86.467,31.833],[86.478,31.835],[86.489,31.835],[86.499,31.835],[86.509,31.841],[86.565,31.799],[86.634,31.775],[86.711,31.765],[86.79,31.764],[86.877,31.766],[86.898,31.771],[86.916,31.783],[86.931,31.79],[86.95,31.79],[87.008,31.772],[87.021,31.762],[87.047,31.734],[87.068,31.726],[87.09,31.734],[87.126,31.759],[87.188,31.776],[87.208,31.786],[87.219,31.797],[87.232,31.816],[87.244,31.839],[87.249,31.858],[87.257,31.872],[87.276,31.884],[87.3,31.893],[87.32,31.896],[87.385,31.893],[87.414,31.887]],[[85.751,31.867],[85.755,31.868]],[[85.803,31.656],[85.768,31.657],[85.734,31.663],[85.716,31.67],[85.688,31.684],[85.672,31.69],[85.626,31.687],[85.611,31.69],[85.563,31.724],[85.557,31.756],[85.575,31.778],[85.604,31.791],[85.631,31.8],[85.663,31.816],[85.721,31.859],[85.751,31.867]]]}},{"type":"Feature","properties":{"name":null,"scalerank":9,"kind":"River"},"geometry":{"type":"MultiLineString","coordinates":[[[85.433,30.024],[85.453,30.037],[85.48,30.079],[85.495,30.093],[85.519,30.099],[85.543,30.093],[85.567,30.084],[85.594,30.08],[85.605,30.083],[85.621,30.096],[85.631,30.1],[85.643,30.1],[85.664,30.095],[85.676,30.093],[85.691,30.104],[85.702,30.123],[85.716,30.137],[85.74,30.127],[85.806,30.16],[85.823,30.181],[85.861,30.218],[85.878,30.23],[85.921,30.239],[85.939,30.248],[85.946,30.268],[85.951,30.291],[85.958,30.309],[85.955,30.325],[85.933,30.34],[85.893,30.349],[85.877,30.358],[85.867,30.396],[85.855,30.416],[85.799,30.483],[85.78,30.498],[85.747,30.512],[85.731,30.529],[85.717,30.547],[85.706,30.56],[85.666,30.572],[85.579,30.566],[85.536,30.573],[85.517,30.583],[85.469,30.616],[85.452,30.627],[85.433,30.636],[85.411,30.644],[85.385,30.648],[85.297,30.651],[85.254,30.658],[85.213,30.676],[85.202,30.686],[85.191,30.703],[85.182,30.722],[85.179,30.741],[85.174,30.753],[85.156,30.765],[85.138,30.813],[85.127,30.832],[85.089,30.882],[85.125,30.947],[85.131,30.964],[85.133,30.991],[85.136,31],[85.145,31.011],[85.153,31.017],[85.183,31.029],[85.196,31.032],[85.228,31.032],[85.242,31.035],[85.254,31.049],[85.283,31.069],[85.292,31.073],[85.305,31.071],[85.325,31.062],[85.34,31.06],[85.376,31.06],[85.39,31.054],[85.398,31.039]]]}},{"type":"Feature","properties":{"name":"Qarqan","scalerank":9,"kind":"River"},"geometry":{"type":"MultiLineString","coordinates":[[[87.282,36.505],[87.251,36.528],[87.236,36.543],[87.228,36.559],[87.232,36.579],[87.254,36.609],[87.256,36.628],[87.239,36.668],[87.221,36.704],[87.209,36.719],[87.177,36.731],[87.16,36.745],[87.155,36.762],[87.164,36.776],[87.177,36.79],[87.187,36.806],[87.189,36.827],[87.185,36.845],[87.156,36.892],[87.132,36.95],[87.12,36.97],[87.09,37.001],[87.077,37.012],[87.066,37.023],[87.047,37.021],[87.025,37.016],[87.005,37.022],[86.965,37.051],[86.951,37.068],[86.947,37.094],[86.964,37.128],[87.035,37.18],[87.064,37.211],[87.068,37.221],[87.071,37.231],[87.072,37.241],[87.072,37.251],[87.052,37.343],[87.057,37.375],[87.087,37.402],[87.183,37.402],[87.221,37.417],[87.24,37.451],[87.242,37.454],[87.247,37.467],[87.264,37.494],[87.269,37.509],[87.269,37.56],[87.258,37.574],[87.228,37.588],[87.185,37.576],[87.137,37.588],[87.057,37.629],[86.979,37.655],[86.937,37.66],[86.892,37.656],[86.851,37.647],[86.806,37.642],[86.788,37.649],[86.752,37.677],[86.734,37.684],[86.71,37.681],[86.691,37.675],[86.672,37.675],[86.649,37.687],[86.629,37.693],[86.344,37.649],[86.309,37.638],[86.296,37.636],[86.254,37.637],[86.236,37.627],[86.213,37.623],[86.203,37.619],[86.166,37.594],[86.126,37.576],[85.906,37.515],[85.865,37.52],[85.83,37.547],[85.77,37.628],[85.72,37.679],[85.704,37.708],[85.679,37.773]]]}},{"type":"Feature","properties":{"name":"Zi","scalerank":9,"kind":"River"},"geometry":{"type":"MultiLineString","coordinates":[[[95.599,33.277],[95.657,33.266],[95.692,33.244],[95.842,33.034],[95.866,32.996],[95.879,32.985],[95.896,32.979],[95.921,32.978],[95.931,32.975],[95.949,32.961],[95.955,32.958],[95.968,32.957],[96.035,32.943],[96.059,32.932],[96.081,32.917],[96.106,32.892],[96.128,32.888],[96.198,32.898],[96.226,32.896],[96.238,32.888],[96.249,32.87],[96.26,32.859],[96.307,32.849],[96.314,32.842],[96.325,32.829],[96.349,32.808],[96.376,32.791],[96.396,32.79],[96.424,32.764],[96.454,32.751],[96.468,32.734],[96.534,32.709],[96.545,32.696],[96.551,32.679],[96.558,32.621],[96.565,32.602],[96.582,32.572],[96.607,32.542],[96.637,32.52],[96.705,32.482],[96.794,32.412],[96.849,32.386],[96.865,32.372],[96.883,32.35],[96.897,32.324],[96.907,32.291],[96.914,32.281],[96.915,32.271],[96.903,32.259],[96.893,32.256],[96.879,32.258],[96.865,32.261],[96.856,32.265],[96.872,32.222],[96.924,32.193],[96.982,32.171],[97.021,32.149],[97.03,32.134],[97.032,32.121],[97.029,32.109],[97.021,32.094],[97.016,32.088],[97.004,32.079],[97,32.073],[96.999,32.067],[97.001,32.053],[97,32.047],[96.981,32.027],[96.959,32.01],[96.942,31.99],[96.945,31.964]]]}},{"type":"Feature","properties":{"name":"Kaladan","scalerank":9,"kind":"River"},"geometry":{"type":"MultiLineString","coordinates":[[[93.073,20.555],[93.068,20.579],[93.051,20.593],[93.031,20.605],[93.014,20.626],[93.008,20.65],[93.005,20.698],[92.995,20.718],[92.986,20.723],[92.976,20.725],[92.967,20.727],[92.96,20.737],[92.961,20.747],[92.977,20.781],[92.979,20.803],[92.971,20.844],[92.972,20.863],[92.979,20.873],[92.999,20.885],[93.006,20.894],[93.008,20.899],[93.008,20.905],[93.007,20.916],[93,20.941],[92.997,20.95],[92.987,20.967],[92.984,20.977],[92.986,20.986],[92.996,21.002],[92.998,21.011],[92.994,21.018],[92.986,21.023],[92.979,21.03],[92.975,21.041],[92.972,21.066],[92.967,21.09],[92.958,21.111],[92.926,21.17],[92.922,21.178],[92.918,21.196],[92.915,21.204],[92.906,21.217],[92.883,21.238],[92.874,21.249],[92.869,21.262],[92.862,21.291],[92.857,21.304],[92.823,21.35],[92.79,21.429],[92.785,21.459],[92.78,21.473],[92.771,21.485],[92.753,21.506],[92.74,21.531],[92.737,21.558],[92.748,21.584],[92.755,21.588],[92.764,21.59],[92.772,21.593],[92.778,21.6],[92.779,21.611],[92.77,21.674],[92.769,21.694],[92.773,21.714],[92.782,21.731],[92.801,21.743],[92.845,21.746],[92.864,21.754],[92.875,21.77],[92.879,21.79],[92.88,21.811],[92.873,21.864],[92.87,21.873],[92.863,21.88],[92.849,21.891],[92.843,21.899],[92.839,21.922],[92.848,21.992],[92.836,22.101],[92.836,22.123],[92.844,22.164],[92.845,22.186],[92.835,22.3],[92.837,22.308],[92.839,22.315],[92.844,22.323],[92.848,22.326],[92.861,22.326],[92.882,22.338],[92.899,22.378],[92.914,22.391],[92.922,22.392],[92.945,22.392],[92.95,22.393],[92.952,22.408],[92.939,22.442],[92.936,22.458],[92.947,22.535],[92.941,22.712],[92.938,22.723],[92.932,22.732],[92.923,22.741],[92.91,22.796],[92.91,22.815],[92.913,22.829],[92.92,22.841],[92.937,22.864],[92.944,22.879],[92.956,22.911],[92.964,22.926],[92.976,22.936],[92.992,22.943],[93.008,22.944],[93.022,22.938],[93.026,22.932],[93.037,22.913],[93.061,22.89],[93.081,22.863],[93.112,22.8],[93.116,22.799],[93.125,22.822],[93.161,22.861],[93.175,22.882],[93.177,22.9],[93.171,22.921],[93.151,22.956],[93.143,22.978],[93.138,23.005],[93.14,23.032],[93.152,23.05],[93.177,23.059],[93.196,23.054],[93.212,23.04],[93.225,23.021],[93.246,23.005],[93.272,23.006],[93.298,23.018],[93.318,23.034],[93.333,23.053],[93.375,23.13],[93.375,23.142],[93.373,23.154],[93.372,23.17],[93.38,23.237],[93.376,23.28],[93.378,23.297],[93.384,23.313],[93.403,23.339],[93.407,23.347],[93.407,23.357],[93.405,23.368],[93.399,23.426],[93.4,23.454],[93.432,23.648],[93.43,23.68],[93.426,23.691],[93.412,23.709],[93.406,23.719]]]}},{"type":"Feature","properties":{"name":"Mytitha","scalerank":9,"kind":"River"},"geometry":{"type":"MultiLineString","coordinates":[[[93.638,21.94],[93.77,21.955],[93.835,21.971],[93.857,21.974],[93.88,21.971],[93.89,21.967],[93.897,21.962],[93.912,21.948],[93.929,21.935],[93.948,21.926],[93.967,21.922],[93.986,21.923],[93.993,21.926],[93.999,21.929],[94.021,21.95],[94.044,21.962],[94.052,21.97],[94.05,21.97],[94.043,21.978],[94.042,21.981],[94.04,21.987],[94.041,21.99],[94.044,21.993],[94.048,21.997],[94.059,22.014],[94.064,22.025],[94.067,22.03],[94.072,22.034],[94.078,22.035],[94.089,22.035],[94.095,22.036],[94.102,22.043],[94.107,22.052],[94.116,22.083],[94.117,22.094],[94.115,22.104],[94.111,22.114],[94.103,22.142],[94.112,22.16],[94.127,22.177],[94.137,22.201],[94.136,22.21],[94.126,22.226],[94.124,22.235],[94.126,22.244],[94.135,22.266],[94.138,22.276],[94.137,22.284],[94.134,22.298],[94.133,22.305],[94.135,22.314],[94.142,22.328],[94.144,22.337],[94.132,22.385],[94.125,22.391],[94.107,22.395],[94.101,22.399],[94.097,22.416],[94.1,22.434],[94.109,22.444],[94.125,22.44],[94.129,22.459],[94.142,22.5],[94.142,22.518],[94.137,22.526],[94.125,22.541],[94.121,22.551],[94.118,22.564],[94.117,22.578],[94.129,22.651],[94.106,22.814],[94.105,22.85],[94.102,22.869],[94.091,22.892],[94.061,22.926],[94.053,22.947],[94.053,22.956],[94.054,22.967],[94.062,22.988],[94.084,23.028],[94.088,23.04],[94.085,23.045],[94.079,23.048],[94.077,23.051],[94.08,23.058],[94.097,23.085],[94.108,23.122],[94.109,23.133],[94.105,23.15],[94.096,23.163],[94.092,23.176],[94.1,23.192],[94.111,23.202],[94.114,23.207],[94.116,23.234],[94.12,23.24],[94.128,23.245],[94.139,23.248],[94.152,23.249],[94.165,23.248],[94.177,23.245],[94.188,23.239],[94.203,23.221],[94.212,23.214],[94.223,23.21],[94.308,23.209]]]}},{"type":"Feature","properties":{"name":"Son","scalerank":9,"kind":"River"},"geometry":{"type":"MultiLineString","coordinates":[[[82.047,22.706],[82.049,22.723],[82.056,22.746],[82.059,22.768],[82.043,22.803],[82.044,22.829],[82.05,22.855],[82.055,22.87],[82.075,22.895],[82.085,22.91],[82.092,22.924],[82.093,22.935],[82.073,22.945],[81.992,23.027],[81.986,23.038],[81.977,23.057],[81.956,23.068],[81.874,23.084],[81.773,23.13],[81.752,23.133],[81.704,23.132],[81.684,23.138],[81.674,23.154],[81.663,23.177],[81.649,23.192],[81.629,23.185],[81.618,23.193],[81.614,23.202],[81.613,23.213],[81.609,23.227],[81.602,23.22],[81.592,23.228],[81.578,23.246],[81.568,23.255],[81.562,23.257],[81.547,23.259],[81.54,23.261],[81.533,23.267],[81.52,23.283],[81.513,23.289],[81.497,23.292],[81.487,23.291],[81.479,23.294],[81.472,23.309],[81.471,23.323],[81.474,23.337],[81.479,23.35],[81.486,23.357],[81.461,23.397],[81.451,23.405],[81.435,23.405],[81.42,23.401],[81.407,23.4],[81.396,23.412],[81.404,23.426],[81.401,23.429],[81.391,23.426],[81.382,23.426],[81.376,23.427],[81.362,23.425],[81.355,23.426],[81.353,23.43],[81.348,23.444],[81.345,23.449],[81.327,23.457],[81.311,23.454],[81.297,23.456],[81.286,23.481],[81.289,23.549],[81.283,23.566],[81.275,23.571],[81.252,23.575],[81.242,23.58],[81.238,23.588],[81.241,23.597],[81.245,23.606],[81.245,23.618],[81.229,23.642],[81.225,23.652],[81.225,23.664],[81.232,23.696],[81.229,23.72],[81.222,23.737],[81.185,23.787],[81.174,23.807],[81.176,23.823],[81.201,23.829],[81.224,23.831],[81.242,23.835],[81.249,23.843],[81.239,23.857],[81.234,23.858],[81.223,23.856],[81.218,23.857],[81.214,23.86],[81.204,23.871],[81.196,23.877],[81.192,23.881],[81.187,23.884],[81.173,23.885],[81.164,23.888],[81.157,23.896],[81.155,23.906],[81.159,23.916],[81.159,23.924],[81.149,23.931],[81.129,23.939],[81.121,23.95],[81.116,23.959],[81.111,23.967],[81.102,23.974],[81.067,23.969],[81.061,23.97],[81.059,23.988],[81.052,24.001],[81.015,24.043],[81.001,24.066],[80.996,24.088],[81.009,24.097],[81.026,24.1],[81.109,24.132],[81.129,24.137],[81.149,24.136],[81.191,24.116],[81.208,24.122],[81.22,24.138],[81.232,24.158],[81.244,24.172],[81.261,24.183],[81.281,24.19],[81.328,24.195],[81.344,24.2],[81.356,24.21],[81.384,24.247],[81.397,24.258],[81.414,24.261],[81.441,24.262],[81.45,24.265],[81.452,24.273],[81.451,24.282],[81.455,24.292],[81.465,24.301],[81.471,24.304],[81.533,24.323],[81.553,24.333],[81.571,24.347],[81.599,24.38],[81.617,24.397],[81.636,24.406],[81.647,24.406],[81.666,24.399],[81.678,24.399],[81.689,24.401],[81.709,24.411],[81.721,24.413],[81.737,24.418],[81.779,24.44],[81.801,24.447],[81.972,24.48],[82.036,24.505],[82.143,24.516],[82.187,24.526],[82.205,24.536],[82.212,24.553],[82.223,24.56],[82.247,24.555],[82.298,24.534],[82.309,24.532],[82.321,24.535],[82.332,24.544],[82.335,24.553],[82.339,24.56],[82.352,24.562],[82.375,24.56],[82.473,24.532],[82.514,24.527],[82.554,24.53],[82.596,24.543],[82.632,24.559],[82.647,24.568],[82.661,24.58],[82.669,24.584],[82.68,24.585],[82.702,24.584],[82.715,24.586],[82.723,24.592],[82.73,24.599],[82.74,24.604],[82.761,24.604],[82.807,24.595],[82.825,24.601],[82.843,24.611],[82.865,24.616],[82.889,24.616],[82.911,24.611],[82.925,24.6],[82.962,24.556],[82.967,24.554],[82.972,24.549],[82.979,24.545],[82.997,24.541],[83.019,24.533],[83.027,24.529],[83.04,24.513],[83.049,24.495],[83.06,24.48],[83.079,24.474],[83.25,24.467],[83.278,24.47],[83.3,24.477],[83.343,24.502],[83.363,24.508],[83.41,24.51],[83.421,24.512],[83.438,24.521],[83.539,24.531],[83.637,24.517],[83.696,24.506],[83.75,24.508],[83.768,24.514],[83.788,24.537],[83.809,24.543],[83.819,24.541],[83.84,24.536],[83.85,24.535],[83.861,24.536],[83.88,24.541],[83.918,24.544],[83.938,24.549],[83.954,24.559],[83.966,24.576],[83.97,24.587],[83.973,24.618],[83.977,24.627],[83.99,24.646],[84,24.678],[84.055,24.741],[84.094,24.801],[84.106,24.81],[84.125,24.813],[84.17,24.828],[84.186,24.837],[84.195,24.851],[84.207,24.887],[84.216,24.902],[84.262,24.938],[84.29,24.978],[84.295,24.988],[84.301,25.023],[84.305,25.032],[84.321,25.046],[84.341,25.056],[84.428,25.082],[84.446,25.097],[84.458,25.141],[84.471,25.162],[84.486,25.181],[84.5,25.194],[84.563,25.22],[84.592,25.239],[84.606,25.242],[84.638,25.241],[84.652,25.245],[84.661,25.254],[84.671,25.276],[84.726,25.332],[84.734,25.348],[84.735,25.354],[84.754,25.399],[84.77,25.423],[84.775,25.433],[84.777,25.448],[84.774,25.459],[84.77,25.47],[84.768,25.484],[84.77,25.5],[84.779,25.526],[84.781,25.54],[84.785,25.553],[84.803,25.575],[84.809,25.585],[84.812,25.598],[84.811,25.612],[84.808,25.626],[84.802,25.639],[84.818,25.66],[84.859,25.687],[84.878,25.708]]]}},{"type":"Feature","properties":{"name":null,"scalerank":9,"kind":"River"},"geometry":{"type":"MultiLineString","coordinates":[[[77.765,13.119],[77.77,13.029],[77.78,12.987],[77.799,12.948],[77.82,12.916],[77.829,12.896],[77.833,12.876],[77.836,12.865],[77.844,12.857],[77.864,12.842],[77.873,12.83],[77.878,12.818],[77.881,12.797],[77.881,12.756],[77.885,12.745],[77.891,12.735],[77.893,12.725],[77.884,12.712],[77.888,12.7],[77.943,12.653],[77.987,12.596],[78.015,12.578],[78.059,12.571],[78.099,12.577],[78.119,12.573],[78.128,12.554],[78.134,12.532],[78.149,12.512],[78.176,12.482],[78.247,12.377],[78.265,12.338],[78.276,12.305],[78.284,12.289],[78.303,12.264],[78.309,12.259],[78.317,12.257],[78.33,12.256],[78.337,12.252],[78.354,12.228],[78.369,12.216],[78.383,12.21],[78.416,12.201],[78.467,12.176],[78.487,12.173],[78.528,12.171],[78.55,12.173],[78.56,12.184],[78.564,12.19],[78.572,12.183],[78.579,12.172],[78.58,12.167],[78.591,12.165],[78.598,12.166],[78.605,12.171],[78.614,12.18],[78.632,12.163],[78.635,12.148],[78.628,12.108],[78.639,12.099],[78.663,12.102],[78.704,12.118],[78.739,12.152],[78.758,12.167],[78.802,12.178],[78.816,12.186],[78.83,12.19],[78.848,12.18],[78.854,12.174],[78.863,12.159],[78.868,12.153],[78.905,12.129],[78.941,12.086],[78.957,12.071],[79.017,12.033],[79.025,12.026],[79.035,12.013],[79.057,12.006],[79.082,12.001],[79.101,11.995],[79.113,11.984],[79.122,11.973],[79.135,11.965],[79.159,11.961],[79.198,11.962],[79.214,11.96],[79.231,11.954],[79.24,11.943],[79.245,11.94],[79.251,11.94],[79.257,11.943],[79.262,11.946],[79.265,11.948],[79.286,11.944],[79.295,11.941],[79.299,11.937],[79.31,11.929],[79.375,11.913],[79.413,11.897],[79.428,11.887],[79.44,11.875],[79.455,11.868],[79.584,11.833],[79.604,11.83],[79.611,11.828],[79.619,11.824],[79.626,11.818],[79.632,11.806],[79.641,11.805],[79.652,11.805],[79.663,11.804],[79.749,11.773],[79.786,11.769]]]}},{"type":"Feature","properties":{"name":null,"scalerank":9,"kind":"River"},"geometry":{"type":"MultiLineString","coordinates":[[[85.186,23.309],[85.206,23.314],[85.223,23.306],[85.237,23.295],[85.251,23.289],[85.285,23.288],[85.305,23.289],[85.323,23.295],[85.335,23.306],[85.348,23.324],[85.36,23.344],[85.364,23.36],[85.374,23.372],[85.422,23.389],[85.439,23.399],[85.462,23.432],[85.477,23.447],[85.51,23.455],[85.528,23.465],[85.539,23.467],[85.551,23.466],[85.577,23.459],[85.587,23.46],[85.61,23.466],[85.617,23.467],[85.627,23.464],[85.642,23.455],[85.648,23.453],[85.734,23.453],[85.745,23.456],[85.764,23.465],[85.776,23.467],[85.788,23.465],[85.808,23.455],[85.82,23.453],[85.831,23.448],[85.837,23.439],[85.842,23.43],[85.847,23.426],[85.879,23.428],[85.885,23.426],[85.895,23.417],[85.894,23.41],[85.889,23.403],[85.885,23.391],[85.883,23.368],[85.881,23.356],[85.875,23.347],[85.859,23.329],[85.844,23.307],[85.833,23.283],[85.83,23.261],[85.839,23.241],[85.871,23.211],[85.878,23.189],[85.88,23.177],[85.886,23.166],[85.909,23.14],[85.914,23.127],[85.919,23.117],[85.953,23.086],[85.989,23.063],[86.017,23.037],[86.028,22.994],[86.022,22.949],[86.022,22.923],[86.032,22.912],[86.04,22.909],[86.067,22.887],[86.075,22.884],[86.112,22.877],[86.128,22.866],[86.136,22.852],[86.144,22.841],[86.18,22.834],[86.227,22.808],[86.293,22.792],[86.303,22.785],[86.307,22.767],[86.316,22.749],[86.33,22.732],[86.344,22.72],[86.351,22.719],[86.359,22.72],[86.368,22.718],[86.378,22.706],[86.382,22.698],[86.383,22.694],[86.385,22.685],[86.384,22.68],[86.38,22.675],[86.378,22.669],[86.382,22.661],[86.476,22.566],[86.491,22.547],[86.501,22.528],[86.51,22.508],[86.518,22.498],[86.591,22.419],[86.6,22.402],[86.612,22.369],[86.619,22.356],[86.641,22.33],[86.652,22.314],[86.66,22.295],[86.661,22.275],[86.66,22.257],[86.662,22.241],[86.673,22.227],[86.704,22.216],[86.784,22.209],[86.81,22.192],[86.818,22.222],[86.823,22.227],[86.83,22.225],[86.847,22.202],[86.856,22.196],[86.867,22.193],[86.875,22.195],[86.879,22.202],[86.88,22.217],[86.885,22.222],[86.891,22.221],[86.909,22.216],[86.923,22.208],[86.933,22.205],[86.945,22.206],[86.966,22.211],[86.978,22.212],[86.984,22.209],[86.993,22.19],[86.999,22.182],[87.01,22.174],[87.019,22.173],[87.03,22.173],[87.043,22.171],[87.074,22.157],[87.105,22.133],[87.16,22.076],[87.181,22.048],[87.218,22.017],[87.222,22.009],[87.222,21.998],[87.221,21.976],[87.224,21.966],[87.237,21.949],[87.242,21.939],[87.247,21.869],[87.246,21.856],[87.23,21.855],[87.222,21.849],[87.21,21.813],[87.209,21.807],[87.206,21.802],[87.169,21.781],[87.157,21.771],[87.163,21.767],[87.172,21.764],[87.184,21.757],[87.196,21.747],[87.201,21.737],[87.212,21.725],[87.262,21.696],[87.276,21.685],[87.289,21.694],[87.293,21.699],[87.296,21.705],[87.303,21.705],[87.307,21.694],[87.308,21.67],[87.31,21.658],[87.315,21.651],[87.322,21.645],[87.328,21.637],[87.331,21.623],[87.326,21.609],[87.318,21.602],[87.315,21.596],[87.324,21.582],[87.332,21.577],[87.34,21.576],[87.347,21.573],[87.352,21.564]]]}},{"type":"Feature","properties":{"name":"Betwa","scalerank":9,"kind":"River"},"geometry":{"type":"MultiLineString","coordinates":[[[77.346,23.24],[77.355,23.226],[77.369,23.213],[77.384,23.203],[77.416,23.193],[77.428,23.178],[77.449,23.138],[77.462,23.128],[77.48,23.12],[77.504,23.115],[77.529,23.113],[77.555,23.113],[77.579,23.116],[77.599,23.122],[77.614,23.13],[77.619,23.138],[77.635,23.171],[77.648,23.188],[77.653,23.197],[77.655,23.209],[77.658,23.216],[77.672,23.234],[77.675,23.244],[77.683,23.289],[77.687,23.295],[77.705,23.313],[77.71,23.322],[77.711,23.333],[77.71,23.367],[77.737,23.439],[77.747,23.455],[77.768,23.478],[77.778,23.494],[77.782,23.504],[77.787,23.524],[77.792,23.535],[77.853,23.618],[77.862,23.638],[77.863,23.653],[77.855,23.668],[77.839,23.686],[77.845,23.707],[77.846,23.799],[77.851,23.81],[77.881,23.851],[77.892,23.874],[77.898,23.882],[77.922,23.898],[77.963,23.939],[77.982,23.964],[77.99,23.984],[77.991,23.987],[77.992,23.99],[77.997,23.999],[78.024,24.039],[78.029,24.056],[78.018,24.063],[78.03,24.104],[78.033,24.171],[78.037,24.194],[78.044,24.215],[78.052,24.235],[78.065,24.253],[78.077,24.263],[78.084,24.276],[78.093,24.325],[78.107,24.339],[78.125,24.35],[78.143,24.364],[78.168,24.4],[78.184,24.414],[78.206,24.419],[78.219,24.425],[78.263,24.456],[78.272,24.467],[78.27,24.478],[78.263,24.481],[78.254,24.482],[78.244,24.488],[78.242,24.493],[78.227,24.518],[78.224,24.519],[78.229,24.533],[78.254,24.565],[78.265,24.584],[78.27,24.603],[78.272,24.625],[78.27,24.629],[78.261,24.639],[78.258,24.645],[78.264,24.663],[78.265,24.669],[78.261,24.693],[78.252,24.707],[78.241,24.719],[78.231,24.734],[78.227,24.753],[78.227,24.773],[78.225,24.794],[78.198,24.839],[78.193,24.844],[78.182,24.847],[78.174,24.855],[78.169,24.866],[78.169,24.878],[78.18,24.893],[78.226,24.926],[78.257,24.94],[78.313,24.988],[78.325,25.002],[78.337,25.023],[78.341,25.046],[78.33,25.066],[78.33,25.082],[78.349,25.1],[78.388,25.125],[78.406,25.129],[78.443,25.132],[78.46,25.142],[78.475,25.153],[78.525,25.179],[78.537,25.19],[78.551,25.206],[78.561,25.223],[78.566,25.238],[78.573,25.252],[78.65,25.335],[78.662,25.356],[78.652,25.365],[78.645,25.373],[78.659,25.391],[78.707,25.433],[78.717,25.446],[78.723,25.462],[78.724,25.484],[78.727,25.494],[78.734,25.502],[78.744,25.507],[78.755,25.508],[78.763,25.511],[78.782,25.524],[78.792,25.529],[78.823,25.529],[78.833,25.531],[78.85,25.535],[78.858,25.536],[78.863,25.541],[78.908,25.567],[78.907,25.576],[78.903,25.594],[78.902,25.601],[78.906,25.605],[78.925,25.617],[78.976,25.661],[78.983,25.67],[78.989,25.68],[79.03,25.718],[79.036,25.722],[79.041,25.727],[79.046,25.735],[79.047,25.743],[79.048,25.754],[79.047,25.762],[79.046,25.763],[79.061,25.794],[79.071,25.808],[79.08,25.817],[79.1,25.823],[79.136,25.812],[79.156,25.817],[79.171,25.808],[79.196,25.799],[79.221,25.797],[79.237,25.811],[79.242,25.806],[79.248,25.801],[79.251,25.797],[79.264,25.804],[79.275,25.812],[79.286,25.816],[79.299,25.811],[79.285,25.788],[79.302,25.776],[79.328,25.776],[79.341,25.786],[79.345,25.795],[79.355,25.795],[79.366,25.791],[79.375,25.79],[79.397,25.805],[79.409,25.811],[79.42,25.807],[79.442,25.793],[79.454,25.806],[79.464,25.844],[79.486,25.858],[79.506,25.851],[79.539,25.824],[79.55,25.831],[79.557,25.841],[79.566,25.866],[79.537,25.866],[79.523,25.869],[79.512,25.879],[79.52,25.886],[79.531,25.89],[79.557,25.893],[79.584,25.896],[79.597,25.9],[79.608,25.907],[79.601,25.916],[79.6,25.925],[79.604,25.931],[79.614,25.934],[79.627,25.928],[79.637,25.917],[79.647,25.91],[79.659,25.917],[79.665,25.921],[79.675,25.926],[79.685,25.928],[79.696,25.916],[79.711,25.914],[79.727,25.915],[79.738,25.913],[79.751,25.9],[79.757,25.886],[79.767,25.876],[79.79,25.872],[79.798,25.877],[79.8,25.887],[79.8,25.91],[79.805,25.914],[79.817,25.907],[79.834,25.893],[79.846,25.89],[79.863,25.893],[79.888,25.893],[79.894,25.89],[79.9,25.881],[79.906,25.879],[79.919,25.88],[79.927,25.883],[79.952,25.907],[79.957,25.91],[79.978,25.899],[79.983,25.895],[79.987,25.889],[79.993,25.885],[80.005,25.885],[80.01,25.887],[80.02,25.896],[80.026,25.899],[80.034,25.901],[80.038,25.901],[80.042,25.9],[80.05,25.899],[80.066,25.906],[80.086,25.937],[80.101,25.947],[80.118,25.949],[80.133,25.945],[80.174,25.925],[80.186,25.922],[80.21,25.92]]]}},{"type":"Feature","properties":{"name":"Parbati","scalerank":9,"kind":"River"},"geometry":{"type":"MultiLineString","coordinates":[[[76.656,22.915],[76.672,22.971],[76.685,22.996],[76.723,23.025],[76.762,23.076],[76.771,23.083],[76.791,23.091],[76.801,23.097],[76.815,23.111],[76.846,23.161],[76.887,23.195],[76.899,23.209],[76.923,23.231],[76.954,23.251],[76.978,23.276],[76.983,23.308],[76.981,23.324],[76.981,23.339],[76.992,23.403],[77.001,23.421],[77.017,23.439],[77.107,23.516],[77.129,23.545],[77.141,23.58],[77.14,23.591],[77.135,23.61],[77.136,23.621],[77.207,23.785],[77.214,23.814],[77.21,23.83],[77.2,23.843],[77.186,23.865],[77.184,23.874],[77.187,23.891],[77.186,23.9],[77.171,23.942],[77.17,23.991],[77.177,24.089],[77.168,24.137],[77.117,24.244],[77.107,24.281],[77.096,24.424],[77.086,24.468],[77.074,24.49],[77.062,24.508],[77.055,24.527],[77.061,24.578],[77.059,24.602],[77.046,24.65],[77.037,24.67],[77.027,24.686],[77.015,24.699],[76.967,24.738],[76.956,24.743],[76.946,24.744],[76.938,24.743],[76.931,24.741],[76.921,24.74],[76.878,24.744],[76.848,24.76],[76.795,24.817],[76.7,24.893],[76.674,24.923],[76.649,24.971],[76.61,25.082],[76.601,25.136],[76.603,25.163],[76.608,25.189],[76.611,25.216],[76.603,25.242],[76.595,25.249],[76.576,25.256],[76.568,25.263],[76.562,25.278],[76.562,25.291],[76.564,25.304],[76.566,25.318],[76.564,25.356],[76.566,25.37],[76.573,25.386],[76.581,25.4],[76.586,25.415],[76.585,25.433],[76.579,25.442],[76.559,25.453],[76.551,25.46],[76.547,25.471],[76.541,25.494],[76.521,25.55],[76.492,25.687],[76.488,25.698],[76.482,25.709],[76.478,25.72],[76.481,25.732],[76.487,25.737],[76.506,25.741],[76.513,25.745],[76.518,25.757],[76.517,25.785],[76.518,25.799],[76.523,25.812],[76.546,25.848]]]}},{"type":"Feature","properties":{"name":"Indravati","scalerank":9,"kind":"River"},"geometry":{"type":"MultiLineString","coordinates":[[[80.267,18.714],[80.265,18.732],[80.261,18.745],[80.261,18.756],[80.266,18.768],[80.275,18.777],[80.339,18.813],[80.349,18.831],[80.344,18.851],[80.284,18.92],[80.271,18.947],[80.272,18.98],[80.29,19.019],[80.346,19.082],[80.366,19.117],[80.371,19.137],[80.373,19.151],[80.397,19.234],[80.405,19.25],[80.414,19.256],[80.437,19.265],[80.447,19.272],[80.457,19.285],[80.471,19.316],[80.481,19.329],[80.49,19.334],[80.508,19.341],[80.517,19.345],[80.526,19.355],[80.543,19.379],[80.553,19.387],[80.576,19.392],[80.587,19.382],[80.6,19.342],[80.617,19.319],[80.634,19.317],[80.653,19.322],[80.68,19.322],[80.69,19.311],[80.749,19.217],[80.751,19.207],[80.751,19.186],[80.755,19.176],[80.769,19.16],[80.788,19.152],[80.808,19.147],[80.828,19.138],[80.865,19.112],[80.883,19.104],[80.903,19.103],[80.923,19.114],[80.967,19.13],[81.014,19.119],[81.058,19.092],[81.109,19.04],[81.127,19.027],[81.147,19.021],[81.172,19.022],[81.201,19.035],[81.222,19.055],[81.253,19.103],[81.271,19.111],[81.316,19.098],[81.339,19.11],[81.343,19.119],[81.344,19.14],[81.347,19.151],[81.353,19.16],[81.375,19.183],[81.384,19.191],[81.393,19.194],[81.424,19.196],[81.437,19.2],[81.461,19.212],[81.473,19.217],[81.49,19.219],[81.526,19.218],[81.544,19.222],[81.556,19.229],[81.579,19.247],[81.591,19.249],[81.607,19.238],[81.623,19.196],[81.636,19.183],[81.651,19.183],[81.667,19.19],[81.682,19.199],[81.697,19.205],[81.711,19.206],[81.739,19.199],[81.754,19.198],[81.771,19.2],[81.789,19.199],[81.805,19.194],[81.823,19.168],[81.837,19.16],[81.852,19.159],[81.866,19.165],[81.87,19.201],[81.877,19.211],[81.894,19.191],[81.895,19.181],[81.891,19.162],[81.892,19.153],[81.9,19.142],[81.91,19.134],[81.933,19.119],[81.954,19.117],[81.975,19.129],[81.996,19.138],[82.013,19.123],[82.029,19.106],[82.048,19.104],[82.07,19.112],[82.091,19.122],[82.113,19.124],[82.113,19.126],[82.114,19.131],[82.115,19.136],[82.12,19.139],[82.131,19.139],[82.163,19.127],[82.216,19.127],[82.314,19.169],[82.365,19.182],[82.456,19.179],[82.546,19.206],[82.574,19.206],[82.585,19.201],[82.607,19.182],[82.618,19.175],[82.621,19.172],[82.626,19.164],[82.63,19.162],[82.639,19.163],[82.642,19.167],[82.644,19.172],[82.649,19.176],[82.678,19.191],[82.726,19.228],[82.759,19.238],[82.79,19.244],[82.81,19.252],[82.824,19.269],[82.889,19.393],[82.905,19.414],[82.945,19.457],[82.96,19.481]]]}},{"type":"Feature","properties":{"name":null,"scalerank":9,"kind":"River"},"geometry":{"type":"MultiLineString","coordinates":[[[93.804,26.744],[93.808,26.744],[93.806,26.757],[93.799,26.78],[93.798,26.793],[93.808,26.83],[93.83,26.863],[93.861,26.89],[93.908,26.909],[93.916,26.916],[93.931,26.932],[93.94,26.936],[93.958,26.937],[93.967,26.94],[93.991,26.956],[94.014,26.968],[94.06,26.981],[94.079,26.981],[94.093,26.978],[94.108,26.979],[94.129,26.987],[94.159,27.004],[94.171,27.016],[94.179,27.031],[94.176,27.05],[94.152,27.074],[94.152,27.085],[94.17,27.098],[94.192,27.106],[94.212,27.116],[94.223,27.136],[94.228,27.148],[94.236,27.154],[94.245,27.158],[94.253,27.166],[94.26,27.178],[94.264,27.19],[94.266,27.202],[94.266,27.227],[94.269,27.235],[94.275,27.24],[94.301,27.242],[94.311,27.247],[94.315,27.257],[94.313,27.272],[94.308,27.284],[94.306,27.29],[94.307,27.297],[94.31,27.316],[94.309,27.323],[94.305,27.33],[94.299,27.336],[94.286,27.345],[94.28,27.35],[94.271,27.362],[94.245,27.388],[94.24,27.396],[94.238,27.407],[94.245,27.409],[94.277,27.401],[94.282,27.402],[94.288,27.406],[94.293,27.414],[94.295,27.425],[94.296,27.437],[94.296,27.446],[94.292,27.462],[94.25,27.565],[94.241,27.575],[94.229,27.583],[94.217,27.597],[94.212,27.613],[94.219,27.627],[94.278,27.679],[94.331,27.715],[94.34,27.729],[94.336,27.734],[94.318,27.742],[94.312,27.75],[94.31,27.764],[94.312,27.779],[94.316,27.793],[94.335,27.815],[94.339,27.824],[94.336,27.863],[94.325,27.904],[94.28,27.993],[94.262,28.008],[94.255,28.01],[94.244,28.007],[94.238,28.008],[94.221,28.017],[94.185,28.063],[94.155,28.089],[94.144,28.104],[94.137,28.123],[94.136,28.142],[94.141,28.182],[94.142,28.201],[94.135,28.225],[94.121,28.244],[94.068,28.291],[94.057,28.307],[94.039,28.356],[94.032,28.368],[94.023,28.377],[94.009,28.383],[93.989,28.384],[93.93,28.38],[93.909,28.386],[93.896,28.397],[93.886,28.409],[93.87,28.418],[93.846,28.423],[93.734,28.42],[93.599,28.382],[93.574,28.38],[93.463,28.384],[93.436,28.393],[93.377,28.429],[93.347,28.442],[93.212,28.45],[93.178,28.448],[93.173,28.445],[93.174,28.439],[93.176,28.434],[93.175,28.431],[93.166,28.43],[93.139,28.429],[93.102,28.421],[93.006,28.36],[92.961,28.349],[92.921,28.326],[92.862,28.306],[92.801,28.297],[92.773,28.298],[92.759,28.302],[92.749,28.31],[92.742,28.336],[92.746,28.366],[92.747,28.394],[92.726,28.414],[92.706,28.416],[92.67,28.408],[92.652,28.406],[92.64,28.409],[92.633,28.415],[92.618,28.431],[92.589,28.444],[92.56,28.441],[92.53,28.432],[92.499,28.426],[92.468,28.428],[92.432,28.432],[92.392,28.43],[92.31,28.448],[92.291,28.448],[92.253,28.441],[92.234,28.441],[92.213,28.449],[92.196,28.462],[92.166,28.495],[92.146,28.508],[92.053,28.539],[92.028,28.544],[92.002,28.546],[91.976,28.542]]]}},{"type":"Feature","properties":{"name":"Ravi","scalerank":9,"kind":"River"},"geometry":{"type":"MultiLineString","coordinates":[[[76.825,32.327],[76.768,32.303],[76.747,32.3],[76.736,32.302],[76.717,32.311],[76.705,32.314],[76.696,32.311],[76.691,32.305],[76.687,32.298],[76.682,32.293],[76.643,32.287],[76.602,32.299],[76.565,32.32],[76.538,32.341],[76.518,32.362],[76.511,32.368],[76.482,32.386],[76.477,32.392],[76.476,32.414],[76.47,32.433],[76.458,32.447],[76.435,32.457],[76.416,32.457],[76.376,32.445],[76.353,32.444],[76.331,32.452],[76.304,32.473],[76.281,32.478],[76.217,32.468],[76.195,32.471],[76.181,32.479],[76.13,32.53],[76.121,32.546],[76.11,32.584],[76.101,32.6],[76.083,32.615],[76.064,32.621],[76.044,32.622],[75.98,32.611],[75.968,32.611],[75.944,32.616],[75.934,32.617],[75.913,32.611],[75.896,32.597],[75.866,32.561],[75.867,32.548],[75.855,32.526],[75.839,32.507],[75.829,32.498],[75.818,32.495],[75.798,32.481],[75.743,32.464],[75.737,32.456],[75.733,32.437],[75.729,32.43],[75.723,32.424],[75.706,32.413],[75.698,32.406],[75.683,32.4],[75.612,32.396],[75.573,32.375],[75.538,32.345],[75.464,32.253],[75.456,32.245],[75.419,32.226],[75.414,32.221],[75.403,32.212],[75.338,32.191],[75.329,32.179],[75.32,32.165],[75.31,32.154],[75.294,32.149],[75.263,32.151],[75.25,32.149],[75.226,32.142],[75.195,32.129],[75.173,32.11],[75.174,32.087],[75.161,32.088],[75.138,32.094],[75.129,32.09],[75.119,32.081],[75.11,32.078],[75.102,32.078],[75.041,32.098],[75.022,32.095],[75.03,32.067],[75.02,32.066],[74.995,32.068],[74.986,32.063],[74.978,32.054],[74.974,32.045],[74.967,32.038],[74.955,32.032],[74.931,32.03],[74.908,32.032],[74.889,32.029],[74.873,32.012],[74.828,32.026],[74.811,32.004],[74.802,31.969],[74.783,31.943],[74.763,31.939],[74.698,31.951],[74.67,31.904],[74.657,31.896],[74.641,31.891],[74.565,31.841],[74.55,31.827],[74.54,31.811],[74.537,31.789],[74.537,31.776],[74.535,31.771],[74.531,31.768],[74.523,31.759],[74.521,31.754],[74.518,31.742],[74.516,31.738],[74.513,31.735],[74.505,31.732],[74.503,31.731],[74.492,31.715],[74.479,31.7],[74.463,31.694],[74.441,31.704],[74.421,31.693],[74.405,31.681],[74.387,31.673],[74.363,31.669],[74.344,31.662],[74.325,31.628],[74.308,31.621],[74.293,31.597],[74.29,31.59],[74.287,31.578],[74.278,31.57],[74.222,31.544],[74.211,31.535],[74.205,31.526],[74.204,31.518],[74.203,31.509],[74.202,31.498]],[[74.208,31.498],[74.171,31.477],[74.155,31.462],[74.166,31.45],[74.166,31.443],[74.152,31.438],[74.132,31.441],[74.119,31.437],[74.106,31.425],[74.103,31.401],[74.091,31.388],[74.08,31.397],[74.055,31.405],[74.043,31.416],[73.997,31.321],[73.984,31.305],[73.968,31.299],[73.95,31.315],[73.939,31.322],[73.934,31.317],[73.931,31.304],[73.924,31.299],[73.914,31.297],[73.906,31.293],[73.894,31.28],[73.886,31.266],[73.872,31.23],[73.861,31.238],[73.823,31.247],[73.807,31.255],[73.79,31.259],[73.775,31.249],[73.756,31.224],[73.726,31.198],[73.709,31.188],[73.691,31.183],[73.655,31.185],[73.646,31.177],[73.66,31.155],[73.642,31.16],[73.629,31.159],[73.617,31.153],[73.605,31.142],[73.589,31.15],[73.58,31.142],[73.573,31.128],[73.567,31.121],[73.546,31.124],[73.54,31.132],[73.543,31.162],[73.526,31.146],[73.515,31.133],[73.503,31.123],[73.481,31.114],[73.459,31.111],[73.443,31.112],[73.406,31.121],[73.409,31.117],[73.415,31.106],[73.42,31.101],[73.405,31.097],[73.39,31.095],[73.385,31.09],[73.399,31.073],[73.382,31.071],[73.362,31.065],[73.35,31.055],[73.355,31.042],[73.359,31.034],[73.358,31.024],[73.354,31.015],[73.347,31.008],[73.341,31.005],[73.337,31.007],[73.333,31.01],[73.33,31.011],[73.314,30.999],[73.311,30.997],[73.258,30.988],[73.245,30.98],[73.24,30.973],[73.238,30.965],[73.236,30.947],[73.233,30.94],[73.226,30.935],[73.207,30.929],[73.201,30.936],[73.192,30.925],[73.183,30.925],[73.173,30.929],[73.163,30.926],[73.161,30.921],[73.159,30.911],[73.157,30.909],[73.143,30.909],[73.136,30.907],[73.132,30.902],[73.134,30.895],[73.15,30.877],[73.153,30.871],[73.15,30.856],[73.141,30.856],[73.126,30.868],[73.102,30.863],[73.096,30.849],[73.092,30.833],[73.072,30.82],[73.057,30.817],[73.052,30.82],[73.049,30.825],[73.04,30.827],[73.027,30.822],[73.017,30.811],[73.006,30.801],[72.988,30.799],[72.997,30.787],[72.997,30.778],[72.989,30.77],[72.975,30.764],[72.955,30.772],[72.93,30.773],[72.885,30.764],[72.889,30.747],[72.882,30.731],[72.868,30.723],[72.854,30.727],[72.849,30.727],[72.843,30.719],[72.837,30.706],[72.833,30.701],[72.826,30.706],[72.813,30.717],[72.775,30.717],[72.771,30.716],[72.767,30.717],[72.763,30.717],[72.762,30.713],[72.762,30.699],[72.762,30.696],[72.757,30.693],[72.751,30.69],[72.744,30.688],[72.734,30.689],[72.734,30.682],[72.744,30.675],[72.745,30.662],[72.741,30.647],[72.734,30.634],[72.725,30.622],[72.718,30.618],[72.709,30.618],[72.693,30.614],[72.696,30.611],[72.698,30.604],[72.7,30.6],[72.69,30.596],[72.679,30.594],[72.669,30.595],[72.659,30.6],[72.65,30.592],[72.643,30.59],[72.632,30.593],[72.585,30.595],[72.574,30.602],[72.567,30.611],[72.556,30.621],[72.541,30.626],[72.526,30.616],[72.512,30.624],[72.496,30.629],[72.467,30.609],[72.454,30.614],[72.446,30.607],[72.45,30.605],[72.46,30.6],[72.46,30.593],[72.45,30.595],[72.443,30.6],[72.437,30.605],[72.433,30.607],[72.424,30.608],[72.406,30.607],[72.388,30.603],[72.363,30.59],[72.347,30.587],[72.338,30.588],[72.322,30.592],[72.313,30.593],[72.304,30.591],[72.288,30.581],[72.279,30.579],[72.225,30.583],[72.214,30.587],[72.197,30.58],[72.174,30.578],[72.152,30.582],[72.12,30.597],[72.083,30.6],[72.07,30.607],[72.055,30.606],[71.984,30.616],[71.972,30.622],[71.941,30.647],[71.937,30.652],[71.93,30.655],[71.919,30.656],[71.918,30.652],[71.888,30.631],[71.877,30.628],[71.84,30.627],[71.823,30.621],[71.832,30.605],[71.818,30.6],[71.794,30.604],[71.775,30.614]]]}},{"type":"Feature","properties":{"name":null,"scalerank":9,"kind":"River"},"geometry":{"type":"MultiLineString","coordinates":[[[92.198,22.504],[92.18,22.503],[92.162,22.513],[92.155,22.514],[92.146,22.508],[92.145,22.501],[92.147,22.493],[92.148,22.487],[92.14,22.47],[92.126,22.457],[92.107,22.448],[92.083,22.445],[92.071,22.448],[92.054,22.457],[92.042,22.46],[92.033,22.453],[92.029,22.425],[92.022,22.419],[91.975,22.419],[91.953,22.422],[91.929,22.432],[91.926,22.426],[91.922,22.425],[91.916,22.425],[91.908,22.425]]]}},{"type":"Feature","properties":{"name":null,"scalerank":9,"kind":"River"},"geometry":{"type":"MultiLineString","coordinates":[[[84.014,30.518],[83.991,30.542],[83.954,30.6],[83.93,30.624],[83.864,30.651],[83.793,30.647],[83.736,30.611],[83.71,30.537],[83.701,30.519],[83.697,30.495],[83.691,30.489],[83.683,30.484],[83.672,30.477],[83.647,30.451],[83.631,30.44],[83.585,30.431],[83.569,30.42],[83.541,30.395],[83.507,30.375],[83.501,30.368],[83.49,30.352],[83.483,30.343],[83.463,30.326],[83.447,30.318],[83.382,30.31],[83.36,30.304],[83.343,30.293],[83.336,30.275],[83.331,30.255],[83.305,30.223],[83.296,30.203],[83.29,30.182],[83.291,30.174],[83.296,30.162],[83.304,30.152],[83.325,30.136],[83.329,30.124],[83.338,30.109],[83.391,30.059],[83.401,30.055],[83.422,30.05],[83.431,30.045],[83.436,30.038],[83.441,30.027],[83.447,30.016],[83.455,30.011],[83.466,30.011],[83.473,30.008],[83.478,30.003],[83.479,29.993],[83.483,29.981],[83.492,29.976],[83.503,29.974],[83.513,29.97],[83.52,29.964],[83.527,29.956],[83.533,29.947],[83.536,29.939]]]}},{"type":"Feature","properties":{"name":"Balak","scalerank":9,"kind":"River"},"geometry":{"type":"MultiLineString","coordinates":[[[94.259,25.461],[94.236,25.462],[94.223,25.454],[94.215,25.443],[94.204,25.433],[94.169,25.42],[94.163,25.413],[94.157,25.404],[94.149,25.396],[94.139,25.392],[94.12,25.388],[94.109,25.378],[94.103,25.362],[94.101,25.341],[94.064,25.304],[94.053,25.296],[94.058,25.323],[94.067,25.349],[94.072,25.375],[94.067,25.399],[94.053,25.409],[94.03,25.419],[94.004,25.424],[93.984,25.42],[93.95,25.444],[93.921,25.47],[93.889,25.482],[93.841,25.467],[93.809,25.446],[93.724,25.364],[93.699,25.347],[93.679,25.328],[93.68,25.324],[93.679,25.314],[93.649,25.262],[93.613,25.216],[93.601,25.189],[93.585,25.179],[93.547,25.166],[93.518,25.151],[93.496,25.128],[93.482,25.1],[93.477,25.066],[93.474,25.055],[93.45,25.015],[93.429,24.97],[93.41,24.944],[93.405,24.931],[93.403,24.917],[93.402,24.902],[93.412,24.847],[93.41,24.831],[93.399,24.82],[93.385,24.818],[93.373,24.814],[93.368,24.8],[93.367,24.784],[93.363,24.767],[93.355,24.757],[93.341,24.762],[93.334,24.738],[93.333,24.717],[93.331,24.707],[93.324,24.7],[93.313,24.693],[93.311,24.697],[93.311,24.698],[93.307,24.7],[93.302,24.687],[93.295,24.676],[93.282,24.668],[93.266,24.666],[93.248,24.672],[93.239,24.684],[93.232,24.697],[93.218,24.707],[93.219,24.696],[93.231,24.666],[93.221,24.659],[93.218,24.651],[93.222,24.644],[93.231,24.639],[93.221,24.629],[93.218,24.617],[93.218,24.59],[93.212,24.575],[93.204,24.561],[93.187,24.539],[93.178,24.524],[93.169,24.474],[93.151,24.428],[93.148,24.411],[93.146,24.404],[93.139,24.39],[93.037,24.259],[93.025,24.235],[93.019,24.235],[93.013,24.262],[93.014,24.274],[93.019,24.289],[93.026,24.3],[93.043,24.315],[93.046,24.327],[93.042,24.341],[93.023,24.354],[93.019,24.367],[93.022,24.39],[93.021,24.4],[93.012,24.413],[93.037,24.415],[93.046,24.445],[93.053,24.523],[93.064,24.559],[93.074,24.567],[93.091,24.57],[93.101,24.577],[93.096,24.594],[93.08,24.625],[93.099,24.654],[93.106,24.672],[93.097,24.68],[93.091,24.683],[93.088,24.69],[93.087,24.71],[93.084,24.718],[93.076,24.722],[93.067,24.723],[93.06,24.727],[93.036,24.78],[93.029,24.79],[92.988,24.79],[92.976,24.792],[92.967,24.796],[92.957,24.803],[92.929,24.792],[92.911,24.743],[92.888,24.734],[92.888,24.741],[92.896,24.742],[92.9,24.744],[92.903,24.746],[92.909,24.749],[92.897,24.753],[92.868,24.769],[92.866,24.76],[92.863,24.756],[92.854,24.749],[92.844,24.754],[92.843,24.76],[92.843,24.767],[92.84,24.775],[92.835,24.78],[92.828,24.782],[92.823,24.785],[92.821,24.793],[92.828,24.794],[92.86,24.815],[92.868,24.817],[92.858,24.831],[92.827,24.824],[92.821,24.834],[92.814,24.835],[92.801,24.842],[92.787,24.852],[92.779,24.864],[92.759,24.864],[92.747,24.886],[92.734,24.9],[92.711,24.878],[92.716,24.874],[92.72,24.87],[92.725,24.866],[92.731,24.864],[92.731,24.858],[92.713,24.864],[92.699,24.862],[92.692,24.853],[92.697,24.837],[92.687,24.837],[92.667,24.832],[92.659,24.831],[92.647,24.833],[92.644,24.837],[92.646,24.842],[92.649,24.844],[92.647,24.847],[92.649,24.852],[92.649,24.856],[92.645,24.858],[92.634,24.858],[92.629,24.858],[92.625,24.861],[92.617,24.867],[92.609,24.872],[92.601,24.876],[92.593,24.878],[92.584,24.878],[92.566,24.873],[92.519,24.87],[92.494,24.865],[92.477,24.864],[92.491,24.884],[92.494,24.895],[92.491,24.913],[92.483,24.928],[92.474,24.937],[92.449,24.947],[92.458,24.953],[92.454,24.958],[92.444,24.963],[92.412,24.984],[92.412,24.988],[92.394,24.993],[92.38,25.004],[92.363,25.011],[92.339,25.002],[92.308,25.027],[92.277,25.004],[92.25,24.971],[92.23,24.968],[92.22,24.949],[92.209,24.946],[92.194,24.946],[92.179,24.937],[92.168,24.927],[92.128,24.905],[92.113,24.894],[92.107,24.892],[92.096,24.893],[92.088,24.899],[92.081,24.902],[92.062,24.891],[92.039,24.885],[92.032,24.88],[92.021,24.867],[92.015,24.864],[91.972,24.863],[91.956,24.864],[91.954,24.864],[91.929,24.864],[91.908,24.87],[91.898,24.872],[91.863,24.882],[91.824,24.9],[91.79,24.905],[91.772,24.878],[91.767,24.892],[91.761,24.897],[91.753,24.9],[91.744,24.905],[91.728,24.918],[91.718,24.924],[91.706,24.926],[91.703,24.932],[91.703,24.971],[91.699,24.981],[91.689,24.987],[91.669,24.995],[91.675,24.994],[91.697,24.995],[91.691,25.003],[91.68,25.015],[91.676,25.022],[91.689,25.022],[91.689,25.029],[91.665,25.033],[91.641,25.018],[91.617,25.008],[91.593,25.029],[91.583,25.023],[91.575,25.026],[91.57,25.037],[91.566,25.05],[91.552,25.043],[91.548,25.055],[91.529,25.057],[91.525,25.066],[91.521,25.078],[91.514,25.083],[91.503,25.081],[91.494,25.073],[91.479,25.065],[91.47,25.072],[91.463,25.091],[91.451,25.095],[91.439,25.094],[91.427,25.09],[91.415,25.084],[91.4,25.069],[91.383,25.046],[91.371,25.024],[91.371,25.015],[91.371,25.01],[91.39,24.991],[91.394,24.988],[91.396,24.973],[91.395,24.961],[91.39,24.955],[91.381,24.96],[91.374,24.96],[91.354,24.917],[91.349,24.894],[91.353,24.872],[91.371,24.85],[91.379,24.836],[91.377,24.831],[91.372,24.824],[91.363,24.81],[91.359,24.796],[91.363,24.79],[91.389,24.767],[91.379,24.718],[91.347,24.67],[91.305,24.652],[91.308,24.634],[91.302,24.614],[91.291,24.601],[91.278,24.604],[91.27,24.594],[91.261,24.587],[91.252,24.582],[91.243,24.576],[91.237,24.569],[91.207,24.513],[91.196,24.499],[91.182,24.488],[91.182,24.502],[91.175,24.502],[91.161,24.48],[91.168,24.476],[91.189,24.461],[91.174,24.455],[91.18,24.45],[91.194,24.445],[91.202,24.44],[91.202,24.422],[91.192,24.41],[91.179,24.401],[91.169,24.392],[91.161,24.377],[91.159,24.368],[91.165,24.364],[91.171,24.364],[91.172,24.361],[91.169,24.358],[91.165,24.355]],[[90.976,24.008],[90.967,23.994],[90.953,23.984],[90.936,23.976],[90.912,23.969],[90.866,23.966],[90.859,23.964],[90.852,23.961],[90.847,23.956],[90.844,23.95],[90.843,23.943],[90.844,23.935],[90.856,23.891],[90.854,23.885],[90.85,23.88],[90.843,23.877],[90.836,23.874],[90.83,23.872],[90.823,23.871],[90.792,23.872],[90.785,23.871],[90.778,23.869],[90.772,23.865],[90.765,23.86],[90.76,23.853],[90.756,23.847],[90.755,23.838],[90.761,23.817],[90.761,23.809],[90.76,23.802],[90.739,23.753],[90.723,23.731],[90.721,23.722],[90.725,23.715],[90.739,23.706],[90.745,23.701],[90.749,23.695],[90.751,23.688],[90.751,23.681],[90.743,23.667],[90.73,23.657],[90.715,23.65],[90.7,23.649],[90.684,23.651],[90.675,23.654],[90.669,23.658],[90.663,23.663],[90.656,23.668],[90.649,23.668],[90.643,23.662],[90.641,23.648],[90.651,23.619],[90.647,23.606],[90.644,23.603],[90.641,23.6],[90.633,23.597]],[[90.734,23.659],[90.761,23.634],[90.77,23.623],[90.767,23.618],[90.752,23.616],[90.74,23.61],[90.736,23.602],[90.743,23.59],[90.733,23.58],[90.711,23.567],[90.702,23.555]]]}},{"type":"Feature","properties":{"name":"Gandak","scalerank":9,"kind":"River"},"geometry":{"type":"MultiLineString","coordinates":[[[83.963,29.2],[83.961,29.137],[83.955,29.109],[83.924,29.031],[83.913,29.015],[83.898,28.998],[83.882,28.983],[83.865,28.973],[83.836,28.964],[83.83,28.96],[83.826,28.955],[83.823,28.945],[83.822,28.932],[83.818,28.919],[83.788,28.887],[83.781,28.867],[83.773,28.825],[83.764,28.808],[83.75,28.796],[83.72,28.777],[83.706,28.764],[83.668,28.721],[83.615,28.687],[83.603,28.675],[83.589,28.654],[83.616,28.629],[83.63,28.613],[83.637,28.599],[83.635,28.579],[83.63,28.564],[83.63,28.551],[83.64,28.534],[83.649,28.504],[83.632,28.475],[83.606,28.447],[83.589,28.421],[83.595,28.409],[83.588,28.396],[83.576,28.381],[83.569,28.366],[83.569,28.348],[83.577,28.333],[83.596,28.305],[83.624,28.25],[83.643,28.23],[83.672,28.216],[83.662,28.202],[83.64,28.178],[83.631,28.161],[83.628,28.152],[83.625,28.139],[83.623,28.134],[83.618,28.126],[83.571,28.082],[83.562,28.071],[83.555,28.065],[83.549,28.061],[83.546,28.056],[83.547,28.045],[83.552,28.034],[83.559,28.032],[83.567,28.033],[83.575,28.03],[83.59,28.004],[83.575,27.982],[83.544,27.967],[83.507,27.961],[83.477,27.968],[83.46,27.969],[83.445,27.961],[83.439,27.948],[83.448,27.939],[83.465,27.931],[83.479,27.92],[83.49,27.931],[83.502,27.932],[83.531,27.928],[83.56,27.929],[83.576,27.926],[83.589,27.92],[83.601,27.92],[83.636,27.909],[83.644,27.91],[83.662,27.92],[83.742,27.92],[83.766,27.918],[83.783,27.909],[83.811,27.883],[83.825,27.876],[83.835,27.877],[83.858,27.885],[83.869,27.887],[83.883,27.885],[83.91,27.879],[83.924,27.878],[83.948,27.884],[83.992,27.906],[84.017,27.908],[84.037,27.901],[84.073,27.874],[84.092,27.863],[84.135,27.854],[84.225,27.853],[84.268,27.846],[84.286,27.837],[84.291,27.827],[84.292,27.814],[84.295,27.797],[84.3,27.789],[84.313,27.782],[84.316,27.773],[84.317,27.764],[84.321,27.759],[84.327,27.757],[84.336,27.756],[84.348,27.761],[84.36,27.773],[84.374,27.782],[84.391,27.784],[84.401,27.775],[84.413,27.758],[84.422,27.74],[84.426,27.729],[84.421,27.714],[84.412,27.703],[84.384,27.688],[84.356,27.697],[84.331,27.686],[84.306,27.669],[84.278,27.66],[84.262,27.661],[84.25,27.664],[84.239,27.664],[84.227,27.66],[84.208,27.635],[84.196,27.627],[84.179,27.633],[84.156,27.609],[84.115,27.549],[84.103,27.537],[84.069,27.558],[84.049,27.546],[84.026,27.544],[83.959,27.552],[83.947,27.552],[83.938,27.55],[83.931,27.544],[83.925,27.535],[83.925,27.527],[83.935,27.524],[83.956,27.524],[83.959,27.519],[83.948,27.506],[83.941,27.495],[83.941,27.484],[83.942,27.472],[83.938,27.462],[83.923,27.45],[83.9,27.444],[83.853,27.441],[83.834,27.434],[83.842,27.418],[83.871,27.39],[83.873,27.38],[83.877,27.37],[83.877,27.362],[83.867,27.359],[83.861,27.355],[83.854,27.345],[83.843,27.324],[83.841,27.303],[83.851,27.289],[83.865,27.279],[83.871,27.266],[83.881,27.262],[83.925,27.248],[83.938,27.235],[83.938,27.243],[83.95,27.215],[83.971,27.198],[84.02,27.174],[84.033,27.154],[84.049,27.103],[84.069,27.084],[84.108,27.093],[84.143,27.064],[84.171,27.02],[84.186,26.982],[84.197,26.94],[84.205,26.921],[84.216,26.914],[84.229,26.909],[84.282,26.879],[84.291,26.861],[84.298,26.835],[84.309,26.813],[84.339,26.797],[84.35,26.781],[84.359,26.761],[84.372,26.699],[84.382,26.681],[84.401,26.674],[84.415,26.664],[84.417,26.619],[84.426,26.605],[84.504,26.605],[84.519,26.598],[84.524,26.581],[84.528,26.544],[84.537,26.526],[84.553,26.506],[84.57,26.489],[84.591,26.48],[84.599,26.475],[84.609,26.47],[84.62,26.468],[84.632,26.47],[84.654,26.476],[84.665,26.475],[84.684,26.461],[84.723,26.403],[84.757,26.367],[84.808,26.29],[84.826,26.271],[84.847,26.263],[84.855,26.261],[84.863,26.258],[84.87,26.253],[84.876,26.247],[84.898,26.208],[84.904,26.188],[84.907,26.151],[84.916,26.136],[84.967,26.1],[84.974,26.084],[84.966,26.068],[84.952,26.056],[84.946,26.042],[84.963,26.019],[84.978,26.011],[85.029,25.995],[85.046,25.982],[85.066,25.954],[85.086,25.93],[85.102,25.916],[85.114,25.908],[85.124,25.872],[85.141,25.854],[85.159,25.841],[85.173,25.828],[85.179,25.807],[85.193,25.721],[85.192,25.695],[85.179,25.657],[85.183,25.638]]]}},{"type":"Feature","properties":{"name":null,"scalerank":9,"kind":"River"},"geometry":{"type":"MultiLineString","coordinates":[[[92.813,12.9],[92.828,12.899],[92.839,12.896],[92.847,12.895],[92.854,12.9],[92.86,12.9],[92.866,12.89],[92.874,12.887],[92.882,12.89],[92.888,12.9]]]}},{"type":"Feature","properties":{"name":null,"scalerank":9,"kind":"River"},"geometry":{"type":"MultiLineString","coordinates":[[[92.779,12.31],[92.795,12.324],[92.821,12.321],[92.85,12.313],[92.875,12.31]]]}},{"type":"Feature","properties":{"name":null,"scalerank":9,"kind":"River"},"geometry":{"type":"MultiLineString","coordinates":[[[92.765,12.18],[92.766,12.174],[92.766,12.169],[92.768,12.164],[92.772,12.159],[92.763,12.143],[92.756,12.12],[92.751,12.094],[92.757,12.077]]]}},{"type":"Feature","properties":{"name":"Tuotuo","scalerank":1,"kind":"River"},"geometry":{"type":"MultiLineString","coordinates":[[[90.795,34.3],[90.842,34.304],[90.923,34.327],[91.066,34.341],[91.091,34.338],[91.128,34.324],[91.152,34.321],[91.219,34.325],[91.26,34.317],[91.305,34.301],[91.322,34.291],[91.34,34.285],[91.392,34.293],[91.415,34.294],[91.425,34.291],[91.445,34.283],[91.456,34.281],[91.468,34.281],[91.501,34.287],[91.705,34.257],[91.75,34.259],[91.793,34.271],[91.812,34.268],[91.819,34.25],[91.824,34.228],[91.837,34.216],[91.874,34.198],[91.94,34.153],[91.978,34.137],[92.018,34.137],[92.031,34.14],[92.035,34.142],[92.058,34.179],[92.065,34.188],[92.099,34.197],[92.116,34.211],[92.132,34.227],[92.148,34.239],[92.167,34.245],[92.192,34.25],[92.216,34.25],[92.234,34.243],[92.326,34.239],[92.511,34.212],[92.561,34.213],[92.585,34.21],[92.604,34.201],[92.631,34.174],[92.64,34.163],[92.644,34.14],[92.649,34.129],[92.681,34.101],[92.723,34.087],[92.813,34.081],[92.839,34.083],[92.886,34.093],[92.993,34.1]]]}},{"type":"Feature","properties":{"name":"Nmai","scalerank":4,"kind":"River"},"geometry":{"type":"MultiLineString","coordinates":[[[97.983,28.425],[97.994,28.42],[98.02,28.422],[98.031,28.418],[98.054,28.397],[98.062,28.387],[98.077,28.321],[98.086,28.311],[98.101,28.305],[98.151,28.264],[98.161,28.259],[98.183,28.254],[98.192,28.25],[98.202,28.241],[98.209,28.229],[98.217,28.22],[98.23,28.216],[98.236,28.212],[98.245,28.193],[98.251,28.184],[98.263,28.176],[98.274,28.173],[98.285,28.172],[98.296,28.167],[98.297,28.164],[98.316,28.14],[98.322,28.11],[98.332,28.092],[98.33,28.083],[98.325,28.074],[98.319,28.068],[98.311,28.057],[98.313,28.047],[98.318,28.036],[98.323,28.024],[98.326,27.982],[98.329,27.961],[98.34,27.945],[98.344,27.929],[98.33,27.86],[98.327,27.824],[98.33,27.804],[98.345,27.779],[98.347,27.767],[98.345,27.756],[98.34,27.747],[98.333,27.737],[98.321,27.715],[98.316,27.708],[98.301,27.697],[98.296,27.695],[98.279,27.709],[98.266,27.697],[98.253,27.678],[98.237,27.667],[98.171,27.653],[98.151,27.66],[98.139,27.678],[98.131,27.704],[98.119,27.726],[98.1,27.736],[98.059,27.734],[98.037,27.73],[98.021,27.722],[98.02,27.697],[98.047,27.604],[98.062,27.572],[98.08,27.545],[98.087,27.529],[98.091,27.484],[98.095,27.462],[98.102,27.444],[98.11,27.427],[98.187,27.319],[98.206,27.277],[98.216,27.23],[98.228,27.21],[98.251,27.202],[98.302,27.147],[98.34,27.071],[98.35,27.06],[98.357,27.036],[98.364,26.989],[98.357,26.91],[98.36,26.888],[98.373,26.847],[98.378,26.825],[98.378,26.788],[98.37,26.758],[98.355,26.731],[98.333,26.705],[98.342,26.642],[98.337,26.603],[98.309,26.591],[98.314,26.57],[98.306,26.55],[98.294,26.528],[98.288,26.505],[98.281,26.443],[98.28,26.428],[98.281,26.413],[98.284,26.404],[98.294,26.381],[98.296,26.372],[98.292,26.361],[98.278,26.345],[98.275,26.334],[98.273,26.314],[98.117,25.893],[98.087,25.864],[98.076,25.843],[98.034,25.79],[98.01,25.768],[97.944,25.726],[97.871,25.659],[97.863,25.65],[97.855,25.637],[97.817,25.598],[97.802,25.591],[97.8,25.595],[97.781,25.613],[97.774,25.618],[97.751,25.623],[97.739,25.628],[97.734,25.636],[97.729,25.655],[97.718,25.677],[97.704,25.696],[97.692,25.708],[97.668,25.715],[97.616,25.708],[97.589,25.708],[97.537,25.718],[97.509,25.716],[97.486,25.701]]]}},{"type":"Feature","properties":{"name":"Salween","scalerank":4,"kind":"River"},"geometry":{"type":"MultiLineString","coordinates":[[[91.518,31.943],[91.532,31.91],[91.537,31.891],[91.538,31.859],[91.54,31.85],[91.545,31.841],[91.545,31.832],[91.544,31.816],[91.545,31.806],[91.549,31.787],[91.555,31.772],[91.566,31.762],[91.583,31.759],[91.595,31.753],[91.629,31.729],[91.659,31.719],[91.67,31.707],[91.678,31.693],[91.689,31.682],[91.706,31.677],[91.722,31.675],[91.736,31.671],[91.744,31.656],[91.744,31.646],[91.742,31.639],[91.739,31.634],[91.736,31.628],[91.731,31.607],[91.731,31.597],[91.776,31.569],[91.785,31.556],[91.79,31.543],[91.801,31.527],[91.809,31.509],[91.806,31.491],[91.798,31.491],[91.791,31.487],[91.787,31.48],[91.785,31.471],[91.788,31.457],[91.795,31.448],[91.802,31.441],[91.813,31.414],[91.831,31.403],[91.853,31.399],[91.874,31.402],[91.889,31.412],[91.903,31.426],[91.919,31.438],[91.939,31.443],[91.976,31.439],[92.013,31.429],[92.02,31.425],[92.027,31.421],[92.033,31.416],[92.038,31.409],[92.039,31.401],[92.039,31.393],[92.035,31.377],[92.039,31.341],[92.059,31.313],[92.09,31.296],[92.126,31.293],[92.184,31.294],[92.21,31.289],[92.219,31.289],[92.241,31.295],[92.264,31.307],[92.285,31.322],[92.308,31.347],[92.321,31.365],[92.326,31.374],[92.331,31.393],[92.333,31.403],[92.332,31.413],[92.33,31.42],[92.323,31.435],[92.321,31.443],[92.322,31.454],[92.328,31.463],[92.337,31.47],[92.348,31.472],[92.357,31.467],[92.371,31.453],[92.381,31.451],[92.387,31.454],[92.391,31.458],[92.394,31.463],[92.397,31.467],[92.406,31.469],[92.413,31.468],[92.429,31.464],[92.438,31.464],[92.445,31.467],[92.46,31.474],[92.503,31.484],[92.516,31.491],[92.527,31.5],[92.532,31.502],[92.54,31.503],[92.564,31.502],[92.577,31.505],[92.602,31.516],[92.615,31.519],[92.652,31.515],[92.664,31.516],[92.675,31.519],[92.693,31.529],[92.703,31.533],[92.71,31.536],[92.724,31.544],[92.731,31.548],[92.765,31.553],[92.781,31.55],[92.83,31.552],[92.84,31.556],[92.844,31.564],[92.852,31.564],[92.871,31.559],[92.877,31.562],[92.879,31.566],[92.881,31.571],[92.885,31.573],[92.924,31.573],[92.93,31.569],[92.933,31.564],[92.934,31.553],[92.936,31.548],[92.949,31.54],[92.963,31.542],[92.977,31.549],[92.997,31.564],[93.003,31.566],[93.01,31.565],[93.027,31.556],[93.041,31.546],[93.046,31.54],[93.049,31.535],[93.052,31.529],[93.055,31.524],[93.061,31.521],[93.071,31.523],[93.092,31.536],[93.102,31.541],[93.129,31.546],[93.144,31.546],[93.188,31.539],[93.402,31.544],[93.428,31.55],[93.442,31.552],[93.456,31.551],[93.507,31.532],[93.517,31.53],[93.547,31.53],[93.564,31.525],[93.595,31.512],[93.611,31.509],[93.717,31.508],[93.75,31.494],[93.768,31.489],[93.788,31.49],[93.848,31.513],[93.917,31.511],[93.925,31.512],[93.934,31.516],[93.942,31.52],[93.956,31.532],[93.964,31.536],[93.973,31.538],[93.98,31.535],[93.995,31.526],[94.005,31.524],[94.033,31.525],[94.042,31.523],[94.048,31.519],[94.061,31.508],[94.07,31.503],[94.079,31.501],[94.098,31.501],[94.107,31.499],[94.131,31.488],[94.139,31.487],[94.155,31.488],[94.164,31.487],[94.168,31.485],[94.178,31.481],[94.183,31.48],[94.201,31.48],[94.216,31.486],[94.243,31.504],[94.257,31.51],[94.268,31.507],[94.286,31.488],[94.301,31.48],[94.319,31.478],[94.449,31.481],[94.47,31.484],[94.488,31.484],[94.504,31.481],[94.542,31.466],[94.562,31.462],[94.58,31.456],[94.594,31.443],[94.599,31.43],[94.595,31.419],[94.58,31.398],[94.573,31.382],[94.569,31.367],[94.569,31.321],[94.568,31.315],[94.565,31.309],[94.552,31.298],[94.523,31.281],[94.511,31.271],[94.505,31.258],[94.512,31.251],[94.54,31.245],[94.594,31.239],[94.608,31.229],[94.614,31.222],[94.622,31.195],[94.632,31.17],[94.634,31.161],[94.634,31.144],[94.635,31.135],[94.639,31.127],[94.645,31.123],[94.666,31.113],[94.681,31.101],[94.689,31.096],[94.699,31.093],[94.717,31.091],[94.723,31.089],[94.727,31.085],[94.733,31.076],[94.737,31.073],[94.754,31.07],[94.773,31.075],[94.882,31.127],[94.888,31.127],[94.895,31.128],[94.901,31.129],[94.906,31.132],[94.909,31.138],[94.911,31.152],[94.913,31.159],[94.922,31.167],[94.934,31.174],[94.958,31.183],[94.967,31.185],[95.008,31.183],[95.033,31.178],[95.045,31.173],[95.058,31.17],[95.07,31.172],[95.093,31.184],[95.112,31.189],[95.171,31.186],[95.225,31.19],[95.252,31.189],[95.432,31.129],[95.448,31.119],[95.458,31.104],[95.473,31.07],[95.497,31.038],[95.519,30.994],[95.528,30.981],[95.536,30.974],[95.589,30.945],[95.602,30.94],[95.615,30.938],[95.631,30.94],[95.646,30.944],[95.66,30.95],[95.674,30.958],[95.694,30.966],[95.712,30.966],[95.761,30.953],[95.771,30.953],[95.78,30.954],[95.789,30.957],[95.794,30.961],[95.799,30.964],[95.802,30.969],[95.805,30.975],[95.807,30.984],[95.809,30.989],[95.812,30.993],[95.823,31.001],[95.837,31.006],[95.851,31.007],[95.865,31.007],[95.871,31.005],[95.877,31.002],[95.881,30.998],[95.883,30.992],[95.884,30.985],[95.886,30.982],[95.89,30.98],[95.895,30.979],[95.905,30.986],[95.91,30.986],[95.916,30.983],[95.919,30.975],[95.924,30.973],[95.946,30.968],[95.969,30.966],[95.976,30.964],[95.997,30.953],[96.003,30.949],[96.055,30.945],[96.072,30.938],[96.103,30.921],[96.12,30.918],[96.164,30.914],[96.255,30.892],[96.272,30.886],[96.278,30.882],[96.28,30.877],[96.281,30.871],[96.284,30.864],[96.291,30.86],[96.299,30.861],[96.308,30.863],[96.317,30.864],[96.33,30.863],[96.336,30.861],[96.341,30.857],[96.345,30.852],[96.351,30.839],[96.355,30.834],[96.362,30.825],[96.368,30.816],[96.417,30.669],[96.424,30.628],[96.436,30.593],[96.438,30.583],[96.444,30.566],[96.486,30.517],[96.506,30.483],[96.531,30.46],[96.54,30.434],[96.556,30.433],[96.596,30.448]]]}},{"type":"Feature","properties":{"name":"Irrawaddy","scalerank":4,"kind":"River"},"geometry":{"type":"MultiLineString","coordinates":[[[97.486,25.701],[97.5,25.697],[97.516,25.694],[97.529,25.689],[97.534,25.676],[97.531,25.667],[97.514,25.644],[97.507,25.632],[97.501,25.605],[97.497,25.549],[97.486,25.522],[97.439,25.455],[97.409,25.398],[97.404,25.381],[97.407,25.368],[97.419,25.354],[97.424,25.341],[97.421,25.33],[97.404,25.324],[97.398,25.327],[97.379,25.333],[97.37,25.338],[97.347,25.367],[97.337,25.369],[97.325,25.365],[97.313,25.357],[97.308,25.348],[97.309,25.343],[97.314,25.333],[97.315,25.327],[97.314,25.319],[97.311,25.318],[97.306,25.319],[97.301,25.317],[97.292,25.311],[97.283,25.307],[97.274,25.301],[97.268,25.289],[97.267,25.278],[97.273,25.256],[97.275,25.245],[97.271,25.217],[97.263,25.207],[97.25,25.201],[97.233,25.186],[97.228,25.169],[97.232,25.146],[97.244,25.127],[97.264,25.119],[97.307,25.13],[97.319,25.127],[97.315,25.104],[97.298,25.081],[97.28,25.087],[97.26,25.098],[97.237,25.094],[97.226,25.09],[97.219,25.089],[97.214,25.086],[97.213,25.073],[97.215,25.061],[97.229,25.046],[97.233,25.036],[97.222,24.997],[97.189,24.969],[97.117,24.933],[97.101,24.916],[97.098,24.9],[97.103,24.868],[97.093,24.861],[97.048,24.84],[97.034,24.823],[97.035,24.803],[97.051,24.758],[97.061,24.716],[97.103,24.652],[97.111,24.631],[97.115,24.611],[97.118,24.545],[97.117,24.533],[97.107,24.514],[97.111,24.503],[97.123,24.488],[97.122,24.373],[97.137,24.337],[97.185,24.289],[97.188,24.281],[97.205,24.27],[97.203,24.246],[97.193,24.221],[97.185,24.207],[97.176,24.195],[97.164,24.181],[97.147,24.17],[97.113,24.161],[97.084,24.142],[97.062,24.138],[97.05,24.139],[97.031,24.143],[97.01,24.145],[96.976,24.145],[96.956,24.14],[96.942,24.132],[96.929,24.128],[96.911,24.138],[96.867,24.187],[96.837,24.199],[96.821,24.213],[96.808,24.229],[96.801,24.241],[96.791,24.277],[96.782,24.29],[96.751,24.3],[96.699,24.33],[96.653,24.347],[96.641,24.354],[96.634,24.357],[96.622,24.359],[96.611,24.359],[96.602,24.358],[96.592,24.352],[96.589,24.347],[96.587,24.34],[96.582,24.33],[96.568,24.314],[96.551,24.304],[96.532,24.297],[96.51,24.296],[96.491,24.299],[96.473,24.306],[96.455,24.309],[96.438,24.303],[96.446,24.275],[96.431,24.253],[96.383,24.221],[96.363,24.2],[96.303,24.114],[96.295,24.096],[96.29,24.075],[96.287,24.049],[96.29,23.97],[96.28,23.946],[96.274,23.94],[96.271,23.932],[96.25,23.858],[96.245,23.845],[96.238,23.834],[96.229,23.829],[96.221,23.824],[96.217,23.812],[96.205,23.769],[96.2,23.762],[96.191,23.754],[96.181,23.752],[96.167,23.753],[96.156,23.75],[96.15,23.737],[96.148,23.713],[96.14,23.691],[96.127,23.671],[96.11,23.652],[96.057,23.609],[96.035,23.585],[96.02,23.555],[96.012,23.514],[96.007,23.385],[95.978,23.262],[95.965,22.769],[95.962,22.759],[95.955,22.75],[95.943,22.744],[95.92,22.743],[95.91,22.739],[95.901,22.707],[95.917,22.662],[95.985,22.55],[95.99,22.529],[95.982,22.51],[95.969,22.492],[95.965,22.473],[95.964,22.393],[95.97,22.374],[95.99,22.353],[96.013,22.332],[96.014,22.323],[96.007,22.309],[96.001,22.303],[95.996,22.298],[95.99,22.292],[95.986,22.281],[95.985,22.271],[95.988,22.216],[96,22.158],[96.007,22.089],[96.025,22.058],[96.048,21.994],[96.051,21.956],[96.041,21.923],[96.021,21.897],[95.993,21.877],[95.973,21.867],[95.955,21.861],[95.937,21.857],[95.914,21.856],[95.901,21.863],[95.849,21.911],[95.815,21.926],[95.776,21.932],[95.527,21.922],[95.512,21.918],[95.506,21.908],[95.499,21.89],[95.472,21.857],[95.465,21.839],[95.462,21.811],[95.45,21.781],[95.432,21.756],[95.407,21.746],[95.387,21.733],[95.368,21.665],[95.355,21.637],[95.355,21.63],[95.349,21.621],[95.342,21.609],[95.337,21.596],[95.327,21.546],[95.324,21.537],[95.33,21.464],[95.321,21.466],[95.313,21.452],[95.306,21.45],[95.297,21.453],[95.287,21.452],[95.28,21.449],[95.275,21.445],[95.272,21.442],[95.269,21.438],[95.255,21.421],[95.191,21.37],[95.159,21.33],[95.142,21.314],[95.119,21.308],[95.077,21.301],[95.069,21.303],[95.056,21.312],[95.048,21.315],[95.022,21.311],[95.002,21.297],[94.99,21.275],[94.986,21.25],[94.975,21.244],[94.91,21.226],[94.863,21.226],[94.86,21.227],[94.856,21.228],[94.848,21.226],[94.843,21.222],[94.834,21.214],[94.819,21.204],[94.81,21.186],[94.803,21.164],[94.8,21.144],[94.801,21.1],[94.817,21.016],[94.82,20.972],[94.806,20.925],[94.776,20.891],[94.743,20.864],[94.718,20.836],[94.713,20.814],[94.719,20.796],[94.728,20.78],[94.732,20.763],[94.734,20.746],[94.745,20.706],[94.752,20.691],[94.767,20.673],[94.782,20.658],[94.795,20.643],[94.8,20.626],[94.803,20.606],[94.816,20.566],[94.82,20.547],[94.818,20.515],[94.82,20.506],[94.829,20.496],[94.838,20.492],[94.849,20.489],[94.859,20.482],[94.869,20.464],[94.889,20.396],[94.905,20.365],[94.909,20.344],[94.9,20.325],[94.896,20.31],[94.897,20.246],[94.899,20.236],[94.908,20.217],[94.91,20.205],[94.908,20.2],[94.899,20.19],[94.897,20.184],[94.898,20.177],[94.9,20.173],[94.903,20.17],[94.904,20.167],[94.907,20.147],[94.914,20.124],[94.926,20.104],[94.938,20.088],[94.967,20.066],[94.986,20.057],[95.003,20.054],[95.011,20.049],[95.017,20.039],[95.019,20.026],[95.016,20.016],[95.011,20.005],[95.014,19.996],[95.026,19.985],[95.033,19.981],[95.05,19.973],[95.054,19.968],[95.048,19.938],[95.049,19.924],[95.052,19.915],[95.062,19.91],[95.081,19.91],[95.113,19.891],[95.142,19.861],[95.16,19.823],[95.156,19.78],[95.139,19.751],[95.136,19.739],[95.138,19.727],[95.153,19.708],[95.156,19.701],[95.17,19.622],[95.164,19.501],[95.17,19.458],[95.194,19.397],[95.197,19.372],[95.196,19.351],[95.187,19.32],[95.175,19.153],[95.17,19.136],[95.155,19.116],[95.139,19.107],[95.127,19.096],[95.113,19.015],[95.115,18.992],[95.126,18.951],[95.134,18.931],[95.146,18.913],[95.193,18.866],[95.204,18.848],[95.213,18.805],[95.205,18.768],[95.186,18.738],[95.163,18.717],[95.153,18.711],[95.122,18.698],[95.117,18.697],[95.106,18.698],[95.102,18.698],[95.099,18.693],[95.095,18.679],[95.08,18.667],[95.076,18.645],[95.074,18.601],[95.066,18.58],[95.063,18.562],[95.067,18.544],[95.085,18.522],[95.163,18.464],[95.179,18.448],[95.192,18.43],[95.201,18.41],[95.204,18.386],[95.21,18.363],[95.224,18.349],[95.242,18.34],[95.259,18.334],[95.287,18.32],[95.312,18.3],[95.355,18.251],[95.361,18.247],[95.377,18.236],[95.383,18.231],[95.388,18.22],[95.395,18.195],[95.4,18.186],[95.404,18.177],[95.403,18.155],[95.407,18.145],[95.412,18.136],[95.45,18.033],[95.455,17.996],[95.445,17.957],[95.44,17.949],[95.429,17.939],[95.424,17.929],[95.424,17.921],[95.434,17.876],[95.44,17.867],[95.455,17.85],[95.459,17.84],[95.458,17.83],[95.451,17.813],[95.45,17.77],[95.458,17.726],[95.474,17.686],[95.493,17.655],[95.502,17.645],[95.517,17.634],[95.533,17.625],[95.551,17.621],[95.566,17.614],[95.561,17.597],[95.541,17.56],[95.54,17.544],[95.542,17.521],[95.548,17.5],[95.558,17.491],[95.57,17.484],[95.604,17.453],[95.623,17.443],[95.648,17.44],[95.665,17.441],[95.674,17.437],[95.677,17.419],[95.67,17.408],[95.623,17.381],[95.61,17.366],[95.6,17.346],[95.592,17.323],[95.589,17.303],[95.589,17.262],[95.591,17.251],[95.64,17.148],[95.646,17.11],[95.636,17.073],[95.596,17.036],[95.572,17.019],[95.561,17.015],[95.563,16.982],[95.567,16.964],[95.575,16.942],[95.612,16.88],[95.613,16.864],[95.593,16.849],[95.576,16.848],[95.557,16.85],[95.534,16.847],[95.521,16.838],[95.492,16.811],[95.475,16.806],[95.45,16.804],[95.433,16.798],[95.403,16.778],[95.389,16.772],[95.349,16.765],[95.335,16.758],[95.331,16.743],[95.333,16.72],[95.338,16.694],[95.349,16.675],[95.324,16.661],[95.323,16.648],[95.328,16.631],[95.318,16.61],[95.302,16.602],[95.282,16.596],[95.263,16.588],[95.252,16.573],[95.253,16.563],[95.265,16.545],[95.266,16.538],[95.259,16.529],[95.231,16.508],[95.221,16.504],[95.201,16.499],[95.188,16.486],[95.178,16.469],[95.163,16.449],[95.08,16.394],[95.061,16.367],[95.04,16.295],[95.034,16.281],[95.007,16.261],[94.992,16.251]]]}},{"type":"Feature","properties":{"name":"Tongtian","scalerank":1,"kind":"River"},"geometry":{"type":"MultiLineString","coordinates":[[[92.993,34.1],[93.012,34.109],[93.019,34.124],[93.024,34.145],[93.034,34.163],[93.056,34.171],[93.07,34.179],[93.113,34.216],[93.128,34.226],[93.17,34.232],[93.348,34.232],[93.36,34.229],[93.382,34.22],[93.392,34.218],[93.414,34.221],[93.455,34.23],[93.477,34.232],[93.499,34.23],[93.543,34.221],[93.663,34.212],[93.7,34.218],[93.749,34.232],[93.792,34.252],[93.814,34.273],[93.812,34.29],[93.807,34.306],[93.811,34.317],[93.838,34.321],[93.85,34.327],[93.861,34.342],[93.875,34.369],[93.893,34.391],[93.9,34.404],[93.907,34.441],[93.917,34.454],[93.95,34.472],[93.973,34.471],[94.001,34.492],[94.058,34.553],[94.068,34.561],[94.082,34.567],[94.121,34.571],[94.152,34.585],[94.169,34.589],[94.205,34.587],[94.237,34.582],[94.265,34.584],[94.287,34.602],[94.296,34.621],[94.3,34.634],[94.308,34.641],[94.324,34.644],[94.337,34.651],[94.344,34.665],[94.351,34.671],[94.362,34.657],[94.375,34.677],[94.392,34.684],[94.434,34.685],[94.452,34.688],[94.476,34.695],[94.497,34.705],[94.506,34.715],[94.521,34.745],[94.558,34.764],[94.602,34.768],[94.639,34.75],[94.652,34.741],[94.883,34.701],[94.918,34.686],[94.944,34.664],[94.967,34.671],[94.978,34.65],[94.982,34.623],[94.989,34.609],[94.998,34.605],[95.007,34.586],[95.016,34.582],[95.038,34.581],[95.047,34.579],[95.054,34.575],[95.058,34.566],[95.061,34.543],[95.067,34.534],[95.08,34.53],[95.101,34.534],[95.112,34.531],[95.156,34.493],[95.17,34.486],[95.179,34.488],[95.188,34.494],[95.199,34.5],[95.211,34.5],[95.219,34.492],[95.229,34.47],[95.235,34.465],[95.247,34.466],[95.266,34.471],[95.276,34.472],[95.288,34.47],[95.304,34.459],[95.314,34.459],[95.316,34.463],[95.316,34.472],[95.318,34.48],[95.328,34.486],[95.338,34.486],[95.345,34.481],[95.348,34.473],[95.349,34.462],[95.358,34.46],[95.41,34.418],[95.445,34.38],[95.467,34.363],[95.493,34.349],[95.556,34.33],[95.578,34.311],[95.568,34.281],[95.575,34.276],[95.589,34.259],[95.583,34.254],[95.575,34.244],[95.568,34.239],[95.575,34.232],[95.585,34.226],[95.596,34.225],[95.618,34.234],[95.628,34.229],[95.637,34.222],[95.647,34.218],[95.667,34.214],[95.68,34.201],[95.688,34.182],[95.691,34.16],[95.695,34.143],[95.707,34.129],[95.789,34.063],[95.794,34.053],[95.826,34.052],[95.848,34.015],[95.865,33.972],[95.88,33.951],[95.89,33.949],[95.895,33.945],[95.896,33.937],[95.898,33.914],[95.902,33.913],[95.909,33.914],[95.917,33.91],[95.934,33.895],[95.951,33.882],[95.97,33.874],[95.993,33.869],[95.987,33.843],[96.008,33.834],[96.035,33.829],[96.048,33.817],[96.067,33.81],[96.102,33.806],[96.122,33.798],[96.096,33.78],[96.131,33.765],[96.147,33.763],[96.161,33.77],[96.167,33.771],[96.175,33.768],[96.182,33.768],[96.185,33.777],[96.189,33.782],[96.198,33.785],[96.209,33.786],[96.218,33.786],[96.214,33.78],[96.211,33.773],[96.22,33.773],[96.227,33.769],[96.23,33.761],[96.232,33.752],[96.198,33.746],[96.205,33.736],[96.227,33.739],[96.232,33.729],[96.235,33.718],[96.241,33.721],[96.249,33.728],[96.256,33.732],[96.294,33.739],[96.306,33.737],[96.31,33.733],[96.315,33.732],[96.328,33.739],[96.352,33.762],[96.359,33.766],[96.372,33.763],[96.392,33.749],[96.4,33.746],[96.406,33.739],[96.398,33.702],[96.404,33.684],[96.43,33.691],[96.456,33.68],[96.5,33.643],[96.488,33.636],[96.472,33.629],[96.472,33.623],[96.522,33.621],[96.578,33.611],[96.618,33.588],[96.624,33.547],[96.637,33.552],[96.652,33.554],[96.682,33.554],[96.701,33.547],[96.709,33.533],[96.707,33.519],[96.695,33.513],[96.689,33.506],[96.694,33.492],[96.705,33.472],[96.707,33.466],[96.707,33.461],[96.709,33.456],[96.723,33.439],[96.722,33.434],[96.716,33.432],[96.705,33.431],[96.705,33.423],[96.715,33.419],[96.722,33.413],[96.728,33.406],[96.733,33.397],[96.735,33.405],[96.737,33.409],[96.743,33.41],[96.753,33.41],[96.747,33.397],[96.765,33.397],[96.773,33.389],[96.774,33.374],[96.774,33.356],[96.785,33.364],[96.789,33.386],[96.801,33.39],[96.794,33.376],[96.803,33.367],[96.828,33.314],[96.833,33.321],[96.837,33.326],[96.849,33.335],[96.853,33.325],[96.859,33.322],[96.866,33.325],[96.873,33.331],[96.881,33.333],[96.918,33.327],[96.937,33.333],[96.951,33.343],[96.964,33.348],[96.979,33.341],[96.977,33.337],[96.977,33.336],[96.978,33.334],[96.979,33.327],[96.986,33.334],[96.991,33.338],[97.007,33.341],[97.004,33.335],[97,33.314],[97.02,33.32],[97.022,33.301],[97.017,33.273],[97.017,33.256],[97.022,33.245],[97.019,33.225],[97.024,33.214],[97.047,33.184],[97.084,33.157],[97.104,33.146],[97.12,33.142],[97.134,33.133],[97.175,33.067],[97.181,33.053],[97.185,33.047],[97.196,33.04],[97.22,33.03],[97.23,33.023],[97.241,33.004],[97.246,32.965],[97.254,32.944],[97.267,32.931],[97.288,32.922],[97.311,32.918],[97.332,32.916],[97.347,32.911],[97.361,32.897],[97.371,32.879],[97.377,32.862],[97.384,32.779],[97.391,32.762],[97.425,32.724],[97.427,32.717],[97.427,32.708],[97.43,32.7],[97.442,32.697],[97.448,32.694],[97.466,32.677],[97.559,32.63],[97.565,32.625],[97.574,32.621],[97.594,32.624],[97.603,32.621],[97.608,32.615],[97.617,32.593],[97.62,32.588],[97.664,32.56],[97.818,32.513],[97.838,32.512],[97.856,32.519],[97.887,32.498],[98.014,32.464],[98.067,32.423],[98.076,32.413],[98.08,32.405],[98.091,32.402],[98.113,32.402],[98.123,32.4],[98.129,32.395],[98.135,32.388],[98.144,32.382],[98.187,32.367],[98.206,32.356],[98.213,32.338],[98.212,32.296],[98.213,32.273],[98.22,32.252],[98.271,32.191],[98.309,32.129],[98.375,32.08],[98.384,32.063],[98.393,32.04],[98.437,32.004],[98.453,31.984],[98.456,31.96],[98.453,31.933],[98.445,31.908],[98.435,31.892],[98.423,31.882],[98.419,31.88],[98.421,31.878],[98.435,31.838],[98.435,31.825],[98.425,31.813],[98.445,31.804],[98.468,31.767],[98.501,31.75],[98.542,31.69]]]}},{"type":"Feature","properties":{"name":"Nu","scalerank":4,"kind":"River"},"geometry":{"type":"MultiLineString","coordinates":[[[96.596,30.448],[96.616,30.451],[96.682,30.45],[96.702,30.442],[96.704,30.423],[96.692,30.381],[96.692,30.37],[96.695,30.35],[96.71,30.31],[96.715,30.301],[96.722,30.297],[96.73,30.296],[96.747,30.297],[96.756,30.297],[96.765,30.295],[96.773,30.291],[96.78,30.286],[96.793,30.273],[96.801,30.268],[96.827,30.259],[96.85,30.243],[96.857,30.24],[96.865,30.239],[96.896,30.244],[96.918,30.242],[96.938,30.234],[96.983,30.202],[96.992,30.198],[97.003,30.195],[97.009,30.194],[97.015,30.194],[97.033,30.197],[97.04,30.197],[97.053,30.196],[97.06,30.194],[97.067,30.192],[97.079,30.183],[97.1,30.16],[97.112,30.151],[97.147,30.131],[97.169,30.113],[97.178,30.109],[97.187,30.108],[97.205,30.108],[97.214,30.107],[97.223,30.104],[97.248,30.09],[97.259,30.079],[97.267,30.066],[97.288,30.022],[97.293,30.014],[97.3,30.007],[97.307,30.003],[97.321,29.995],[97.327,29.99],[97.337,29.974],[97.344,29.956],[97.348,29.937],[97.35,29.919],[97.358,29.899],[97.378,29.885],[97.4,29.873],[97.418,29.861],[97.422,29.845],[97.428,29.795],[97.435,29.785],[97.447,29.773],[97.447,29.747],[97.438,29.702],[97.442,29.685],[97.454,29.664],[97.468,29.648],[97.483,29.641],[97.494,29.638],[97.499,29.631],[97.5,29.621],[97.5,29.61],[97.504,29.603],[97.561,29.548],[97.572,29.531],[97.581,29.486],[97.595,29.473],[97.615,29.467],[97.682,29.459],[97.704,29.451],[97.713,29.432],[97.724,29.423],[97.829,29.382],[97.848,29.372],[97.856,29.356],[97.859,29.347],[97.866,29.339],[97.876,29.335],[97.887,29.333],[97.898,29.328],[97.899,29.316],[97.897,29.302],[97.897,29.291],[97.901,29.282],[97.907,29.273],[97.914,29.267],[97.932,29.262],[97.936,29.255],[97.936,29.246],[97.943,29.219],[97.943,29.206],[97.944,29.194],[97.993,29.116],[98.004,29.104],[98.025,29.088],[98.041,29.072],[98.034,29.058],[98.047,29.038],[98.082,29.019],[98.09,29],[98.092,28.959],[98.096,28.938],[98.103,28.921],[98.182,28.818],[98.227,28.805],[98.257,28.79],[98.29,28.768],[98.321,28.741],[98.343,28.715],[98.359,28.678],[98.371,28.544],[98.374,28.531],[98.378,28.523],[98.383,28.517],[98.391,28.511],[98.432,28.494],[98.439,28.493],[98.443,28.457],[98.442,28.452],[98.448,28.439],[98.445,28.421],[98.453,28.407],[98.448,28.395],[98.445,28.354],[98.445,28.339],[98.452,28.324],[98.458,28.315],[98.47,28.298],[98.47,28.29],[98.467,28.282],[98.466,28.27],[98.473,28.234],[98.473,28.178],[98.476,28.153],[98.485,28.13],[98.559,28.098],[98.569,28.096],[98.572,28.082],[98.582,28.068],[98.596,28.056],[98.614,28.051],[98.646,28.011],[98.651,28.006],[98.653,28.002],[98.66,27.972],[98.658,27.969],[98.667,27.956],[98.673,27.955],[98.685,27.961],[98.681,27.95],[98.676,27.941],[98.668,27.934],[98.658,27.928],[98.68,27.904],[98.686,27.867],[98.675,27.771],[98.673,27.77],[98.677,27.762],[98.69,27.751],[98.693,27.747],[98.698,27.732],[98.722,27.7],[98.732,27.669],[98.743,27.657],[98.775,27.633],[98.81,27.591],[98.816,27.581],[98.818,27.577],[98.823,27.573],[98.828,27.569],[98.83,27.561],[98.83,27.524],[98.825,27.489],[98.82,27.476],[98.809,27.462],[98.831,27.422],[98.84,27.4],[98.846,27.371],[98.861,27.352],[98.864,27.342],[98.863,27.313],[98.864,27.304],[98.868,27.297],[98.88,27.28],[98.885,27.27],[98.886,27.261],[98.883,27.203],[98.88,27.193],[98.869,27.174],[98.898,26.455],[98.892,26.382],[98.889,26.373],[98.884,26.365],[98.868,26.348],[98.859,26.336],[98.861,26.325],[98.867,26.315],[98.871,26.303],[98.872,26.281],[98.863,26.208],[98.858,26.188],[98.857,26.177],[98.86,26.168],[98.87,26.157],[98.871,26.146],[98.869,26.14],[98.857,26.118],[98.857,26.108],[98.859,26.099],[98.857,26.091],[98.843,26.084],[98.853,26.048],[98.837,25.92],[98.879,25.666],[98.88,25.556],[98.895,25.471],[98.892,25.426],[98.887,25.416],[98.874,25.396],[98.871,25.382],[98.879,25.339],[98.877,25.324],[98.87,25.315],[98.848,25.296],[98.843,25.286],[98.851,25.254],[98.851,25.239],[98.843,25.228],[98.849,25.221],[98.855,25.209],[98.859,25.199],[98.854,25.194],[98.843,25.188],[98.843,25.175],[98.851,25.152],[98.843,25.073],[98.848,25.049],[98.872,25.008],[98.877,24.991],[98.88,24.973],[98.905,24.919],[98.889,24.902],[98.895,24.874],[98.923,24.818],[98.942,24.796],[98.947,24.786],[98.948,24.772],[98.95,24.758],[98.955,24.746],[98.963,24.741],[98.983,24.734]],[[98.987,24.44],[98.977,24.423],[98.979,24.415]],[[98.999,24.243],[98.975,24.227],[98.965,24.218],[98.947,24.195],[98.938,24.187],[98.897,24.169],[98.885,24.158],[98.855,24.139],[98.818,24.129],[98.716,24.122],[98.681,24.107],[98.64,24.101],[98.612,24.088],[98.597,24.083],[98.585,24.076],[98.544,24.059],[98.532,24.056],[98.51,24.053],[98.493,24.047],[98.432,24],[98.418,23.983],[98.412,23.963],[98.415,23.92],[98.425,23.878],[98.445,23.841],[98.473,23.814],[98.549,23.769],[98.575,23.745],[98.6,23.71],[98.638,23.638],[98.649,23.609],[98.649,23.597],[98.645,23.583],[98.638,23.575],[98.629,23.567],[98.621,23.557],[98.613,23.534],[98.594,23.517],[98.59,23.504],[98.593,23.49],[98.6,23.475],[98.618,23.446],[98.607,23.427],[98.618,23.419],[98.639,23.42],[98.658,23.426],[98.72,23.388],[98.733,23.302],[98.731,23.277],[98.724,23.262],[98.711,23.256],[98.689,23.255],[98.683,23.251],[98.665,23.237],[98.65,23.233],[98.641,23.228],[98.634,23.227],[98.626,23.229],[98.617,23.237],[98.61,23.24],[98.588,23.241],[98.554,23.23],[98.532,23.227],[98.526,23.223],[98.516,23.209],[98.511,23.206],[98.5,23.207],[98.479,23.212],[98.466,23.212],[98.443,23.206],[98.446,23.195],[98.459,23.184],[98.471,23.17],[98.482,23.164],[98.495,23.16],[98.504,23.158],[98.516,23.153],[98.524,23.141],[98.535,23.117],[98.559,23.093],[98.565,23.076],[98.545,23.069],[98.527,23.065],[98.511,23.056],[98.5,23.043],[98.494,23.028],[98.497,23.014],[98.505,22.99],[98.518,22.97],[98.532,22.97],[98.549,22.975],[98.566,22.964],[98.59,22.939],[98.655,22.91],[98.665,22.901],[98.665,22.876],[98.661,22.859],[98.651,22.847],[98.631,22.836],[98.611,22.831],[98.545,22.823],[98.541,22.818],[98.525,22.791],[98.522,22.782],[98.528,22.77],[98.542,22.754],[98.549,22.737],[98.548,22.73],[98.544,22.724],[98.542,22.709],[98.545,22.701],[98.559,22.686],[98.563,22.679],[98.563,22.669],[98.56,22.661],[98.556,22.655],[98.555,22.651],[98.559,22.639],[98.563,22.638],[98.573,22.638],[98.578,22.635],[98.581,22.628],[98.583,22.62],[98.591,22.606],[98.595,22.588],[98.6,22.579],[98.612,22.564],[98.616,22.555],[98.622,22.528],[98.639,22.496],[98.645,22.48],[98.642,22.46],[98.622,22.43],[98.618,22.415],[98.613,22.382],[98.601,22.347],[98.585,22.314],[98.569,22.288],[98.578,22.273],[98.631,22.158],[98.643,22.139],[98.698,22.087],[98.72,22.074],[98.744,22.068],[98.756,22.063],[98.768,22.052],[98.774,22.04],[98.771,22.035],[98.757,22.035],[98.746,22.033],[98.738,22.027],[98.733,22.014],[98.741,22.007],[98.735,21.998],[98.726,21.98],[98.72,21.972],[98.713,21.968],[98.697,21.961],[98.671,21.943],[98.629,21.926],[98.569,21.894],[98.555,21.879],[98.549,21.859],[98.551,21.838],[98.585,21.715],[98.636,21.648],[98.645,21.63],[98.649,21.581],[98.618,21.562],[98.582,21.548],[98.569,21.514],[98.578,21.493],[98.611,21.456],[98.625,21.417],[98.642,21.407],[98.661,21.399],[98.673,21.39],[98.677,21.373],[98.679,21.304],[98.684,21.291],[98.706,21.259],[98.713,21.239],[98.711,21.221],[98.706,21.2],[98.703,21.179],[98.71,21.16],[98.726,21.143],[98.783,21.102],[98.802,21.075],[98.796,21.043],[98.774,21.014],[98.741,20.992],[98.712,20.99],[98.673,20.992],[98.639,20.991],[98.607,20.96],[98.531,20.963],[98.508,20.951]]]}},{"type":"Feature","properties":{"name":"Salween","scalerank":4,"kind":"River"},"geometry":{"type":"MultiLineString","coordinates":[[[98.508,20.951],[98.495,20.924],[98.492,20.877],[98.5,20.787],[98.512,20.748],[98.593,20.612],[98.65,20.485],[98.656,20.461],[98.659,20.437],[98.655,20.42],[98.645,20.401],[98.644,20.378],[98.649,20.354],[98.658,20.335],[98.674,20.317],[98.687,20.307],[98.696,20.294],[98.7,20.27],[98.696,20.225],[98.689,20.201],[98.679,20.184],[98.661,20.172],[98.623,20.157],[98.607,20.147],[98.6,20.145],[98.566,20.15],[98.535,20.129],[98.505,20.096],[98.488,20.085],[98.463,20.081],[98.4,20.08],[98.378,20.075],[98.343,20.057],[98.276,20.014],[98.234,19.999],[98.141,19.99],[98.02,19.953],[97.997,19.951],[97.978,19.954],[97.941,19.964],[97.918,19.965],[97.877,19.951],[97.858,19.924],[97.847,19.892],[97.83,19.862],[97.815,19.852],[97.801,19.851],[97.764,19.856],[97.751,19.847],[97.746,19.825],[97.744,19.8],[97.74,19.78],[97.694,19.72],[97.682,19.711],[97.663,19.705],[97.655,19.69],[97.651,19.65],[97.637,19.609],[97.635,19.596],[97.637,19.564],[97.633,19.547],[97.603,19.486],[97.585,19.42],[97.579,19.409],[97.558,19.405],[97.539,19.392],[97.526,19.374],[97.521,19.355],[97.522,19.348],[97.531,19.331],[97.534,19.321],[97.535,19.15],[97.529,19.137],[97.511,19.119],[97.504,19.104],[97.49,19.05],[97.477,18.902],[97.466,18.862],[97.46,18.852],[97.441,18.828],[97.432,18.82],[97.387,18.824],[97.366,18.856],[97.351,18.872],[97.335,18.875],[97.327,18.851],[97.335,18.711],[97.36,18.624],[97.363,18.588],[97.345,18.562],[97.357,18.54],[97.379,18.521],[97.39,18.502],[97.394,18.487],[97.417,18.441],[97.443,18.404],[97.446,18.381],[97.447,18.358],[97.452,18.334],[97.466,18.312],[97.486,18.292],[97.508,18.277],[97.528,18.266],[97.537,18.273],[97.542,18.28],[97.56,18.328],[97.562,18.331],[97.573,18.333],[97.624,18.314],[97.637,18.307],[97.643,18.292],[97.643,18.273],[97.635,18.258],[97.62,18.251],[97.618,18.242],[97.629,18.221],[97.68,18.153],[97.684,18.146],[97.685,18.14],[97.685,18.132],[97.687,18.12],[97.696,18.102],[97.698,18.091],[97.698,18.085],[97.693,18.075],[97.692,18.07],[97.694,18.062],[97.697,18.061],[97.702,18.062],[97.706,18.059],[97.72,18.053],[97.722,18.049],[97.725,18.037],[97.739,18.003],[97.744,17.998],[97.747,17.993],[97.751,17.981],[97.754,17.969],[97.75,17.964],[97.747,17.961],[97.72,17.943],[97.691,17.896],[97.685,17.881],[97.698,17.834],[97.676,17.831],[97.676,17.815],[97.686,17.795],[97.692,17.775],[97.695,17.752],[97.713,17.69],[97.721,17.592],[97.724,17.582],[97.73,17.573],[97.737,17.564],[97.744,17.553],[97.754,17.519],[97.771,17.493],[97.774,17.484],[97.773,17.472],[97.761,17.447],[97.761,17.419],[97.76,17.406],[97.75,17.398],[97.726,17.388],[97.691,17.361],[97.675,17.323],[97.672,17.238],[97.677,17.199],[97.674,17.183],[97.655,17.173],[97.652,17.165],[97.651,17.155],[97.651,17.126],[97.613,17.056],[97.61,17.035],[97.613,17.011],[97.637,16.956],[97.64,16.933],[97.635,16.913],[97.628,16.893],[97.617,16.829],[97.619,16.819],[97.629,16.802],[97.63,16.791],[97.625,16.771],[97.607,16.73],[97.603,16.706],[97.605,16.684],[97.611,16.665],[97.62,16.649],[97.656,16.6],[97.664,16.586],[97.674,16.555]]]}},{"type":"Feature","properties":{"name":"Yangtze","scalerank":1,"kind":"River"},"geometry":{"type":"MultiLineString","coordinates":[[[98.542,31.69],[98.548,31.685],[98.553,31.681],[98.559,31.677],[98.563,31.669],[98.566,31.661],[98.569,31.632],[98.576,31.616],[98.592,31.599],[98.841,31.397],[98.864,31.368],[98.867,31.365],[98.885,31.354],[98.874,31.341],[98.831,31.298],[98.803,31.258],[98.782,31.239],[98.768,31.23],[98.761,31.234],[98.756,31.244],[98.731,31.278],[98.724,31.285],[98.714,31.291],[98.683,31.316],[98.665,31.321],[98.649,31.317],[98.638,31.309],[98.621,31.289],[98.611,31.256],[98.62,31.188],[98.604,31.17],[98.613,31.165],[98.638,31.16],[98.651,31.155],[98.693,31.125],[98.721,31.066],[98.726,31.06],[98.745,31.041],[98.765,31.015],[98.775,31.007],[98.797,30.997],[98.803,30.991],[98.805,30.966],[98.798,30.941],[98.786,30.918],[98.775,30.902],[98.787,30.881],[98.801,30.868],[98.833,30.844],[98.88,30.793],[98.898,30.779],[98.938,30.76],[98.954,30.748],[98.96,30.727],[98.953,30.708],[98.936,30.7],[98.917,30.695],[98.905,30.682],[98.905,30.664],[98.922,30.624],[98.926,30.604],[98.927,30.594],[98.932,30.579],[98.931,30.5],[98.933,30.491],[98.938,30.485],[98.947,30.479],[98.956,30.471],[98.96,30.46],[98.987,30.144]],[[98.988,29.689],[98.987,29.651],[98.992,29.635]]]}},{"type":"Feature","properties":{"name":"Godävari","scalerank":5,"kind":"River"},"geometry":{"type":"MultiLineString","coordinates":[[[73.652,20.013],[73.657,20.019],[73.666,20.035],[73.673,20.04],[73.686,20.043],[73.696,20.04],[73.705,20.036],[73.739,20.031],[73.781,20.02],[73.822,19.998],[73.838,19.994],[73.862,19.992],[73.903,19.999],[73.917,19.997],[73.947,19.985],[73.967,19.983],[73.975,19.988],[73.98,20],[73.992,20.016],[74.004,20.026],[74.021,20.037],[74.041,20.046],[74.057,20.048],[74.066,20.041],[74.073,20.031],[74.083,20.025],[74.098,20.033],[74.117,20.021],[74.147,20.014],[74.163,20.003],[74.172,19.999],[74.197,19.995],[74.202,19.989],[74.229,19.972],[74.236,19.971],[74.255,19.973],[74.263,19.972],[74.288,19.96],[74.294,19.958],[74.314,19.955],[74.389,19.931],[74.409,19.919],[74.426,19.906],[74.433,19.893],[74.442,19.882],[74.464,19.884],[74.489,19.889],[74.509,19.889],[74.513,19.885],[74.523,19.862],[74.533,19.854],[74.544,19.847],[74.553,19.838],[74.561,19.812],[74.569,19.806],[74.579,19.802],[74.601,19.789],[74.611,19.792],[74.62,19.798],[74.632,19.8],[74.673,19.78],[74.692,19.768],[74.698,19.766],[74.74,19.765],[74.759,19.761],[74.774,19.751],[74.791,19.732],[74.813,19.691],[74.829,19.672],[74.849,19.663],[74.861,19.661],[74.88,19.652],[74.89,19.65],[74.917,19.654],[74.929,19.655],[74.941,19.65],[74.952,19.657],[74.963,19.653],[74.989,19.636],[75.016,19.629],[75.035,19.617],[75.037,19.615],[75.113,19.601],[75.14,19.588],[75.161,19.596],[75.181,19.594],[75.196,19.583],[75.202,19.564],[75.206,19.557],[75.217,19.548],[75.247,19.533],[75.319,19.508],[75.335,19.506],[75.34,19.503],[75.351,19.489],[75.356,19.486],[75.37,19.468],[75.376,19.463],[75.378,19.466],[75.381,19.471],[75.387,19.472],[75.408,19.466],[75.417,19.462],[75.428,19.452],[75.432,19.441],[75.432,19.43],[75.437,19.421],[75.452,19.417],[75.458,19.42],[75.469,19.434],[75.479,19.437],[75.49,19.434],[75.497,19.427],[75.503,19.418],[75.51,19.409],[75.548,19.389],[75.682,19.362],[75.705,19.355],[75.721,19.352],[75.735,19.355],[75.749,19.366],[75.759,19.38],[75.769,19.391],[75.787,19.396],[75.802,19.392],[75.819,19.382],[75.835,19.376],[75.849,19.379],[75.864,19.385],[75.898,19.384],[75.914,19.389],[75.914,19.377],[75.907,19.348],[75.907,19.317],[75.917,19.305],[75.94,19.302],[75.966,19.307],[75.983,19.314],[75.993,19.331],[76,19.34],[76.01,19.342],[76.016,19.333],[76.017,19.305],[76.021,19.3],[76.031,19.299],[76.051,19.294],[76.062,19.293],[76.075,19.296],[76.082,19.303],[76.086,19.31],[76.093,19.314],[76.11,19.312],[76.163,19.298],[76.178,19.29],[76.194,19.275],[76.21,19.265],[76.226,19.26],[76.243,19.259],[76.285,19.266],[76.305,19.265],[76.322,19.256],[76.33,19.25],[76.356,19.238],[76.361,19.233],[76.357,19.222],[76.346,19.205],[76.345,19.16],[76.34,19.143],[76.322,19.136],[76.318,19.13],[76.319,19.117],[76.329,19.109],[76.353,19.115],[76.36,19.123],[76.362,19.131],[76.366,19.134],[76.38,19.128],[76.384,19.122],[76.385,19.113],[76.39,19.105],[76.404,19.102],[76.423,19.104],[76.427,19.099],[76.429,19.072],[76.434,19.064],[76.442,19.06],[76.456,19.061],[76.465,19.066],[76.482,19.087],[76.49,19.095],[76.507,19.103],[76.518,19.107],[76.561,19.112],[76.565,19.112],[76.621,19.081],[76.63,19.069],[76.634,19.05],[76.631,19.04],[76.624,19.032],[76.62,19.025],[76.624,19.015],[76.631,19.01],[76.639,19.006],[76.649,19.005],[76.66,19.005],[76.676,19.011],[76.688,19.018],[76.7,19.022],[76.716,19.018],[76.726,19.01],[76.729,19],[76.731,18.989],[76.737,18.977],[76.757,18.99],[76.764,18.996],[76.781,19.019],[76.784,19.026],[76.778,19.04],[76.776,19.049],[76.781,19.053],[76.826,19.045],[76.832,19.05],[76.836,19.064],[76.845,19.067],[76.894,19.051],[76.907,19.05],[76.922,19.053],[76.933,19.061],[76.953,19.083],[76.966,19.087],[76.97,19.09],[76.976,19.099],[76.98,19.102],[76.987,19.101],[76.997,19.096],[77,19.095],[77.031,19.098],[77.043,19.097],[77.058,19.087],[77.055,19.099],[77.057,19.112],[77.064,19.121],[77.079,19.122],[77.09,19.115],[77.093,19.102],[77.087,19.089],[77.072,19.081],[77.079,19.07],[77.089,19.066],[77.102,19.067],[77.114,19.074],[77.134,19.067],[77.144,19.083],[77.151,19.104],[77.165,19.115],[77.175,19.112],[77.185,19.105],[77.196,19.101],[77.206,19.105],[77.214,19.111],[77.223,19.115],[77.243,19.122],[77.249,19.122],[77.256,19.12],[77.262,19.117],[77.264,19.115],[77.268,19.12],[77.27,19.127],[77.271,19.136],[77.287,19.143],[77.298,19.144],[77.309,19.139],[77.324,19.137],[77.362,19.158],[77.381,19.156],[77.394,19.139],[77.389,19.124],[77.38,19.108],[77.384,19.091],[77.402,19.074],[77.456,19.04],[77.463,19.033],[77.471,19.017],[77.477,19.012],[77.488,19.009],[77.499,19.01],[77.51,19.009],[77.538,18.994],[77.555,18.992],[77.572,18.987],[77.586,18.971],[77.599,18.941],[77.608,18.937],[77.631,18.937],[77.637,18.932],[77.641,18.923],[77.647,18.914],[77.658,18.91],[77.667,18.908],[77.674,18.903],[77.689,18.889],[77.709,18.877],[77.729,18.871],[77.775,18.868],[77.785,18.866],[77.792,18.861],[77.797,18.857],[77.802,18.855],[77.817,18.853],[77.839,18.848],[77.847,18.843],[77.854,18.837],[77.861,18.831],[77.874,18.827],[77.886,18.826],[77.906,18.832],[77.918,18.834],[77.935,18.829],[77.945,18.83],[77.949,18.838],[77.951,18.848],[77.957,18.857],[77.963,18.864],[77.97,18.868],[77.986,18.871],[78.029,18.873],[78.038,18.878],[78.038,18.89],[78.04,18.899],[78.043,18.906],[78.049,18.913],[78.061,18.921],[78.069,18.922],[78.077,18.921],[78.087,18.923],[78.092,18.929],[78.106,18.949],[78.115,18.958],[78.116,18.956],[78.122,18.953],[78.129,18.95],[78.135,18.951],[78.141,18.956],[78.147,18.969],[78.151,18.974],[78.167,18.984],[78.215,19.002],[78.231,19.005],[78.248,19.002],[78.266,18.992],[78.28,18.98],[78.286,18.968],[78.285,18.945],[78.288,18.935],[78.296,18.93],[78.311,18.933],[78.317,18.94],[78.32,18.949],[78.327,18.958],[78.36,18.977],[78.367,18.982],[78.371,18.987],[78.378,18.99],[78.391,18.992],[78.412,18.986],[78.446,18.963],[78.47,18.958],[78.481,18.959],[78.5,18.965],[78.511,18.964],[78.516,18.961],[78.522,18.954],[78.53,18.947],[78.542,18.944],[78.549,18.946],[78.555,18.952],[78.559,18.96],[78.563,18.98],[78.57,18.984],[78.594,18.985],[78.629,18.982],[78.647,18.988],[78.661,19.026],[78.676,19.034],[78.694,19.035],[78.71,19.033],[78.753,19.012],[78.776,19.008],[78.786,19.022],[78.794,19.039],[78.813,19.051],[78.836,19.058],[78.854,19.061],[78.874,19.055],[78.907,19.035],[78.919,19.036],[78.923,19.045],[78.924,19.055],[78.926,19.063],[78.932,19.067],[78.943,19.069],[78.961,19.078],[78.97,19.081],[79.012,19.081],[79.046,19.069],[79.072,19.046],[79.087,19.012],[79.101,18.972],[79.118,18.939],[79.139,18.912],[79.162,18.889],[79.178,18.878],[79.196,18.869],[79.217,18.864],[79.241,18.862],[79.247,18.858],[79.251,18.848],[79.258,18.838],[79.269,18.834],[79.273,18.831],[79.288,18.817],[79.293,18.814],[79.298,18.813],[79.304,18.813],[79.317,18.816],[79.334,18.821],[79.35,18.829],[79.39,18.857],[79.409,18.859],[79.429,18.852],[79.451,18.841],[79.513,18.798],[79.525,18.797],[79.533,18.789],[79.587,18.766],[79.595,18.758],[79.61,18.741],[79.622,18.731],[79.641,18.734],[79.659,18.718],[79.687,18.68],[79.698,18.68],[79.766,18.69],[79.781,18.695],[79.799,18.706],[79.814,18.722],[79.826,18.765],[79.851,18.794],[79.854,18.814],[79.851,18.818],[79.845,18.823],[79.838,18.831],[79.834,18.841],[79.836,18.863],[79.839,18.876],[79.844,18.882],[79.855,18.879],[79.865,18.872],[79.872,18.862],[79.877,18.84],[79.883,18.837],[79.892,18.837],[79.903,18.834],[79.968,18.797],[80.002,18.786],[80.039,18.752],[80.061,18.737],[80.067,18.731],[80.084,18.701],[80.091,18.698],[80.17,18.69],[80.242,18.698],[80.251,18.701],[80.27,18.714],[80.283,18.717],[80.295,18.713],[80.303,18.705],[80.309,18.694],[80.314,18.683],[80.316,18.673],[80.317,18.652],[80.32,18.642],[80.327,18.631],[80.336,18.621],[80.344,18.611],[80.348,18.598],[80.352,18.592],[80.361,18.599],[80.37,18.61],[80.372,18.616],[80.384,18.612],[80.391,18.604],[80.394,18.593],[80.396,18.581],[80.394,18.574],[80.385,18.555],[80.382,18.547],[80.38,18.534],[80.382,18.502],[80.389,18.478],[80.406,18.465],[80.444,18.451],[80.466,18.419],[80.479,18.329],[80.492,18.292],[80.521,18.262],[80.688,18.166],[80.697,18.159],[80.702,18.143],[80.776,18.023],[80.779,18.023],[80.809,18.008],[80.817,18.005],[80.831,18.003],[80.84,17.996],[80.855,17.978],[80.881,17.952],[80.891,17.939],[80.896,17.923],[80.895,17.91],[80.885,17.868],[80.88,17.83],[80.871,17.794],[80.869,17.775],[80.872,17.756],[80.89,17.729],[80.896,17.711],[80.895,17.688],[80.889,17.671],[80.886,17.656],[80.896,17.642],[80.916,17.634],[80.936,17.635],[80.975,17.642],[80.994,17.639],[81.006,17.631],[81.011,17.618],[81.013,17.597],[81.02,17.586],[81.036,17.59],[81.067,17.608],[81.078,17.6],[81.09,17.603],[81.103,17.608],[81.116,17.608],[81.123,17.602],[81.138,17.581],[81.15,17.573],[81.159,17.579],[81.167,17.579],[81.201,17.568],[81.206,17.567],[81.238,17.566],[81.255,17.562],[81.268,17.551],[81.28,17.532],[81.293,17.497],[81.303,17.488],[81.324,17.484],[81.332,17.485],[81.347,17.49],[81.359,17.491],[81.373,17.488],[81.381,17.48],[81.388,17.471],[81.396,17.464],[81.404,17.46],[81.413,17.458],[81.431,17.457],[81.499,17.467],[81.505,17.464],[81.533,17.434],[81.54,17.43],[81.582,17.416],[81.611,17.396],[81.616,17.392],[81.614,17.354],[81.617,17.336],[81.629,17.32],[81.638,17.316],[81.663,17.31],[81.671,17.306],[81.677,17.295],[81.673,17.29],[81.667,17.287],[81.664,17.282],[81.662,17.265],[81.652,17.226],[81.65,17.207],[81.651,17.196],[81.655,17.184],[81.661,17.173],[81.667,17.169],[81.675,17.165],[81.677,17.156],[81.678,17.134],[81.686,17.112],[81.696,17.096],[81.709,17.084],[81.725,17.073],[81.75,17.031],[81.754,17.017],[81.759,16.966],[81.756,16.958],[81.749,16.95],[81.739,16.942],[81.73,16.915],[81.734,16.886],[81.752,16.832],[81.76,16.802],[81.768,16.779],[81.78,16.76],[81.801,16.737],[81.795,16.722],[81.798,16.705],[81.814,16.675],[81.842,16.642],[81.854,16.611],[81.859,16.603],[81.864,16.578],[81.859,16.535],[81.847,16.495],[81.831,16.477],[81.81,16.473],[81.795,16.464],[81.77,16.433],[81.749,16.417],[81.738,16.423],[81.73,16.436],[81.718,16.443],[81.711,16.438],[81.705,16.429],[81.697,16.415],[81.699,16.406],[81.704,16.4],[81.709,16.397],[81.712,16.391],[81.712,16.312]],[[81.759,16.955],[81.759,16.934],[81.764,16.912],[81.772,16.893],[81.792,16.869],[81.838,16.785],[81.849,16.772],[81.86,16.767],[81.89,16.76],[81.9,16.754],[81.925,16.723],[81.931,16.717],[81.946,16.713],[81.97,16.713],[81.982,16.706],[81.994,16.697],[82.007,16.69],[82.021,16.689],[82.034,16.696],[82.045,16.688],[82.059,16.684],[82.074,16.682],[82.089,16.683],[82.092,16.686],[82.102,16.693],[82.118,16.7],[82.141,16.705],[82.215,16.711],[82.271,16.701],[82.343,16.701]]]}},{"type":"Feature","properties":{"name":"Pamir","scalerank":5,"kind":"River"},"geometry":{"type":"MultiLineString","coordinates":[[[73.605,37.446],[73.485,37.481],[73.44,37.48],[73.378,37.453],[73.361,37.457],[73.345,37.465],[73.321,37.467],[73.296,37.465],[73.276,37.46],[73.26,37.45],[73.211,37.409],[73.2,37.404],[73.179,37.411],[73.17,37.409],[73.132,37.385],[73.116,37.369],[73.099,37.34],[73.087,37.326],[73.067,37.315],[72.995,37.31],[72.924,37.275],[72.902,37.254],[72.877,37.247],[72.83,37.24],[72.79,37.221],[72.761,37.188],[72.714,37.11],[72.672,37.058],[72.666,37.039],[72.657,37.029]]]}},{"type":"Feature","properties":{"name":"Panj","scalerank":5,"kind":"River"},"geometry":{"type":"MultiLineString","coordinates":[[[72.657,37.029],[72.508,37.011],[72.475,36.998],[72.406,37.008],[72.361,37.001],[72.259,36.968],[72.22,36.946],[72.21,36.937],[72.196,36.919],[72.186,36.912],[72.152,36.896],[72.126,36.873],[71.836,36.699],[71.797,36.686],[71.748,36.679],[71.7,36.679],[71.653,36.687],[71.611,36.705],[71.577,36.734],[71.563,36.751],[71.552,36.77],[71.545,36.79],[71.538,36.836],[71.528,36.856],[71.471,36.93],[71.463,36.948],[71.459,36.97],[71.459,37.011],[71.456,37.023],[71.439,37.044],[71.433,37.055],[71.431,37.067],[71.433,37.128],[71.441,37.169],[71.446,37.184],[71.453,37.193],[71.45,37.217],[71.487,37.267],[71.488,37.295],[71.493,37.308],[71.496,37.329],[71.494,37.371],[71.487,37.409],[71.49,37.424],[71.501,37.446],[71.511,37.486],[71.497,37.567],[71.501,37.611],[71.505,37.616],[71.517,37.629],[71.522,37.638],[71.524,37.648],[71.529,37.679],[71.541,37.71],[71.542,37.72],[71.54,37.731],[71.531,37.752],[71.529,37.761],[71.537,37.779],[71.574,37.798],[71.59,37.816],[71.594,37.834],[71.595,37.858],[71.593,37.88],[71.59,37.892],[71.597,37.899],[71.567,37.928],[71.537,37.945],[71.501,37.946],[71.379,37.913],[71.36,37.902],[71.341,37.894],[71.319,37.901],[71.282,37.925],[71.271,37.926],[71.263,37.925],[71.258,37.927],[71.254,37.94],[71.255,37.95],[71.265,37.973],[71.272,37.998]],[[70.293,37.996],[70.288,37.991],[70.283,37.982],[70.272,37.978],[70.261,37.977],[70.254,37.974],[70.25,37.964],[70.25,37.956],[70.253,37.948],[70.261,37.94],[70.238,37.933],[70.214,37.93],[70.192,37.933],[70.172,37.946],[70.16,37.921],[70.165,37.89],[70.179,37.861],[70.196,37.84],[70.207,37.836],[70.24,37.828],[70.247,37.819],[70.249,37.805],[70.256,37.792],[70.265,37.781],[70.275,37.774],[70.269,37.763],[70.271,37.749],[70.282,37.72],[70.283,37.705],[70.28,37.696],[70.277,37.688],[70.275,37.676],[70.262,37.661],[70.257,37.658],[70.253,37.655],[70.253,37.647],[70.255,37.638],[70.254,37.631],[70.248,37.624],[70.246,37.621],[70.24,37.617],[70.237,37.618],[70.218,37.618],[70.216,37.617],[70.202,37.588],[70.199,37.58],[70.192,37.576],[70.157,37.542],[70.129,37.533],[70.099,37.537],[70.069,37.545],[70.041,37.549],[70.047,37.542],[70.017,37.546],[70.007,37.549],[69.998,37.556],[69.994,37.562],[69.989,37.568],[69.976,37.57],[69.955,37.576],[69.944,37.59],[69.935,37.606],[69.918,37.617],[69.895,37.618],[69.853,37.602],[69.832,37.597],[69.823,37.593],[69.812,37.586],[69.802,37.582],[69.791,37.586],[69.784,37.591],[69.762,37.596],[69.754,37.597],[69.729,37.594],[69.687,37.58],[69.665,37.576],[69.528,37.586],[69.508,37.579],[69.491,37.537],[69.469,37.52],[69.425,37.494],[69.421,37.49],[69.415,37.478],[69.411,37.473],[69.404,37.467],[69.389,37.459],[69.384,37.454],[69.378,37.438],[69.376,37.419],[69.377,37.381],[69.379,37.377],[69.388,37.375],[69.391,37.371],[69.391,37.366],[69.388,37.364],[69.385,37.363],[69.384,37.36],[69.384,37.351],[69.386,37.342],[69.389,37.333],[69.394,37.326],[69.403,37.311],[69.409,37.277],[69.417,37.268],[69.409,37.246],[69.426,37.24],[69.445,37.237],[69.442,37.224],[69.407,37.178],[69.391,37.165],[69.351,37.144],[69.334,37.129],[69.323,37.121],[69.312,37.118],[69.285,37.113],[69.265,37.106],[69.245,37.104],[69.151,37.155],[69.145,37.157],[69.123,37.169],[69.114,37.178],[69.096,37.213],[69.078,37.225],[69.055,37.237],[69.035,37.252],[69.021,37.288],[69.005,37.306],[68.985,37.321],[68.965,37.329],[68.897,37.336],[68.893,37.337],[68.887,37.338],[68.885,37.335],[68.89,37.323],[68.896,37.317],[68.913,37.307],[68.917,37.303],[68.921,37.288],[68.915,37.279],[68.904,37.277],[68.89,37.282],[68.877,37.296],[68.868,37.312],[68.856,37.325],[68.835,37.329],[68.813,37.324],[68.81,37.312],[68.822,37.282],[68.824,37.261],[68.82,37.251],[68.808,37.252],[68.771,37.271],[68.759,37.275],[68.746,37.276],[68.726,37.275],[68.687,37.279],[68.668,37.279],[68.657,37.268],[68.662,37.264],[68.665,37.26],[68.671,37.247],[68.648,37.245],[68.636,37.23],[68.63,37.214],[68.626,37.206],[68.608,37.204],[68.571,37.195],[68.551,37.193],[68.546,37.189],[68.532,37.169],[68.523,37.165],[68.513,37.164],[68.465,37.156],[68.403,37.152],[68.418,37.128],[68.411,37.114],[68.391,37.106],[68.365,37.103],[68.346,37.107],[68.326,37.113],[68.307,37.115],[68.288,37.103],[68.28,37.087],[68.281,37.067],[68.288,37.025],[68.277,37.01],[68.253,37.01],[68.212,37.022]]]}},{"type":"Feature","properties":{"name":"Amu  Darya","scalerank":5,"kind":"River"},"geometry":{"type":"MultiLineString","coordinates":[[[68.212,37.022],[68.186,37.019],[68.167,37.006],[68.151,36.993],[68.133,36.987],[68.121,36.981],[68.054,36.935],[68.044,36.929],[68.032,36.925],[68.02,36.926],[68.011,36.931],[68.006,36.939],[68.002,36.948],[67.996,36.956],[67.961,36.99],[67.953,36.996],[67.929,37.006],[67.918,37.014],[67.902,37.035],[67.892,37.052],[67.878,37.065],[67.833,37.073],[67.808,37.084],[67.785,37.097],[67.773,37.11],[67.772,37.125],[67.78,37.189],[67.776,37.208],[67.764,37.221],[67.746,37.23],[67.726,37.234],[67.69,37.232],[67.677,37.234],[67.666,37.238],[67.644,37.251],[67.633,37.254],[67.622,37.253],[67.602,37.249],[67.592,37.247],[67.586,37.243],[67.58,37.233],[67.572,37.223],[67.561,37.22],[67.545,37.232],[67.526,37.273],[67.503,37.282],[67.482,37.278],[67.464,37.266],[67.431,37.24],[67.411,37.228],[67.391,37.22],[67.369,37.215],[67.345,37.213],[67.319,37.209],[67.281,37.189],[67.259,37.185],[67.236,37.193],[67.225,37.208],[67.217,37.227],[67.208,37.244],[67.187,37.258],[67.143,37.272],[67.123,37.282],[67.114,37.297],[67.097,37.341],[67.085,37.35],[67.064,37.355],[67.024,37.378],[67.005,37.385],[66.957,37.385],[66.865,37.368],[66.735,37.364],[66.724,37.36],[66.704,37.347],[66.694,37.344],[66.667,37.345],[66.654,37.346],[66.588,37.369],[66.564,37.371],[66.539,37.369],[66.519,37.364],[66.502,37.356],[66.485,37.344],[66.47,37.33],[66.461,37.325],[66.451,37.323],[66.438,37.328],[66.423,37.346],[66.413,37.35],[66.389,37.347],[66.32,37.329],[66.294,37.331],[66.274,37.344],[66.257,37.357],[66.241,37.364],[66.232,37.366],[66.218,37.375],[66.207,37.377],[66.174,37.376],[66.163,37.377],[66.143,37.385],[66.125,37.399],[66.098,37.429],[66.079,37.441]]]}},{"type":"Feature","properties":{"name":"Yarkant","scalerank":6,"kind":"River"},"geometry":{"type":"MultiLineString","coordinates":[[[77.525,35.521],[77.548,35.526],[77.564,35.534],[77.577,35.545],[77.59,35.558],[77.612,35.574],[77.658,35.591],[77.675,35.603],[77.682,35.619],[77.692,35.673],[77.692,35.685],[77.698,35.688],[77.702,35.694],[77.706,35.704],[77.708,35.715],[77.711,35.738],[77.711,35.747],[77.71,35.753],[77.689,35.785],[77.553,35.88],[77.545,35.89],[77.544,35.904],[77.549,35.913],[77.556,35.92],[77.559,35.928],[77.563,35.943],[77.642,36.079],[77.662,36.096],[77.73,36.121],[77.76,36.143],[77.758,36.172],[77.746,36.178],[77.696,36.178],[77.627,36.199],[77.558,36.255],[77.531,36.267],[77.533,36.272],[77.537,36.283],[77.539,36.288],[77.531,36.293],[77.524,36.3],[77.519,36.309],[77.518,36.319],[77.514,36.323],[77.497,36.335],[77.491,36.342],[77.498,36.372],[77.481,36.407],[77.451,36.43],[77.421,36.425],[77.405,36.432],[77.315,36.442],[77.273,36.456],[77.25,36.459],[77.226,36.457],[77.181,36.448],[77.158,36.446],[77.136,36.449],[77.101,36.459],[77.079,36.459],[76.964,36.434],[76.914,36.405],[76.904,36.402],[76.875,36.398],[76.838,36.385],[76.829,36.383],[76.82,36.386],[76.806,36.395],[76.795,36.398],[76.79,36.397],[76.78,36.392],[76.774,36.391],[76.766,36.393],[76.756,36.402],[76.75,36.405],[76.728,36.406],[76.664,36.398],[76.644,36.4],[76.514,36.431],[76.494,36.432],[76.479,36.44],[76.47,36.458],[76.462,36.493],[76.458,36.498],[76.448,36.503],[76.442,36.508],[76.441,36.512],[76.443,36.524],[76.442,36.528],[76.429,36.545],[76.421,36.552],[76.411,36.555],[76.39,36.558],[76.369,36.565],[76.333,36.583],[76.275,36.619],[76.253,36.624],[76.229,36.625],[76.209,36.628],[76.192,36.634],[76.119,36.675],[76.103,36.689],[76.077,36.724],[76.058,36.761],[76.045,36.802],[76.043,36.808],[76.045,36.818],[76.045,36.822],[76.042,36.829],[76.033,36.84],[76.031,36.846],[76.026,36.869],[76.016,36.886],[75.989,36.912],[75.97,36.938],[75.962,36.946],[75.952,36.95],[75.934,36.951],[75.924,36.956],[75.92,36.972],[75.932,36.987],[75.962,37.014],[75.991,37.073],[76.008,37.093],[76.011,37.116],[76.01,37.159],[76.011,37.167],[76.014,37.172],[76.015,37.177],[76.01,37.185],[76.002,37.191],[75.979,37.201],[75.969,37.206],[75.956,37.224],[75.938,37.267],[75.919,37.293],[75.911,37.306],[75.907,37.318],[75.911,37.323],[75.937,37.324],[75.955,37.328],[75.96,37.32],[75.963,37.307],[75.966,37.299],[75.975,37.292],[75.982,37.29],[76.004,37.288],[76.031,37.282],[76.043,37.283],[76.069,37.288],[76.079,37.288],[76.087,37.285],[76.091,37.28],[76.096,37.276],[76.106,37.275],[76.122,37.28],[76.13,37.289],[76.135,37.301],[76.144,37.313],[76.153,37.318],[76.175,37.322],[76.185,37.326],[76.189,37.335],[76.19,37.359],[76.192,37.364],[76.202,37.371],[76.235,37.407],[76.249,37.418],[76.244,37.429],[76.232,37.448],[76.229,37.46],[76.229,37.471],[76.236,37.508],[76.237,37.545],[76.233,37.567],[76.223,37.583],[76.227,37.585],[76.232,37.592],[76.236,37.597],[76.216,37.633],[76.21,37.649],[76.209,37.669],[76.204,37.686],[76.186,37.714],[76.181,37.733],[76.193,37.781],[76.207,37.81],[76.198,37.82],[76.181,37.828],[76.167,37.837],[76.176,37.841],[76.194,37.846],[76.202,37.851],[76.206,37.861],[76.213,37.886],[76.219,37.892],[76.26,37.892],[76.268,37.897],[76.268,37.909],[76.263,37.933],[76.268,37.957],[76.276,37.967],[76.291,37.968],[76.315,37.967],[76.327,37.97],[76.349,37.985],[76.363,37.988],[76.375,37.986],[76.39,37.978],[76.401,37.974],[76.425,37.971],[76.451,37.972],[76.474,37.979],[76.494,37.991],[76.505,37.996],[76.518,37.994],[76.542,37.988],[76.547,37.982],[76.542,37.97],[76.535,37.958],[76.531,37.953],[76.537,37.932],[76.553,37.929],[76.575,37.93],[76.613,37.914],[76.654,37.911],[76.675,37.906],[76.708,37.888],[76.727,37.881],[76.753,37.878],[76.775,37.883],[76.791,37.894],[76.812,37.919],[76.884,37.97]]]}},{"type":"Feature","properties":{"name":"Sutlej","scalerank":6,"kind":"River"},"geometry":{"type":"MultiLineString","coordinates":[[[76.435,31.422],[76.43,31.418],[76.419,31.418],[76.409,31.421],[76.401,31.429],[76.395,31.417],[76.385,31.412],[76.374,31.409],[76.367,31.402],[76.365,31.391],[76.378,31.339],[76.437,31.243],[76.468,31.219],[76.538,31.183],[76.553,31.171],[76.564,31.154],[76.57,31.134],[76.572,31.111],[76.585,31.09],[76.587,31.079],[76.576,31.073],[76.562,31.072],[76.549,31.067],[76.538,31.059],[76.531,31.046],[76.532,31.037],[76.539,31.016],[76.538,31.005],[76.532,30.997],[76.515,30.987],[76.511,30.98],[76.506,30.978],[76.473,30.97],[76.459,30.971],[76.453,30.974],[76.426,30.998],[76.412,31.007],[76.395,31.012],[76.373,31.011],[76.343,31.005],[76.333,31.005],[76.322,31.007],[76.302,31.016],[76.291,31.019],[76.287,31.017],[76.276,31.007],[76.271,31.005],[76.22,31.019],[76.209,31.019],[76.199,31.016],[76.179,31.007],[76.167,31.005],[76.123,31.005],[76.114,31.002],[76.094,30.993],[76.083,30.991],[76,30.994],[75.98,31],[75.966,31.008],[75.923,31.023],[75.83,30.997],[75.791,31.005],[75.754,30.995],[75.635,30.987],[75.606,30.991],[75.576,30.977],[75.539,30.973],[75.396,30.985],[75.36,30.993],[75.332,31.005],[75.32,31.014],[75.309,31.025],[75.296,31.035],[75.28,31.039],[75.272,31.04],[75.265,31.042],[75.256,31.046],[75.251,31.047],[75.247,31.049],[75.244,31.052],[75.239,31.056],[75.233,31.06],[75.229,31.058],[75.226,31.054],[75.222,31.052],[75.214,31.053],[75.206,31.052],[75.198,31.052],[75.191,31.056],[75.187,31.064],[75.182,31.082],[75.177,31.09],[75.165,31.097],[75.15,31.101],[75.133,31.102],[75.119,31.101],[75.112,31.107],[75.116,31.11],[75.126,31.121],[75.115,31.13],[75.078,31.148],[75.042,31.179],[75.033,31.183],[75.017,31.182],[74.963,31.167],[74.934,31.163],[74.861,31.163],[74.836,31.159],[74.811,31.148],[74.762,31.108],[74.74,31.101],[74.708,31.114],[74.688,31.098],[74.601,31.057],[74.579,31.043],[74.564,31.025],[74.564,31.005],[74.548,30.992],[74.534,30.976],[74.519,30.963],[74.499,30.957],[74.477,30.956],[74.458,30.954],[74.441,30.946],[74.424,30.933],[74.413,30.915],[74.409,30.901],[74.401,30.893],[74.379,30.895],[74.353,30.901],[74.342,30.902],[74.329,30.9],[74.319,30.894],[74.31,30.885],[74.304,30.874],[74.311,30.856],[74.3,30.838],[74.28,30.825],[74.26,30.82],[74.256,30.815],[74.265,30.796],[74.266,30.789],[74.259,30.781],[74.244,30.771],[74.235,30.764],[74.215,30.738],[74.198,30.725],[74.191,30.717],[74.184,30.697],[74.17,30.687],[74.166,30.679],[74.163,30.665],[74.155,30.66],[74.132,30.656],[74.111,30.647],[74.095,30.637],[74.082,30.626],[74.067,30.611],[74.057,30.592],[74.058,30.575],[74.061,30.556],[74.057,30.532],[74.044,30.519],[74.004,30.509],[73.996,30.501],[73.989,30.488],[73.939,30.426],[73.929,30.419],[73.916,30.417],[73.9,30.422],[73.902,30.416],[73.904,30.402],[73.906,30.395],[73.887,30.397],[73.867,30.388],[73.851,30.373],[73.845,30.357],[73.834,30.353],[73.77,30.368],[73.7,30.339],[73.665,30.317],[73.649,30.318],[73.633,30.323],[73.612,30.326],[73.6,30.325],[73.59,30.323],[73.58,30.319],[73.571,30.313],[73.54,30.278],[73.534,30.277],[73.505,30.268],[73.454,30.244],[73.437,30.234],[73.418,30.225],[73.397,30.219],[73.341,30.216],[73.332,30.21],[73.333,30.197],[73.339,30.185],[73.344,30.182],[73.335,30.171],[73.324,30.169],[73.311,30.169],[73.297,30.162],[73.29,30.15],[73.287,30.137],[73.28,30.129],[73.263,30.134],[73.253,30.146],[73.245,30.162],[73.233,30.171],[73.215,30.162],[73.212,30.149],[73.226,30.125],[73.218,30.121],[73.203,30.117],[73.139,30.087],[73.132,30.086],[73.053,30.093],[73.047,30.086],[73.034,30.055],[72.945,29.99],[72.933,29.983],[72.927,29.987],[72.923,30.004],[72.913,30.008],[72.888,30.004],[72.87,29.997],[72.834,29.964],[72.813,29.956],[72.787,29.953],[72.768,29.943],[72.728,29.915],[72.728,29.906],[72.71,29.902],[72.663,29.902],[72.636,29.893],[72.63,29.871],[72.63,29.846],[72.618,29.826],[72.599,29.839],[72.582,29.841],[72.543,29.833],[72.522,29.835],[72.491,29.848],[72.474,29.853],[72.453,29.852],[72.392,29.833],[72.372,29.839],[72.362,29.838],[72.358,29.83],[72.354,29.818],[72.346,29.808],[72.334,29.803],[72.324,29.805],[72.301,29.789],[72.282,29.771],[72.266,29.748],[72.258,29.733],[72.255,29.72],[72.25,29.712],[72.238,29.711],[72.21,29.716],[72.196,29.713],[72.186,29.706],[72.178,29.695],[72.173,29.682],[72.184,29.676],[72.184,29.672],[72.179,29.667],[72.173,29.661],[72.17,29.661],[72.156,29.661],[72.148,29.66],[72.148,29.655],[72.151,29.65],[72.152,29.647],[72.15,29.63],[72.152,29.611],[72.159,29.593],[72.166,29.579],[72.116,29.556],[72.101,29.552],[72.077,29.551],[72.065,29.547],[72.042,29.524],[72.018,29.507],[71.984,29.491],[71.947,29.484],[71.913,29.49],[71.917,29.474],[71.919,29.47],[71.901,29.462],[71.881,29.462],[71.817,29.476],[71.806,29.477],[71.801,29.464],[71.796,29.455],[71.789,29.449],[71.778,29.459],[71.764,29.462],[71.749,29.46],[71.72,29.443],[71.711,29.45],[71.705,29.465],[71.693,29.477],[71.668,29.474],[71.619,29.423],[71.59,29.408],[71.592,29.404],[71.595,29.392],[71.597,29.388],[71.589,29.388],[71.575,29.393],[71.568,29.394],[71.514,29.39],[71.503,29.394],[71.494,29.408],[71.489,29.381],[71.483,29.37],[71.467,29.367],[71.453,29.371],[71.446,29.38],[71.44,29.408],[71.408,29.377],[71.388,29.366],[71.364,29.374],[71.36,29.382],[71.36,29.392],[71.359,29.402],[71.35,29.408],[71.341,29.407],[71.334,29.4],[71.323,29.38],[71.313,29.392],[71.302,29.401],[71.305,29.405],[71.307,29.409],[71.309,29.412],[71.316,29.415],[71.306,29.422],[71.296,29.426],[71.284,29.428],[71.271,29.429],[71.255,29.426],[71.249,29.421],[71.249,29.414],[71.247,29.408],[71.229,29.391],[71.218,29.387],[71.208,29.409],[71.196,29.419],[71.185,29.421],[71.179,29.412],[71.168,29.397],[71.145,29.385],[71.121,29.377],[71.11,29.377],[71.097,29.39],[71.069,29.385],[71.022,29.367]],[[81.199,30.852],[81.183,30.896],[81.151,30.919],[81.075,30.936],[81.054,30.944],[81.015,30.966],[80.996,30.97],[80.97,30.972],[80.952,30.978],[80.937,30.989],[80.895,31.035],[80.863,31.058],[80.793,31.093],[80.787,31.098],[80.771,31.116],[80.766,31.121],[80.755,31.125],[80.733,31.128],[80.653,31.127],[80.628,31.121],[80.585,31.107],[80.563,31.096],[80.554,31.083],[80.546,31.066],[80.525,31.055],[80.503,31.048],[80.485,31.046],[80.461,31.048],[80.425,31.063],[80.399,31.066],[80.39,31.069],[80.371,31.083],[80.365,31.086],[80.354,31.088],[80.286,31.114],[80.262,31.138],[80.249,31.145],[80.232,31.159],[80.221,31.162],[80.211,31.164],[80.152,31.186],[80.139,31.197],[80.086,31.26],[80.077,31.265],[80.062,31.266],[80.051,31.269],[80.032,31.278],[80.012,31.291],[80.003,31.298],[79.998,31.306],[80.004,31.336],[80.002,31.343],[79.93,31.402],[79.895,31.462],[79.885,31.471],[79.867,31.475],[79.828,31.493],[79.807,31.498],[79.679,31.487],[79.642,31.491],[79.613,31.502],[79.601,31.505],[79.549,31.505],[79.526,31.51],[79.508,31.521],[79.493,31.535],[79.477,31.546],[79.468,31.548],[79.452,31.549],[79.443,31.553],[79.436,31.561],[79.428,31.579],[79.423,31.587],[79.37,31.615],[79.361,31.618],[79.354,31.633],[79.338,31.636],[79.318,31.634],[79.299,31.635],[79.253,31.669],[79.245,31.673],[79.227,31.67],[79.121,31.697],[79.113,31.694],[79.097,31.685],[79.087,31.682],[79.076,31.683],[79.059,31.688],[79.049,31.69],[79.031,31.686],[79.013,31.675],[78.999,31.662],[78.991,31.649],[78.971,31.656],[78.949,31.661],[78.93,31.671],[78.923,31.693],[78.92,31.716],[78.911,31.729],[78.882,31.751],[78.859,31.786],[78.843,31.805],[78.823,31.813],[78.812,31.812],[78.792,31.808],[78.782,31.806],[78.77,31.808],[78.763,31.813],[78.759,31.819],[78.739,31.84],[78.732,31.844],[78.717,31.847],[78.703,31.847],[78.691,31.842],[78.68,31.836],[78.663,31.831],[78.654,31.825],[78.638,31.81],[78.633,31.8],[78.631,31.774],[78.628,31.765],[78.609,31.759],[78.581,31.757],[78.556,31.751],[78.545,31.734],[78.539,31.718],[78.522,31.706],[78.455,31.675],[78.435,31.658],[78.43,31.634],[78.442,31.6],[78.424,31.595],[78.371,31.594],[78.354,31.598],[78.334,31.606],[78.314,31.609],[78.292,31.6],[78.285,31.593],[78.282,31.586],[78.272,31.528],[78.261,31.521],[78.236,31.515],[78.209,31.512],[78.189,31.512],[78.102,31.528],[78.018,31.553],[77.985,31.568],[77.969,31.572],[77.946,31.573],[77.829,31.564],[77.788,31.55],[77.703,31.505],[77.689,31.492],[77.676,31.477],[77.662,31.463],[77.633,31.454],[77.628,31.447],[77.627,31.437],[77.627,31.426],[77.63,31.412],[77.633,31.405],[77.632,31.401],[77.621,31.395],[77.578,31.394],[77.555,31.389],[77.538,31.354],[77.52,31.351],[77.477,31.354],[77.441,31.347],[77.429,31.347],[77.421,31.35],[77.403,31.359],[77.391,31.361],[77.368,31.359],[77.356,31.351],[77.32,31.288],[77.308,31.276],[77.288,31.271],[77.267,31.27],[77.159,31.241],[77.138,31.238],[77.13,31.241],[77.115,31.255],[77.103,31.258],[77.091,31.259],[77.08,31.262],[76.994,31.307],[76.984,31.317],[76.976,31.326],[76.941,31.359],[76.929,31.368],[76.906,31.37],[76.891,31.366],[76.882,31.369],[76.88,31.392],[76.882,31.402],[76.886,31.41],[76.884,31.415],[76.858,31.419],[76.836,31.428],[76.825,31.429],[76.811,31.423],[76.799,31.415],[76.785,31.409],[76.765,31.409]],[[81.376,30.758],[81.365,30.763],[81.355,30.764],[81.331,30.764],[81.323,30.768],[81.303,30.786],[81.294,30.792]]]}},{"type":"Feature","properties":{"name":"Mahäna Nadï","scalerank":6,"kind":"River"},"geometry":{"type":"MultiLineString","coordinates":[[[83.857,21.52],[83.896,21.509],[83.934,21.492],[83.963,21.467],[83.98,21.432],[83.975,21.39],[83.948,21.361],[83.918,21.336],[83.897,21.308],[83.896,21.289],[83.908,21.251],[83.911,21.229],[83.909,21.205],[83.903,21.188],[83.83,21.055],[83.823,21.03],[83.822,21.018],[83.822,21.006],[83.833,20.931],[83.897,20.877],[83.965,20.836],[84.007,20.819],[84.048,20.814],[84.091,20.827],[84.168,20.876],[84.206,20.89],[84.229,20.891],[84.269,20.88],[84.291,20.877],[84.313,20.868],[84.323,20.846],[84.33,20.8],[84.344,20.775],[84.365,20.757],[84.39,20.747],[84.418,20.74],[84.516,20.736],[84.544,20.724],[84.604,20.679],[84.683,20.646],[84.708,20.629],[84.73,20.608],[84.764,20.539],[84.781,20.521],[84.81,20.512],[84.867,20.523],[84.895,20.518],[85.016,20.439],[85.035,20.432],[85.062,20.428],[85.077,20.423],[85.083,20.413],[85.093,20.405],[85.137,20.387],[85.169,20.378],[85.188,20.377],[85.206,20.382],[85.224,20.393],[85.233,20.396],[85.246,20.394],[85.257,20.388],[85.261,20.379],[85.266,20.367],[85.277,20.363],[85.303,20.362],[85.323,20.358],[85.344,20.357],[85.355,20.358],[85.364,20.36],[85.373,20.365],[85.381,20.372],[85.397,20.382],[85.416,20.382],[85.453,20.376],[85.474,20.375],[85.495,20.376],[85.504,20.379],[85.522,20.388],[85.554,20.396],[85.573,20.41],[85.604,20.437],[85.645,20.458],[85.656,20.455],[85.67,20.441],[85.682,20.437],[85.724,20.437],[85.729,20.441],[85.74,20.458],[85.749,20.465],[85.772,20.471],[85.79,20.466],[85.804,20.456],[85.82,20.452],[85.847,20.451],[85.865,20.446],[85.881,20.435],[85.923,20.391],[85.957,20.365],[85.964,20.362],[85.974,20.363],[85.998,20.368],[86.011,20.367],[86.016,20.362],[86.018,20.353],[86.063,20.261],[86.084,20.239],[86.098,20.232],[86.133,20.221],[86.145,20.212],[86.152,20.198],[86.157,20.179],[86.159,20.16],[86.159,20.143]],[[80.625,20.599],[80.639,20.623],[80.638,20.646],[80.615,20.698],[80.623,20.718],[80.626,20.738],[80.632,20.753],[80.653,20.759],[80.698,20.762],[80.719,20.767],[80.738,20.773],[80.748,20.779],[80.755,20.785],[80.76,20.791],[80.763,20.798],[80.77,20.814],[80.775,20.823],[80.81,20.863],[80.842,20.936],[80.866,20.971],[80.897,21.004],[80.931,21.028],[80.993,21.042],[81.031,21.065],[81.05,21.063],[81.068,21.056],[81.088,21.054],[81.107,21.065],[81.12,21.081],[81.135,21.096],[81.159,21.102],[81.194,21.097],[81.215,21.096],[81.232,21.102],[81.239,21.116],[81.243,21.137],[81.245,21.175],[81.243,21.185],[81.234,21.206],[81.232,21.215],[81.236,21.229],[81.246,21.234],[81.257,21.236],[81.266,21.239],[81.274,21.253],[81.291,21.292],[81.294,21.304],[81.305,21.328],[81.307,21.339],[81.308,21.352],[81.31,21.36],[81.32,21.376],[81.363,21.42],[81.369,21.435],[81.367,21.445],[81.357,21.467],[81.355,21.476],[81.356,21.487],[81.36,21.495],[81.364,21.503],[81.369,21.514],[81.379,21.554],[81.389,21.574],[81.407,21.582],[81.418,21.583],[81.423,21.587],[81.424,21.594],[81.424,21.606],[81.427,21.615],[81.436,21.617],[81.519,21.613],[81.526,21.62],[81.528,21.623],[81.531,21.626],[81.536,21.629],[81.543,21.632],[81.56,21.637],[81.578,21.64],[81.593,21.64],[81.602,21.637],[81.605,21.627],[81.604,21.606],[81.609,21.596],[81.619,21.591],[81.644,21.59],[81.674,21.576],[81.69,21.586],[81.698,21.606],[81.697,21.63],[81.687,21.644],[81.674,21.652],[81.669,21.662],[81.681,21.681],[81.69,21.685],[81.703,21.687],[81.713,21.69],[81.718,21.702],[81.716,21.714],[81.701,21.758],[81.718,21.76],[81.727,21.76],[81.75,21.757],[81.756,21.757],[81.772,21.765],[81.835,21.767],[81.879,21.782],[81.913,21.807],[81.941,21.834],[81.972,21.856],[81.982,21.86],[82.003,21.865],[82.013,21.87],[82.021,21.876],[82.028,21.883],[82.035,21.888],[82.044,21.89],[82.062,21.885],[82.109,21.849],[82.13,21.849],[82.152,21.854],[82.17,21.852],[82.178,21.832],[82.18,21.807],[82.186,21.788],[82.199,21.775],[82.219,21.767],[82.277,21.76],[82.286,21.754],[82.31,21.725],[82.325,21.719],[82.362,21.722],[82.392,21.73],[82.444,21.754],[82.458,21.747],[82.472,21.742],[82.503,21.74],[82.51,21.742],[82.524,21.752],[82.531,21.754],[82.539,21.751],[82.554,21.738],[82.561,21.733],[82.578,21.729],[82.62,21.733],[82.636,21.731],[82.659,21.721],[82.674,21.719],[82.681,21.721],[82.687,21.726],[82.692,21.731],[82.695,21.733],[82.704,21.732],[82.756,21.72],[82.771,21.721],[82.784,21.73],[82.806,21.735],[82.852,21.703],[82.876,21.705],[82.891,21.705],[82.949,21.721],[82.993,21.728],[83.005,21.733],[83.017,21.735],[83.034,21.733],[83.063,21.717],[83.079,21.711],[83.092,21.716],[83.116,21.727],[83.141,21.723],[83.186,21.705],[83.277,21.695],[83.3,21.695]]]}},{"type":"Feature","properties":{"name":"Krishna","scalerank":6,"kind":"River"},"geometry":{"type":"MultiLineString","coordinates":[[[73.796,17.992],[73.839,17.983],[73.856,17.976],[73.931,17.91],[73.947,17.888],[73.964,17.849],[73.975,17.817],[73.983,17.805],[74.036,17.765],[74.042,17.747],[74.046,17.703],[74.054,17.686],[74.072,17.672],[74.11,17.654],[74.125,17.642],[74.139,17.615],[74.146,17.579],[74.143,17.542],[74.125,17.512],[74.109,17.501],[74.097,17.497],[74.09,17.491],[74.091,17.47],[74.094,17.461],[74.103,17.445],[74.105,17.433],[74.104,17.411],[74.105,17.399],[74.108,17.392],[74.178,17.304],[74.205,17.292],[74.21,17.282],[74.193,17.235],[74.198,17.224],[74.203,17.221],[74.211,17.214],[74.219,17.205],[74.222,17.197],[74.217,17.189],[74.208,17.184],[74.188,17.176],[74.203,17.154],[74.234,17.137],[74.269,17.129],[74.297,17.134],[74.298,17.126],[74.302,17.114],[74.304,17.107],[74.324,17.12],[74.336,17.12],[74.366,17.101],[74.359,17.088],[74.36,17.077],[74.366,17.067],[74.376,17.056],[74.378,17.051],[74.379,17.035],[74.379,17.032],[74.386,17.03],[74.391,17.033],[74.394,17.037],[74.397,17.038],[74.404,17.041],[74.411,17.045],[74.42,17.048],[74.433,17.046],[74.445,17.04],[74.454,17.032],[74.459,17.022],[74.461,17.011],[74.458,17.005],[74.45,17],[74.448,16.993],[74.464,16.972],[74.471,16.959],[74.481,16.947],[74.492,16.942],[74.508,16.934],[74.526,16.916],[74.551,16.881],[74.54,16.869],[74.533,16.863],[74.533,16.856],[74.543,16.84],[74.552,16.83],[74.562,16.821],[74.576,16.815],[74.609,16.811],[74.623,16.804],[74.635,16.794],[74.639,16.782],[74.646,16.769],[74.662,16.76],[74.681,16.752],[74.695,16.744],[74.671,16.73],[74.616,16.72],[74.605,16.7],[74.614,16.678],[74.635,16.659],[74.681,16.634],[74.681,16.628],[74.665,16.628],[74.644,16.624],[74.631,16.617],[74.636,16.603],[74.663,16.578],[74.678,16.569],[74.698,16.565],[74.705,16.567],[74.721,16.58],[74.731,16.584],[74.735,16.586],[74.779,16.591],[74.793,16.598],[74.804,16.614],[74.805,16.627],[74.802,16.64],[74.806,16.651],[74.846,16.657],[74.872,16.667],[74.89,16.669],[74.902,16.662],[74.908,16.647],[74.916,16.635],[74.935,16.634],[74.949,16.645],[74.956,16.658],[74.965,16.67],[74.983,16.675],[74.988,16.667],[74.995,16.66],[75.01,16.648],[75.024,16.634],[75.095,16.54],[75.105,16.511],[75.137,16.529],[75.151,16.54],[75.16,16.552],[75.161,16.564],[75.157,16.577],[75.155,16.591],[75.16,16.606],[75.188,16.628],[75.217,16.627],[75.244,16.612],[75.263,16.593],[75.284,16.604],[75.318,16.586],[75.342,16.597],[75.36,16.602],[75.374,16.587],[75.396,16.548],[75.396,16.545],[75.396,16.542],[75.4,16.538],[75.405,16.537],[75.416,16.539],[75.421,16.538],[75.438,16.527],[75.452,16.515],[75.459,16.495],[75.451,16.476],[75.438,16.456],[75.435,16.436],[75.44,16.425],[75.447,16.423],[75.476,16.433],[75.482,16.437],[75.485,16.443],[75.493,16.453],[75.517,16.47],[75.531,16.466],[75.552,16.436],[75.568,16.429],[75.585,16.434],[75.605,16.444],[75.63,16.449],[75.641,16.446],[75.658,16.432],[75.664,16.429],[75.7,16.419],[75.708,16.415],[75.713,16.407],[75.718,16.388],[75.722,16.381],[75.751,16.365],[75.756,16.364],[75.786,16.349],[75.794,16.346],[75.807,16.348],[75.824,16.358],[75.832,16.361],[75.851,16.359],[75.873,16.351],[75.893,16.341],[75.901,16.33],[75.912,16.322],[75.983,16.312],[75.995,16.306],[76.025,16.283],[76.034,16.278],[76.053,16.272],[76.059,16.257],[76.058,16.223],[76.08,16.198],[76.119,16.19],[76.163,16.189],[76.202,16.182],[76.239,16.164],[76.258,16.157],[76.281,16.155],[76.286,16.16],[76.291,16.172],[76.298,16.184],[76.308,16.189],[76.322,16.192],[76.331,16.198],[76.368,16.243],[76.383,16.253],[76.404,16.258],[76.425,16.254],[76.443,16.248],[76.459,16.244],[76.477,16.251],[76.534,16.316],[76.545,16.323],[76.552,16.336],[76.57,16.342],[76.613,16.346],[76.63,16.355],[76.655,16.382],[76.685,16.391],[76.737,16.415],[76.753,16.429],[76.762,16.434],[76.774,16.436],[76.784,16.432],[76.796,16.424],[76.809,16.42],[76.822,16.425],[76.83,16.431],[76.846,16.438],[76.853,16.443],[76.859,16.452],[76.868,16.475],[76.875,16.484],[76.891,16.489],[76.934,16.496],[76.944,16.511],[76.949,16.511],[76.959,16.511],[76.967,16.512],[76.968,16.514],[76.967,16.519],[76.974,16.536],[76.975,16.547],[76.979,16.557],[76.99,16.565],[76.998,16.551],[77.006,16.527],[77.018,16.51],[77.052,16.519],[77.071,16.511],[77.1,16.49],[77.135,16.482],[77.149,16.472],[77.154,16.453],[77.165,16.442],[77.259,16.415],[77.394,16.381],[77.411,16.379],[77.473,16.381],[77.493,16.378],[77.552,16.353],[77.572,16.348],[77.624,16.353],[77.646,16.352],[77.735,16.327],[77.86,16.249],[77.898,16.22],[77.911,16.201],[77.936,16.141],[77.953,16.123],[77.99,16.098],[78.059,16.034],[78.072,16.025],[78.117,16.011],[78.128,16.004],[78.138,15.991],[78.149,15.974],[78.161,15.959],[78.176,15.949],[78.192,15.949],[78.212,15.956],[78.231,15.966],[78.244,15.976],[78.254,15.992],[78.256,16.006],[78.252,16.021],[78.244,16.039],[78.262,16.035],[78.281,16.028],[78.3,16.023],[78.316,16.028],[78.332,16.052],[78.342,16.059],[78.354,16.053],[78.379,16.076],[78.4,16.083],[78.464,16.086],[78.5,16.094],[78.511,16.092],[78.52,16.087],[78.533,16.072],[78.54,16.066],[78.549,16.06],[78.56,16.057],[78.57,16.055],[78.582,16.056],[78.629,16.071],[78.646,16.072],[78.657,16.068],[78.684,16.046],[78.734,16.03],[78.761,16.028],[78.791,16.035],[78.819,16.048],[78.839,16.067],[78.846,16.085],[78.839,16.125],[78.841,16.143],[78.847,16.151],[78.853,16.152],[78.86,16.149],[78.875,16.14],[78.882,16.138],[78.889,16.139],[78.898,16.143],[78.903,16.147],[78.906,16.151],[78.908,16.156],[78.909,16.161],[78.923,16.19],[78.947,16.206],[78.997,16.23]],[[79.313,16.579],[79.338,16.585],[79.406,16.587],[79.418,16.59],[79.427,16.597],[79.435,16.603],[79.44,16.606],[79.441,16.61],[79.477,16.632],[79.496,16.64],[79.504,16.642],[79.517,16.64],[79.533,16.63],[79.542,16.628],[79.551,16.63],[79.557,16.634],[79.57,16.645],[79.575,16.647],[79.585,16.649],[79.587,16.651],[79.587,16.657],[79.589,16.662],[79.592,16.667],[79.594,16.669],[79.606,16.672],[79.624,16.668],[79.635,16.669],[79.646,16.674],[79.668,16.686],[79.68,16.689],[79.721,16.689],[79.73,16.694],[79.746,16.716],[79.752,16.724],[79.772,16.727],[79.794,16.722],[79.813,16.711],[79.826,16.692],[79.862,16.707],[79.882,16.703],[79.889,16.691],[79.91,16.631],[79.915,16.628],[79.947,16.628],[79.958,16.63],[79.963,16.637],[79.972,16.655],[80.026,16.713],[80.029,16.725],[80.043,16.739],[80.046,16.748],[80.047,16.759],[80.048,16.768],[80.053,16.785],[80.073,16.823],[80.098,16.82],[80.121,16.791],[80.136,16.751],[80.138,16.732],[80.136,16.672],[80.14,16.658],[80.152,16.647],[80.176,16.628],[80.185,16.619],[80.192,16.612],[80.272,16.58],[80.292,16.588],[80.314,16.587],[80.358,16.58],[80.367,16.576],[80.38,16.57],[80.391,16.566],[80.396,16.569],[80.398,16.58],[80.403,16.584],[80.424,16.587],[80.425,16.587],[80.444,16.587],[80.45,16.588],[80.459,16.593],[80.465,16.593],[80.47,16.592],[80.476,16.59],[80.487,16.583],[80.496,16.576],[80.502,16.569],[80.51,16.564],[80.529,16.561],[80.537,16.556],[80.551,16.538],[80.567,16.525],[80.603,16.506],[80.621,16.494],[80.636,16.469],[80.683,16.436],[80.707,16.397],[80.715,16.377],[80.718,16.357],[80.759,16.305],[80.765,16.305],[80.774,16.312],[80.779,16.312],[80.784,16.308],[80.79,16.296],[80.793,16.292],[80.799,16.284],[80.812,16.267],[80.817,16.264],[80.839,16.164],[80.869,16.107],[80.883,16.014]]]}},{"type":"Feature","properties":{"name":"Helmand","scalerank":6,"kind":"River"},"geometry":{"type":"MultiLineString","coordinates":[[[68.489,34.572],[68.471,34.558],[68.451,34.549],[68.371,34.525],[68.362,34.52],[68.358,34.513],[68.355,34.501],[68.349,34.491],[68.338,34.486],[68.32,34.49],[68.287,34.508],[68.267,34.513],[68.212,34.513],[68.036,34.497],[68.013,34.492],[67.996,34.483],[67.978,34.466],[67.959,34.453],[67.94,34.444],[67.918,34.438],[67.739,34.41],[67.677,34.386],[67.65,34.379],[67.631,34.366],[67.619,34.362],[67.597,34.36],[67.575,34.355],[67.53,34.335],[67.431,34.253],[67.354,34.216],[67.331,34.212],[67.313,34.206],[67.296,34.191],[67.266,34.157]],[[67.266,34.163],[67.23,34.11],[67.222,34.102],[67.216,34.091],[67.23,34.068],[67.259,34.034],[67.262,34.014],[67.243,33.977],[67.238,33.954],[67.168,33.954],[67.15,33.951],[67.134,33.94],[67.091,33.893],[67.073,33.882],[67.029,33.866],[67.013,33.855],[66.929,33.763],[66.896,33.739],[66.875,33.73],[66.855,33.726],[66.777,33.725],[66.769,33.722],[66.753,33.704],[66.743,33.696],[66.731,33.692],[66.692,33.706],[66.672,33.709],[66.655,33.684],[66.616,33.658],[66.54,33.624],[66.515,33.607],[66.497,33.603],[66.489,33.598],[66.466,33.574],[66.458,33.567],[66.423,33.547],[66.412,33.546],[66.388,33.548],[66.379,33.543],[66.36,33.529],[66.32,33.504],[66.307,33.492],[66.297,33.474],[66.291,33.451],[66.286,33.407],[66.274,33.403],[66.197,33.404],[66.162,33.389],[66.055,33.297],[66.05,33.29],[66.046,33.28],[66.053,33.257],[66.053,33.244],[66.025,33.231],[66.012,33.212]]]}},{"type":"Feature","properties":{"name":"Yamuna","scalerank":6,"kind":"River"},"geometry":{"type":"MultiLineString","coordinates":[[[78.34,30.915],[78.251,30.84],[78.217,30.82],[78.131,30.794],[78.095,30.775],[78.072,30.738],[78.064,30.69],[78.054,30.666],[78.021,30.647],[78.01,30.627],[77.972,30.532],[77.97,30.521],[77.958,30.511],[77.932,30.518],[77.894,30.538],[77.886,30.536],[77.868,30.523],[77.86,30.518],[77.839,30.513],[77.792,30.507],[77.769,30.498],[77.689,30.455],[77.665,30.446],[77.644,30.442],[77.623,30.441],[77.598,30.437],[77.576,30.429],[77.565,30.415],[77.567,30.406],[77.581,30.389],[77.586,30.381],[77.588,30.37],[77.585,30.325],[77.57,30.278],[77.538,30.209],[77.514,30.177],[77.484,30.153],[77.37,30.097],[77.339,30.07],[77.323,30.064],[77.32,30.06],[77.319,30.055],[77.318,30.04],[77.315,30.039],[77.311,30.04],[77.305,30.038],[77.301,30.037],[77.289,30.039],[77.285,30.038],[77.28,30.033],[77.279,30.027],[77.279,30.022],[77.277,30.018],[77.24,29.984],[77.23,29.977],[77.221,29.961],[77.21,29.929],[77.18,29.804],[77.162,29.771],[77.156,29.769],[77.148,29.77],[77.141,29.77],[77.134,29.764],[77.132,29.756],[77.135,29.748],[77.139,29.74],[77.141,29.733],[77.137,29.723],[77.128,29.714],[77.107,29.702],[77.114,29.682],[77.088,29.659],[77.094,29.641],[77.086,29.624],[77.089,29.612],[77.096,29.601],[77.1,29.589],[77.093,29.581],[77.079,29.576],[77.065,29.57],[77.058,29.556],[77.06,29.549],[77.07,29.536],[77.072,29.528],[77.071,29.511],[77.069,29.503],[77.066,29.504],[77.078,29.492],[77.105,29.495],[77.12,29.484],[77.107,29.469],[77.073,29.44],[77.066,29.425],[77.077,29.424],[77.103,29.427],[77.131,29.426],[77.148,29.415],[77.15,29.403],[77.145,29.396],[77.139,29.389],[77.134,29.38],[77.133,29.372],[77.134,29.343],[77.138,29.334],[77.146,29.324],[77.15,29.313],[77.145,29.302],[77.134,29.289],[77.131,29.281],[77.141,29.13],[77.14,29.124],[77.138,29.121],[77.135,29.119],[77.134,29.116],[77.136,29.109],[77.14,29.105],[77.145,29.103],[77.148,29.1],[77.169,29.036],[77.196,28.998],[77.19,28.988],[77.178,28.981],[77.176,28.963],[77.202,28.942],[77.21,28.935],[77.217,28.924],[77.221,28.914],[77.22,28.906],[77.213,28.897],[77.202,28.877],[77.217,28.844],[77.206,28.822],[77.198,28.813],[77.196,28.807],[77.196,28.794],[77.198,28.791],[77.202,28.79],[77.213,28.791],[77.217,28.788],[77.217,28.783],[77.216,28.776],[77.217,28.771],[77.215,28.77],[77.217,28.75],[77.219,28.745],[77.228,28.739],[77.23,28.733],[77.229,28.721],[77.224,28.701],[77.223,28.694]],[[77.223,28.694],[77.223,28.689],[77.223,28.695],[77.223,28.694]],[[77.223,28.694],[77.23,28.681],[77.244,28.66],[77.25,28.647],[77.253,28.61],[77.259,28.593],[77.29,28.579],[77.303,28.563],[77.327,28.52],[77.335,28.508],[77.343,28.498],[77.353,28.492],[77.363,28.49],[77.377,28.484],[77.379,28.472],[77.376,28.461],[77.377,28.455],[77.385,28.458],[77.402,28.467],[77.408,28.469],[77.415,28.465],[77.417,28.46],[77.417,28.454],[77.425,28.442],[77.425,28.436],[77.428,28.431],[77.439,28.429],[77.457,28.435],[77.466,28.434],[77.47,28.425],[77.468,28.397],[77.476,28.391],[77.497,28.393],[77.472,28.341],[77.466,28.315],[77.488,28.299],[77.49,28.286],[77.489,28.273],[77.491,28.264],[77.504,28.257],[77.529,28.254],[77.539,28.243],[77.533,28.241],[77.528,28.238],[77.526,28.233],[77.525,28.226],[77.521,28.217],[77.511,28.213],[77.502,28.212],[77.497,28.209],[77.502,28.197],[77.529,28.193],[77.539,28.181],[77.507,28.17],[77.495,28.152],[77.496,28.126],[77.504,28.093],[77.47,28.113],[77.471,28.099],[77.476,28.072],[77.468,28.047],[77.48,28.036],[77.496,28.028],[77.504,28.02],[77.512,28],[77.526,27.974],[77.529,27.953],[77.504,27.941],[77.511,27.919],[77.52,27.898],[77.533,27.88],[77.552,27.866],[77.565,27.863],[77.576,27.863],[77.585,27.86],[77.593,27.846],[77.594,27.834],[77.591,27.82],[77.58,27.797],[77.605,27.799],[77.65,27.812],[77.669,27.811],[77.679,27.808],[77.686,27.804],[77.69,27.797],[77.689,27.784],[77.684,27.784],[77.672,27.772],[77.665,27.758],[77.672,27.75],[77.676,27.744],[77.687,27.716],[77.689,27.705],[77.687,27.691],[77.677,27.673],[77.675,27.663],[77.678,27.655],[77.685,27.649],[77.692,27.642],[77.696,27.63],[77.69,27.621],[77.664,27.614],[77.655,27.605],[77.665,27.603],[77.687,27.602],[77.696,27.599],[77.706,27.588],[77.705,27.578],[77.699,27.568],[77.694,27.546],[77.685,27.533],[77.683,27.527],[77.685,27.515],[77.69,27.508],[77.696,27.503],[77.703,27.496],[77.721,27.436],[77.727,27.427],[77.733,27.424],[77.738,27.416],[77.742,27.406],[77.747,27.383],[77.754,27.381],[77.771,27.386],[77.784,27.392],[77.792,27.392],[77.799,27.38],[77.797,27.371],[77.782,27.353],[77.778,27.342],[77.783,27.333],[77.792,27.323],[77.802,27.315],[77.809,27.311],[77.822,27.309],[77.828,27.303],[77.832,27.294],[77.839,27.284],[77.861,27.266],[77.866,27.275],[77.868,27.294],[77.884,27.304],[77.898,27.292],[77.903,27.269],[77.909,27.251],[77.928,27.256],[77.933,27.267],[77.933,27.281],[77.937,27.293],[77.953,27.298],[77.96,27.291],[77.959,27.276],[77.961,27.259],[77.977,27.249],[77.981,27.27],[77.993,27.273],[78.008,27.266],[78.018,27.256],[78.028,27.237],[78.031,27.219],[78.029,27.201],[78.025,27.18],[78.046,27.187],[78.055,27.192],[78.063,27.198],[78.075,27.202],[78.087,27.195],[78.099,27.186],[78.111,27.18],[78.159,27.174],[78.169,27.179],[78.179,27.189],[78.189,27.196],[78.2,27.191],[78.211,27.169],[78.207,27.151],[78.199,27.133],[78.197,27.112],[78.214,27.087],[78.236,27.084],[78.248,27.093],[78.237,27.106],[78.237,27.112],[78.251,27.112],[78.261,27.107],[78.268,27.097],[78.272,27.084],[78.284,27.094],[78.295,27.116],[78.306,27.125],[78.309,27.124],[78.331,27.124],[78.334,27.125],[78.342,27.126],[78.349,27.127],[78.355,27.125],[78.36,27.112],[78.341,27.11],[78.323,27.098],[78.308,27.081],[78.299,27.064],[78.311,27.063],[78.33,27.075],[78.343,27.078],[78.358,27.076],[78.38,27.066],[78.391,27.064],[78.411,27.056],[78.43,27.037],[78.44,27.015],[78.435,26.996],[78.457,26.994],[78.479,26.981],[78.497,26.965],[78.504,26.951],[78.507,26.94],[78.514,26.929],[78.523,26.926],[78.532,26.935],[78.528,26.94],[78.511,26.982],[78.532,26.977],[78.556,26.976],[78.56,26.97],[78.563,26.946],[78.583,26.929],[78.591,26.927],[78.594,26.938],[78.591,26.939],[78.587,26.944],[78.584,26.95],[78.586,26.955],[78.592,26.956],[78.599,26.956],[78.605,26.954],[78.607,26.951],[78.61,26.932],[78.617,26.91],[78.628,26.893],[78.642,26.886],[78.676,26.914],[78.696,26.921],[78.704,26.9],[78.722,26.916],[78.729,26.919],[78.731,26.914],[78.752,26.904],[78.758,26.9],[78.762,26.894],[78.769,26.876],[78.772,26.872],[78.794,26.868],[78.799,26.866],[78.808,26.85],[78.815,26.842],[78.839,26.831],[78.858,26.803],[78.872,26.797],[78.907,26.793],[78.943,26.783],[78.939,26.778],[78.933,26.768],[78.929,26.762],[78.949,26.762],[78.985,26.758],[79.005,26.762],[79.003,26.754],[78.999,26.747],[78.992,26.741],[78.983,26.735],[78.994,26.733],[79.003,26.729],[79.009,26.722],[79.011,26.712],[79.016,26.701],[79.035,26.692],[79.039,26.684],[79.038,26.671],[79.038,26.654],[79.046,26.641],[79.067,26.639],[79.067,26.633],[79.062,26.631],[79.057,26.628],[79.052,26.626],[79.062,26.62],[79.081,26.602],[79.084,26.598],[79.095,26.6],[79.115,26.605],[79.128,26.605],[79.139,26.602],[79.16,26.593],[79.173,26.591],[79.18,26.588],[79.195,26.569],[79.203,26.564],[79.204,26.545],[79.231,26.536],[79.293,26.523],[79.282,26.515],[79.245,26.502],[79.262,26.48],[79.248,26.467],[79.224,26.457],[79.211,26.444],[79.219,26.431],[79.24,26.433],[79.265,26.44],[79.286,26.441],[79.297,26.434],[79.303,26.424],[79.307,26.413],[79.313,26.407],[79.325,26.404],[79.337,26.407],[79.348,26.411],[79.374,26.418],[79.416,26.437],[79.437,26.441],[79.463,26.438],[79.474,26.429],[79.477,26.414],[79.477,26.397],[79.48,26.384],[79.495,26.365],[79.498,26.355],[79.504,26.35],[79.517,26.354],[79.529,26.361],[79.532,26.365],[79.555,26.36],[79.556,26.349],[79.544,26.335],[79.529,26.321],[79.523,26.305],[79.532,26.288],[79.549,26.273],[79.566,26.263],[79.586,26.258],[79.608,26.256],[79.627,26.251],[79.635,26.239],[79.638,26.219],[79.649,26.21],[79.715,26.191],[79.724,26.187],[79.741,26.173],[79.748,26.164],[79.741,26.16],[79.739,26.156],[79.737,26.146],[79.74,26.137],[79.753,26.129],[79.766,26.116],[79.772,26.112],[79.795,26.109],[79.847,26.115],[79.865,26.108],[79.886,26.092],[79.9,26.095],[79.909,26.111],[79.922,26.153],[79.927,26.162],[79.937,26.166],[79.949,26.163],[79.956,26.154],[79.958,26.141],[79.958,26.129],[79.952,26.088],[79.959,26.072],[79.985,26.064],[80.009,26.066],[80.059,26.076],[80.08,26.071],[80.093,26.055],[80.093,26.037],[80.085,26.021],[80.073,26.009],[80.08,25.999],[80.088,25.995],[80.097,25.993],[80.108,25.989],[80.128,25.972],[80.141,25.964],[80.17,25.955],[80.194,25.928],[80.211,25.92],[80.256,25.93],[80.277,25.926],[80.286,25.903],[80.297,25.892],[80.322,25.896],[80.362,25.913],[80.407,25.915],[80.446,25.906],[80.519,25.879],[80.537,25.869],[80.546,25.855],[80.54,25.843],[80.516,25.838],[80.469,25.842],[80.459,25.835],[80.471,25.811],[80.492,25.791],[80.511,25.786],[80.557,25.79],[80.568,25.786],[80.568,25.778],[80.563,25.769],[80.561,25.759],[80.561,25.745],[80.562,25.738],[80.567,25.734],[80.581,25.728],[80.601,25.722],[80.649,25.714],[80.683,25.694],[80.706,25.688],[80.73,25.686],[80.772,25.688],[80.78,25.69],[80.787,25.693],[80.798,25.712],[80.806,25.723],[80.817,25.728],[80.829,25.725],[80.839,25.718],[80.845,25.708],[80.851,25.684],[80.859,25.682],[80.882,25.687],[80.906,25.688],[80.923,25.685],[80.934,25.674],[80.941,25.625],[80.951,25.614],[80.969,25.613],[81.013,25.625],[81.023,25.626],[81.027,25.617],[81.027,25.594],[81.021,25.587],[81.008,25.579],[80.999,25.571],[81.003,25.56],[81.01,25.552],[81.013,25.547],[81.017,25.543],[81.027,25.536],[81.065,25.519],[81.087,25.511],[81.171,25.5],[81.184,25.495],[81.192,25.474],[81.184,25.458],[81.153,25.43],[81.148,25.411],[81.158,25.393],[81.173,25.378],[81.184,25.371],[81.225,25.362],[81.244,25.354],[81.261,25.329],[81.282,25.332],[81.32,25.345],[81.344,25.342],[81.367,25.334],[81.385,25.32],[81.396,25.304],[81.383,25.29],[81.391,25.28],[81.409,25.274],[81.453,25.266],[81.472,25.266],[81.491,25.269],[81.513,25.276],[81.62,25.348],[81.661,25.358],[81.704,25.359],[81.726,25.357],[81.742,25.348],[81.76,25.334],[81.778,25.328],[81.795,25.33],[81.811,25.341],[81.812,25.349],[81.797,25.366],[81.793,25.375],[81.795,25.384],[81.799,25.39],[81.811,25.402],[81.828,25.416],[81.851,25.425],[81.876,25.427],[81.903,25.415]]]}},{"type":"Feature","properties":{"name":"Narmada","scalerank":6,"kind":"River"},"geometry":{"type":"MultiLineString","coordinates":[[[81.574,22.754],[81.498,22.758],[81.462,22.765],[81.438,22.788],[81.421,22.826],[81.408,22.843],[81.386,22.849],[81.366,22.852],[81.314,22.87],[81.29,22.875],[81.28,22.877],[81.271,22.882],[81.249,22.898],[81.233,22.901],[81.191,22.917],[81.177,22.925],[81.175,22.929],[81.175,22.935],[81.175,22.941],[81.17,22.946],[81.162,22.948],[81.158,22.947],[81.154,22.946],[81.15,22.946],[81.128,22.951],[81.105,22.953],[81.084,22.96],[81.06,22.973],[81.035,22.982],[81.016,22.977],[81.013,22.97],[81.006,22.935],[81.001,22.93],[80.989,22.932],[80.932,22.952],[80.912,22.956],[80.889,22.953],[80.896,22.97],[80.9,22.988],[80.9,23.004],[80.893,23.018],[80.851,23.05],[80.842,23.055],[80.828,23.051],[80.817,23.039],[80.81,23.025],[80.802,22.995],[80.791,22.999],[80.766,23.021],[80.756,23.012],[80.737,23.005],[80.679,22.999],[80.666,22.994],[80.643,22.973],[80.629,22.964],[80.621,22.965],[80.611,22.97],[80.591,22.973],[80.572,22.971],[80.538,22.957],[80.519,22.953],[80.532,22.928],[80.533,22.918],[80.532,22.906],[80.521,22.887],[80.519,22.881],[80.514,22.878],[80.482,22.853],[80.477,22.842],[80.48,22.833],[80.492,22.816],[80.499,22.796],[80.5,22.788],[80.499,22.775],[80.496,22.76],[80.491,22.754],[80.491,22.749],[80.51,22.726],[80.508,22.721],[80.502,22.715],[80.499,22.702],[80.497,22.697],[80.492,22.691],[80.482,22.682],[80.478,22.675],[80.481,22.669],[80.488,22.664],[80.496,22.652],[80.502,22.645],[80.507,22.637],[80.505,22.623],[80.499,22.614],[80.45,22.579],[80.429,22.574],[80.408,22.576],[80.389,22.583],[80.373,22.595],[80.355,22.612],[80.34,22.633],[80.334,22.654],[80.336,22.688],[80.334,22.711],[80.327,22.726],[80.318,22.729],[80.296,22.728],[80.286,22.733],[80.283,22.741],[80.28,22.778],[80.269,22.796],[80.244,22.802],[80.217,22.801],[80.197,22.795],[80.193,22.789],[80.19,22.781],[80.186,22.773],[80.176,22.767],[80.165,22.766],[80.157,22.769],[80.149,22.773],[80.139,22.775],[80.075,22.773],[80.06,22.775],[80.032,22.784],[80.026,22.788],[80.008,22.818],[79.93,22.877],[79.929,22.889],[79.934,22.896],[79.94,22.9],[79.944,22.905],[79.946,22.916],[79.944,22.942],[79.94,22.943],[79.914,22.977],[79.91,22.986],[79.908,22.996],[79.91,23.008],[79.915,23.015],[79.937,23.038],[79.944,23.049],[79.947,23.06],[79.95,23.079],[79.948,23.096],[79.94,23.104],[79.906,23.111],[79.887,23.113],[79.855,23.101],[79.834,23.106],[79.793,23.129],[79.792,23.131],[79.789,23.132],[79.779,23.13],[79.77,23.128],[79.76,23.121],[79.752,23.117],[79.744,23.117],[79.726,23.119],[79.718,23.117],[79.709,23.113],[79.692,23.1],[79.687,23.097],[79.668,23.099],[79.642,23.109],[79.625,23.111],[79.605,23.111],[79.591,23.113],[79.582,23.122],[79.574,23.138],[79.554,23.131],[79.516,23.137],[79.494,23.127],[79.476,23.115],[79.455,23.106],[79.432,23.099],[79.41,23.097],[79.373,23.105],[79.348,23.107],[79.33,23.1],[79.323,23.096],[79.312,23.092],[79.267,23.089],[79.203,23.074],[79.159,23.069],[79.138,23.076],[79.126,23.076],[79.121,23.066],[79.118,23.06],[79.103,23.028],[79.101,23.021],[79.086,23.015],[79.063,23.013],[79.039,23.016],[79.022,23.025],[79.003,23.039],[78.984,23.046],[78.964,23.048],[78.772,23.041],[78.76,23.043],[78.743,23.048],[78.731,23.049],[78.72,23.046],[78.699,23.037],[78.674,23.033],[78.656,23.023],[78.645,23.021],[78.607,23.021],[78.494,23.006],[78.475,23],[78.442,22.98],[78.435,22.977],[78.416,22.971],[78.395,22.959],[78.392,22.955],[78.388,22.941],[78.384,22.939],[78.37,22.935],[78.329,22.915],[78.313,22.905],[78.306,22.898],[78.292,22.876],[78.286,22.864],[78.274,22.869],[78.263,22.867],[78.253,22.864],[78.244,22.864],[78.236,22.869],[78.227,22.878],[78.221,22.887],[78.22,22.89],[78.188,22.888],[78.171,22.883],[78.155,22.87],[78.144,22.857],[78.135,22.843],[78.13,22.826],[78.128,22.805],[78.12,22.789],[78.103,22.791],[78.072,22.808],[78.062,22.808],[78.043,22.803],[78.032,22.802],[78.02,22.806],[78.004,22.82],[77.994,22.823],[77.983,22.822],[77.963,22.817],[77.953,22.816],[77.947,22.814],[77.942,22.81],[77.938,22.808],[77.932,22.812],[77.927,22.82],[77.927,22.825],[77.929,22.83],[77.925,22.847],[77.925,22.855],[77.922,22.861],[77.909,22.864],[77.906,22.86],[77.884,22.84],[77.876,22.837],[77.87,22.845],[77.868,22.856],[77.867,22.867],[77.86,22.874],[77.845,22.867],[77.819,22.849],[77.772,22.785],[77.761,22.775],[77.739,22.772],[77.639,22.732],[77.623,22.721],[77.589,22.686],[77.58,22.681],[77.554,22.677],[77.545,22.672],[77.525,22.658],[77.458,22.634],[77.439,22.631],[77.425,22.627],[77.36,22.596],[77.333,22.571],[77.313,22.56],[77.295,22.566],[77.272,22.595],[77.262,22.596],[77.224,22.581],[77.18,22.571],[77.158,22.569],[77.14,22.563],[77.086,22.514],[77.049,22.501],[76.965,22.5],[76.922,22.494],[76.903,22.484],[76.872,22.457],[76.856,22.452],[76.834,22.448],[76.817,22.439],[76.803,22.426],[76.792,22.411],[76.783,22.395],[76.782,22.381],[76.784,22.346],[76.778,22.327],[76.763,22.31],[76.722,22.281],[76.689,22.264],[76.668,22.258],[76.651,22.264],[76.636,22.264],[76.586,22.235],[76.565,22.227],[76.544,22.231],[76.526,22.243],[76.511,22.255],[76.5,22.26],[76.501,22.265],[76.491,22.273],[76.48,22.281],[76.477,22.281],[76.47,22.293],[76.468,22.301],[76.47,22.309],[76.477,22.322],[76.464,22.323],[76.445,22.333],[76.435,22.336],[76.423,22.336],[76.371,22.326],[76.333,22.308],[76.312,22.302],[76.242,22.292],[76.226,22.285],[76.202,22.251],[76.188,22.242],[76.161,22.24],[76.117,22.245],[76.097,22.242],[76.076,22.23],[76.066,22.226],[76.043,22.227],[76.034,22.223],[76.017,22.21],[75.997,22.199],[75.954,22.188],[75.818,22.186],[75.796,22.181],[75.759,22.162],[75.739,22.158],[75.69,22.155],[75.654,22.171],[75.631,22.173],[75.468,22.153],[75.424,22.14],[75.404,22.137],[75.34,22.14],[75.255,22.125],[75.232,22.123],[75.222,22.121],[75.203,22.112],[75.191,22.109],[75.157,22.111],[75.146,22.109],[75.136,22.106],[75.122,22.098],[75.112,22.096],[75.068,22.103],[75.047,22.099],[74.983,22.076],[74.961,22.075],[74.897,22.082],[74.875,22.079],[74.835,22.069],[74.811,22.068],[74.782,22.076],[74.77,22.076],[74.759,22.073],[74.737,22.064],[74.725,22.062],[74.7,22.05],[74.59,22.023],[74.567,22.021],[74.558,22.023],[74.548,22.029],[74.54,22.037],[74.537,22.045],[74.531,22.05],[74.518,22.048],[74.495,22.041],[74.433,22.039],[74.414,22.035],[74.396,22.026],[74.352,21.987],[74.342,21.982],[74.321,21.976],[74.306,21.97],[74.295,21.968],[74.29,21.966],[74.289,21.963],[74.289,21.957],[74.288,21.95],[74.284,21.945],[74.268,21.936],[74.249,21.93],[74.228,21.926],[74.205,21.925],[74.183,21.929],[74.151,21.948],[74.129,21.952],[74.061,21.94],[73.975,21.901],[73.965,21.888],[73.943,21.875],[73.918,21.867],[73.9,21.87],[73.871,21.855],[73.833,21.844],[73.792,21.837],[73.756,21.836],[73.738,21.838],[73.718,21.842],[73.7,21.849],[73.687,21.856],[73.684,21.865],[73.681,21.876],[73.678,21.886],[73.67,21.89],[73.66,21.893],[73.641,21.902],[73.629,21.905],[73.607,21.912],[73.596,21.928],[73.588,21.944],[73.574,21.952],[73.564,21.955],[73.552,21.973],[73.543,21.98],[73.531,21.982],[73.524,21.979],[73.519,21.974],[73.512,21.972],[73.501,21.973],[73.462,21.985],[73.455,21.986],[73.444,21.987],[73.435,21.955],[73.425,21.931],[73.413,21.918],[73.374,21.929],[73.337,21.886],[73.304,21.89],[73.288,21.906],[73.279,21.923],[73.268,21.936],[73.249,21.939],[73.232,21.93],[73.227,21.915],[73.23,21.896],[73.245,21.844],[73.24,21.835],[73.221,21.829],[73.198,21.83],[73.182,21.84],[73.168,21.85],[73.153,21.856],[73.136,21.844],[73.149,21.812],[73.159,21.777],[73.132,21.754]]]}},{"type":"Feature","properties":{"name":"Chenab","scalerank":6,"kind":"River"},"geometry":{"type":"MultiLineString","coordinates":[[[77.436,32.293],[77.417,32.3],[77.374,32.307],[77.356,32.317],[77.298,32.368],[77.134,32.457],[77.098,32.488],[77.079,32.5],[77.055,32.505],[77.013,32.507],[76.992,32.513],[76.976,32.525],[76.968,32.542],[76.963,32.578],[76.955,32.595],[76.949,32.6],[76.922,32.615],[76.906,32.62],[76.898,32.624],[76.881,32.635],[76.875,32.639],[76.85,32.648],[76.836,32.65],[76.809,32.653],[76.73,32.673],[76.714,32.68],[76.647,32.734],[76.627,32.745],[76.609,32.751],[76.477,32.754],[76.444,32.768],[76.428,32.8],[76.428,32.823],[76.433,32.842],[76.441,32.859],[76.452,32.872],[76.462,32.89],[76.462,32.909],[76.457,32.928],[76.449,32.944],[76.443,32.95],[76.437,32.954],[76.432,32.96],[76.428,32.971],[76.428,32.98],[76.434,32.997],[76.435,33.009],[76.433,33.033],[76.427,33.05],[76.416,33.062],[76.355,33.116],[76.342,33.122],[76.334,33.124],[76.324,33.129],[76.315,33.135],[76.312,33.139],[76.308,33.149],[76.298,33.153],[76.277,33.156],[76.246,33.179],[76.199,33.242],[76.167,33.266],[76.136,33.275],[76.126,33.28],[76.119,33.287],[76.103,33.303],[76.096,33.307],[76.08,33.31],[76.042,33.329],[76.024,33.335],[76.014,33.335],[75.998,33.334],[75.964,33.339],[75.833,33.377],[75.771,33.383],[75.752,33.38],[75.736,33.367],[75.727,33.351],[75.725,33.335],[75.73,33.319],[75.74,33.304],[75.791,33.25],[75.808,33.217],[75.811,33.181],[75.8,33.162],[75.781,33.156],[75.759,33.159],[75.714,33.171],[75.703,33.171],[75.69,33.168],[75.647,33.148],[75.632,33.144],[75.6,33.141],[75.5,33.15],[75.408,33.136],[75.386,33.137],[75.364,33.14],[75.343,33.146],[75.325,33.156],[75.315,33.17],[75.305,33.191],[75.292,33.21],[75.273,33.218],[75.252,33.222],[75.233,33.232],[75.198,33.257],[75.184,33.266],[75.163,33.273],[75.143,33.274],[75.13,33.264],[75.129,33.254],[75.13,33.244],[75.129,33.234],[75.124,33.226],[75.096,33.211],[75.084,33.201],[75.078,33.187],[75.076,33.174],[75.069,33.166],[75.06,33.163],[75.047,33.163],[74.998,33.178],[74.981,33.178],[74.904,33.168],[74.879,33.175],[74.848,33.188],[74.818,33.193],[74.801,33.179],[74.801,33.173],[74.806,33.152],[74.808,33.144],[74.794,33.079],[74.792,33.057],[74.795,33.035],[74.808,33.016],[74.809,33.002],[74.783,32.937],[74.783,32.932],[74.784,32.921],[74.783,32.916],[74.78,32.912],[74.777,32.912],[74.774,32.912],[74.761,32.903],[74.74,32.892],[74.736,32.886],[74.725,32.873],[74.653,32.855],[74.603,32.819],[74.58,32.81],[74.565,32.796],[74.542,32.79],[74.533,32.783],[74.496,32.726],[74.469,32.701],[74.378,32.644],[74.355,32.622],[74.338,32.612],[74.316,32.603],[74.272,32.591],[74.22,32.565],[74.207,32.555],[74.202,32.543],[74.193,32.536],[74.155,32.528],[74.146,32.522],[74.133,32.5],[74.104,32.477],[74.069,32.462],[74.043,32.464],[74.01,32.429],[73.991,32.419],[73.964,32.416],[73.921,32.417],[73.905,32.413],[73.868,32.392],[73.853,32.388],[73.814,32.389],[73.791,32.383],[73.778,32.369],[73.769,32.354],[73.756,32.341],[73.738,32.338],[73.677,32.347],[73.661,32.34],[73.628,32.305],[73.612,32.293],[73.602,32.291],[73.58,32.289],[73.571,32.286],[73.565,32.281],[73.552,32.263],[73.541,32.256],[73.522,32.241],[73.512,32.238],[73.42,32.236],[73.4,32.227],[73.385,32.19],[73.325,32.133],[73.291,32.107],[73.283,32.097],[73.279,32.073],[73.267,32.061],[73.228,32.047],[73.214,32.035],[73.203,32.018],[73.196,31.997],[73.194,31.974],[73.188,31.95],[73.173,31.932],[73.139,31.902],[73.129,31.883],[73.118,31.846],[73.108,31.83],[73.093,31.819],[73.074,31.811],[73.001,31.792],[72.993,31.787],[72.976,31.775],[72.971,31.772],[72.96,31.763],[72.933,31.723],[72.919,31.71],[72.908,31.708],[72.879,31.71],[72.866,31.708],[72.838,31.699],[72.805,31.694],[72.742,31.676],[72.672,31.672],[72.656,31.666],[72.648,31.66],[72.618,31.645],[72.608,31.638],[72.594,31.622],[72.584,31.615],[72.574,31.612],[72.553,31.612],[72.543,31.608],[72.536,31.602],[72.529,31.592],[72.524,31.583],[72.522,31.577],[72.517,31.569],[72.505,31.564],[72.481,31.556],[72.47,31.551],[72.446,31.532],[72.388,31.506],[72.361,31.488],[72.35,31.46],[72.343,31.449],[72.251,31.365],[72.255,31.31],[72.253,31.294],[72.234,31.22],[72.23,31.215],[72.21,31.21],[72.203,31.207],[72.19,31.198],[72.139,31.183]],[[72.139,31.183],[72.14,31.103],[72.139,31.094],[72.133,31.087],[72.11,31.067],[72.096,31.059],[72.091,31.052],[72.088,31.042],[72.091,31.024],[72.087,31.015],[72.083,31.009],[72.078,30.995],[72.073,30.987],[72.067,30.982],[72.053,30.972],[72.046,30.967],[72.04,30.963],[72.026,30.958],[72.018,30.953],[72.012,30.944],[72.001,30.92],[71.995,30.909],[71.986,30.886],[71.964,30.871],[71.942,30.861],[71.933,30.85],[71.927,30.832],[71.914,30.819],[71.878,30.799],[71.858,30.773],[71.851,30.698],[71.837,30.662],[71.832,30.657],[71.809,30.641],[71.794,30.623],[71.785,30.617],[71.771,30.614],[71.747,30.609],[71.737,30.597],[71.73,30.584],[71.713,30.573],[71.693,30.574],[71.668,30.577],[71.648,30.572],[71.639,30.549],[71.629,30.533],[71.608,30.521],[71.569,30.505],[71.559,30.495],[71.546,30.473],[71.535,30.463],[71.528,30.459],[71.521,30.457],[71.505,30.456],[71.494,30.454],[71.49,30.448],[71.489,30.441],[71.484,30.432],[71.453,30.389],[71.435,30.373],[71.405,30.36],[71.414,30.334],[71.398,30.324],[71.375,30.321],[71.364,30.316],[71.363,30.291],[71.359,30.274],[71.352,30.259],[71.343,30.244],[71.336,30.226],[71.323,30.183],[71.313,30.165],[71.309,30.156],[71.31,30.133],[71.306,30.124],[71.298,30.116],[71.295,30.11],[71.294,30.103],[71.289,30.093],[71.263,30.063],[71.252,30.044],[71.245,30],[71.239,29.984],[71.233,29.971],[71.227,29.956],[71.226,29.945],[71.226,29.935],[71.225,29.925],[71.22,29.915],[71.21,29.91],[71.196,29.907],[71.184,29.902],[71.177,29.886],[71.173,29.876],[71.174,29.865],[71.183,29.861],[71.188,29.855],[71.202,29.829],[71.206,29.82],[71.206,29.793],[71.199,29.772],[71.179,29.736],[71.175,29.725],[71.172,29.689],[71.167,29.68],[71.154,29.664],[71.141,29.64],[71.116,29.621],[71.088,29.606],[71.054,29.597],[71.049,29.588],[71.049,29.562],[71.045,29.549],[71.035,29.54],[71.021,29.535],[71.008,29.532],[71.017,29.517],[71.024,29.498],[71.027,29.478],[71.028,29.459],[71.03,29.451],[71.034,29.441],[71.046,29.425],[71.044,29.42],[71.028,29.402],[71.022,29.394],[71.018,29.38],[71.016,29.367],[71.013,29.314],[71.004,29.293],[70.98,29.278],[70.949,29.266],[70.946,29.256],[70.946,29.233],[70.939,29.219],[70.921,29.216],[70.848,29.228],[70.83,29.225],[70.823,29.213],[70.823,29.191],[70.82,29.174],[70.812,29.159],[70.795,29.147],[70.777,29.157],[70.757,29.15],[70.746,29.136],[70.754,29.119],[70.747,29.106],[70.738,29.099],[70.729,29.094],[70.72,29.086],[70.713,29.075],[70.699,29.038],[70.694,29.035],[70.682,29.029],[70.664,29.028],[70.639,29.037]]]}},{"type":"Feature","properties":{"name":"Damqogkanbab","scalerank":2,"kind":"River"},"geometry":{"type":"MultiLineString","coordinates":[[[82.4,30.411],[82.418,30.421],[82.439,30.424],[82.459,30.424],[82.472,30.422],[82.517,30.409],[82.539,30.398],[82.558,30.384],[82.569,30.368],[82.576,30.363],[82.589,30.36],[82.641,30.379],[82.646,30.382],[82.651,30.383],[82.664,30.381],[82.669,30.378],[82.675,30.374],[82.683,30.37],[82.723,30.365],[82.753,30.359],[82.769,30.359],[82.788,30.36],[82.835,30.371],[82.859,30.373],[82.87,30.364],[82.893,30.332],[82.907,30.328],[82.913,30.317],[82.917,30.291],[82.925,30.269],[82.934,30.251],[82.946,30.237],[82.965,30.224],[82.994,30.212],[83.037,30.185],[83.044,30.182],[83.066,30.18],[83.075,30.179],[83.082,30.175],[83.087,30.169],[83.09,30.159],[83.095,30.151],[83.132,30.142],[83.15,30.131],[83.168,30.125],[83.192,30.134],[83.199,30.112],[83.218,30.097],[83.238,30.086],[83.247,30.076],[83.252,30.073],[83.264,30.072],[83.277,30.073],[83.285,30.076],[83.293,30.077],[83.305,30.07],[83.323,30.059],[83.363,30.05],[83.382,30.042],[83.391,30.028],[83.396,30.005],[83.41,29.992],[83.452,29.977],[83.5,29.947],[83.537,29.939],[83.555,29.928],[83.589,29.894],[83.6,29.88],[83.605,29.878],[83.627,29.871],[83.707,29.862],[83.727,29.856],[83.754,29.843],[83.761,29.833],[83.817,29.815],[83.98,29.736],[83.969,29.731],[83.96,29.724],[83.954,29.715],[83.952,29.702],[83.976,29.658],[83.982,29.65],[83.99,29.633],[83.997,29.624],[84.007,29.616],[84.035,29.606],[84.087,29.57],[84.106,29.566],[84.166,29.579],[84.186,29.579],[84.198,29.577],[84.205,29.575],[84.22,29.566],[84.229,29.548],[84.238,29.541],[84.25,29.548],[84.261,29.548],[84.309,29.54],[84.416,29.535],[84.461,29.526],[84.493,29.511],[84.511,29.476],[84.504,29.433],[84.489,29.388],[84.48,29.349],[84.485,29.343],[84.503,29.332],[84.507,29.322],[84.505,29.315],[84.5,29.306],[84.499,29.297],[84.504,29.288],[84.524,29.276],[84.566,29.268],[84.583,29.257],[84.591,29.264],[84.596,29.272],[84.6,29.28],[84.603,29.285],[84.618,29.289],[84.627,29.286],[84.636,29.281],[84.666,29.275],[84.72,29.257],[84.776,29.224],[84.792,29.226],[84.814,29.234],[84.838,29.229],[84.922,29.19],[84.964,29.186],[85.001,29.199],[85.035,29.229],[85.036,29.234],[85.034,29.246],[85.035,29.251],[85.041,29.254],[85.046,29.255],[85.051,29.255],[85.055,29.257],[85.072,29.269],[85.083,29.275],[85.111,29.285],[85.144,29.317],[85.165,29.326],[85.235,29.32],[85.251,29.315],[85.265,29.305],[85.308,29.283],[85.323,29.278],[85.392,29.281],[85.409,29.274],[85.424,29.265],[85.445,29.258],[85.468,29.253],[85.487,29.251],[85.532,29.257],[85.555,29.256],[85.573,29.247],[85.597,29.207],[85.609,29.192],[85.631,29.182],[85.653,29.181],[85.731,29.192],[85.763,29.21],[85.782,29.216],[85.804,29.215],[85.845,29.2],[85.946,29.182],[86.147,29.178],[86.159,29.179],[86.17,29.184],[86.192,29.197],[86.224,29.206],[86.236,29.208],[86.247,29.198],[86.26,29.202],[86.271,29.21],[86.275,29.213],[86.35,29.211],[86.387,29.224],[86.411,29.219],[86.435,29.21],[86.454,29.207],[86.468,29.214],[86.478,29.222],[86.488,29.227],[86.501,29.22],[86.51,29.239],[86.522,29.235],[86.536,29.221],[86.546,29.213],[86.567,29.211],[86.607,29.202],[86.625,29.2],[86.637,29.202],[86.656,29.211],[86.667,29.213],[86.961,29.179],[87.006,29.185],[87.027,29.181],[87.036,29.163],[87.04,29.159],[87.049,29.155],[87.059,29.153],[87.067,29.152],[87.079,29.154],[87.085,29.16],[87.09,29.166],[87.099,29.172],[87.112,29.177],[87.121,29.177],[87.156,29.157],[87.167,29.152],[87.194,29.145],[87.219,29.157],[87.245,29.152],[87.296,29.131],[87.409,29.118],[87.519,29.125],[87.547,29.131],[87.604,29.15],[87.625,29.145],[87.642,29.151],[87.66,29.152]]]}},{"type":"Feature","properties":{"name":"Za","scalerank":2,"kind":"River"},"geometry":{"type":"MultiLineString","coordinates":[[[94.084,33.156],[94.093,33.158],[94.113,33.168],[94.137,33.172],[94.165,33.182],[94.177,33.184],[94.222,33.178],[94.305,33.153],[94.348,33.15],[94.448,33.163],[94.457,33.168],[94.464,33.179],[94.469,33.191],[94.475,33.201],[94.484,33.208],[94.497,33.213],[94.512,33.217],[94.526,33.218],[94.579,33.212],[94.591,33.208],[94.602,33.2],[94.615,33.192],[94.628,33.186],[94.705,33.177],[94.724,33.179],[94.766,33.191],[94.79,33.188],[94.861,33.168],[94.876,33.16],[94.88,33.149],[94.892,33.139],[94.917,33.122],[94.947,33.095],[94.958,33.088],[94.965,33.1],[94.98,33.097],[94.996,33.086],[95.009,33.081],[95.029,33.079],[95.05,33.073],[95.069,33.065],[95.081,33.054],[95.086,33.043],[95.085,33.035],[95.083,33.027],[95.081,33.016],[95.083,33.006],[95.093,32.986],[95.095,32.974],[95.093,32.965],[95.09,32.961],[95.09,32.957],[95.095,32.95],[95.104,32.942],[95.114,32.937],[95.125,32.937],[95.136,32.944],[95.205,32.911],[95.218,32.896],[95.235,32.909],[95.252,32.907],[95.287,32.889],[95.35,32.879],[95.398,32.854],[95.439,32.849],[95.523,32.855],[95.558,32.848],[95.589,32.83],[95.614,32.806],[95.629,32.779],[95.648,32.727],[95.65,32.715],[95.66,32.715],[95.718,32.69],[95.735,32.693],[95.781,32.662],[95.807,32.662],[95.817,32.647],[95.872,32.6],[95.934,32.557],[95.96,32.545],[95.985,32.538],[96.003,32.543],[96.021,32.556],[96.042,32.562],[96.164,32.575],[96.181,32.571],[96.187,32.563],[96.195,32.55],[96.201,32.543],[96.209,32.537],[96.229,32.531],[96.239,32.526],[96.245,32.52],[96.255,32.503],[96.26,32.498],[96.272,32.495],[96.299,32.495],[96.311,32.488],[96.338,32.451],[96.362,32.434],[96.367,32.437],[96.37,32.442],[96.376,32.444],[96.392,32.435],[96.414,32.418],[96.428,32.402],[96.421,32.396],[96.416,32.384],[96.425,32.359],[96.445,32.32],[96.454,32.295],[96.459,32.286],[96.467,32.278],[96.489,32.264],[96.493,32.256],[96.496,32.238],[96.512,32.198],[96.52,32.183],[96.533,32.166],[96.549,32.156],[96.568,32.15],[96.592,32.149],[96.601,32.147],[96.616,32.138],[96.627,32.135],[96.632,32.133],[96.642,32.124],[96.647,32.122],[96.653,32.123],[96.658,32.126],[96.664,32.129],[96.671,32.129],[96.681,32.125],[96.687,32.121],[96.693,32.117],[96.705,32.114],[96.713,32.115],[96.733,32.121],[96.743,32.122],[96.759,32.112],[96.769,32.065],[96.781,32.047],[96.793,32.044],[96.823,32.049],[96.835,32.047],[96.847,32.037],[96.848,32.027],[96.844,32.016],[96.842,32.002],[96.851,31.976],[96.873,31.966],[96.898,31.963],[96.918,31.957],[96.941,31.966]]]}},{"type":"Feature","properties":{"name":"Jhelum","scalerank":7,"kind":"River"},"geometry":{"type":"MultiLineString","coordinates":[[[74.532,34.302],[74.408,34.269],[74.376,34.25],[74.353,34.222],[74.34,34.214],[74.299,34.207],[74.288,34.197],[74.279,34.186],[74.269,34.178],[74.26,34.176],[74.238,34.178],[74.229,34.178],[74.22,34.174],[74.194,34.157],[74.174,34.151],[74.119,34.15],[74.088,34.136],[74.054,34.114],[74.02,34.099],[73.992,34.105],[73.975,34.112],[73.913,34.102],[73.896,34.105],[73.881,34.114],[73.852,34.137],[73.819,34.156],[73.785,34.166],[73.708,34.171],[73.691,34.175],[73.66,34.194],[73.627,34.203],[73.611,34.215],[73.584,34.239],[73.539,34.297],[73.513,34.324],[73.481,34.335],[73.473,34.336],[73.467,34.337],[73.461,34.337],[73.454,34.335],[73.46,34.319],[73.488,34.198],[73.489,34.181],[73.487,34.146],[73.488,34.129],[73.506,34.068],[73.516,34.007],[73.577,33.91],[73.58,33.876],[73.565,33.803],[73.574,33.777],[73.586,33.762],[73.593,33.745],[73.597,33.727],[73.598,33.708],[73.593,33.695],[73.575,33.663],[73.574,33.653],[73.576,33.647],[73.571,33.633],[73.574,33.626],[73.601,33.605],[73.612,33.592],[73.623,33.575],[73.63,33.556],[73.632,33.54],[73.629,33.53],[73.622,33.527],[73.616,33.525],[73.612,33.519],[73.612,33.509],[73.62,33.477],[73.623,33.469],[73.626,33.461],[73.625,33.451],[73.62,33.448],[73.611,33.446],[73.602,33.441],[73.592,33.411],[73.58,33.399],[73.571,33.387],[73.574,33.369],[73.584,33.355],[73.596,33.342],[73.601,33.332],[73.598,33.321]],[[75.366,33.444],[75.357,33.477],[75.353,33.485],[75.343,33.492],[75.325,33.497],[75.315,33.502],[75.25,33.554],[75.208,33.57],[75.189,33.583],[75.181,33.605],[75.174,33.616],[75.133,33.67],[75.11,33.695],[75.105,33.705],[75.106,33.717],[75.111,33.726],[75.116,33.733],[75.119,33.742],[75.116,33.763],[75.11,33.783],[75.102,33.8],[75.092,33.814],[75.085,33.821],[75.067,33.834],[75.02,33.88],[75.007,33.899],[74.994,33.936],[74.983,33.951],[74.964,33.958],[74.916,33.965],[74.907,33.975],[74.906,34],[74.9,34.015],[74.89,34.026],[74.717,34.14],[74.639,34.239],[74.625,34.252],[74.621,34.258],[74.619,34.27],[74.621,34.282],[74.63,34.302],[74.632,34.311],[74.63,34.333],[74.622,34.348],[74.594,34.38]],[[73.643,33.142],[73.62,33.124],[73.638,33.102],[73.67,33.084],[73.73,33.062],[73.761,33.045],[73.778,33.018],[73.77,32.978],[73.764,32.97],[73.754,32.96],[73.744,32.952],[73.735,32.947],[73.728,32.94],[73.713,32.916],[73.701,32.906],[73.688,32.899],[73.68,32.891],[73.675,32.884],[73.667,32.876],[73.624,32.851],[73.612,32.841],[73.602,32.82],[73.59,32.771],[73.577,32.755],[73.563,32.747],[73.556,32.739],[73.551,32.729],[73.543,32.718],[73.533,32.707],[73.522,32.7],[73.469,32.677],[73.419,32.648],[73.377,32.64],[73.347,32.63],[73.33,32.628],[73.285,32.636],[73.269,32.635],[73.267,32.607],[73.228,32.597],[73.066,32.581],[73.027,32.572],[72.992,32.55],[72.976,32.544],[72.933,32.543],[72.916,32.536],[72.885,32.512],[72.775,32.456],[72.733,32.442],[72.693,32.436],[72.611,32.436],[72.604,32.434],[72.592,32.419],[72.584,32.413],[72.572,32.409],[72.536,32.402],[72.504,32.381],[72.484,32.357],[72.463,32.336],[72.426,32.327],[72.4,32.316],[72.373,32.289],[72.35,32.257],[72.337,32.232],[72.306,32.138],[72.302,32.108],[72.294,32.078],[72.254,32.033],[72.24,32.006],[72.241,31.987],[72.252,31.949],[72.255,31.919],[72.257,31.911],[72.265,31.895],[72.267,31.885],[72.263,31.877],[72.258,31.869],[72.255,31.861],[72.251,31.829],[72.247,31.816],[72.233,31.786],[72.223,31.771],[72.212,31.757],[72.2,31.748],[72.181,31.729],[72.167,31.697],[72.143,31.569],[72.138,31.498],[72.131,31.48],[72.125,31.467],[72.126,31.46],[72.13,31.451],[72.132,31.443],[72.133,31.433],[72.138,31.417],[72.139,31.409],[72.135,31.399],[72.127,31.394],[72.117,31.389],[72.111,31.381],[72.111,31.367],[72.125,31.313],[72.125,31.281],[72.129,31.266],[72.142,31.248],[72.156,31.236],[72.158,31.229],[72.159,31.217],[72.156,31.21],[72.142,31.201],[72.139,31.193],[72.139,31.183]]]}},{"type":"Feature","properties":{"name":"Mae Klong","scalerank":7,"kind":"River"},"geometry":{"type":"MultiLineString","coordinates":[[[98.892,16.176],[98.888,16.104],[98.881,16.093],[98.868,16.087],[98.856,16.071],[98.851,16.051],[98.857,16.031],[98.836,16.019],[98.823,16.008],[98.818,15.994],[98.816,15.973],[98.824,15.906],[98.83,15.888],[98.85,15.86],[98.858,15.841],[98.847,15.833],[98.839,15.822],[98.809,15.764],[98.81,15.749],[98.82,15.714],[98.823,15.692],[98.829,15.677],[98.882,15.611],[98.894,15.59],[98.897,15.573],[98.833,15.539],[98.823,15.531],[98.817,15.516],[98.82,15.501],[98.826,15.485],[98.833,15.448],[98.841,15.435],[98.864,15.415],[98.888,15.384],[98.9,15.363],[98.895,15.353],[98.886,15.344],[98.891,15.323],[98.902,15.3],[98.913,15.284],[98.902,15.274],[98.904,15.261],[98.919,15.23],[98.921,15.211],[98.92,15.193],[98.922,15.177],[98.933,15.161],[98.939,15.159],[98.959,15.157],[98.966,15.154],[98.969,15.147],[98.974,15.12],[98.985,15.097],[98.992,15.087]]]}},{"type":"Feature","properties":{"name":"Cauvery","scalerank":7,"kind":"River"},"geometry":{"type":"MultiLineString","coordinates":[[[76.572,12.427],[76.592,12.421],[76.602,12.42],[76.613,12.42],[76.625,12.424],[76.646,12.438],[76.658,12.44],[76.667,12.438],[76.687,12.429],[76.699,12.427],[76.708,12.425],[76.726,12.411],[76.737,12.406],[76.765,12.406],[76.779,12.4],[76.784,12.382],[76.792,12.367],[76.846,12.31],[76.883,12.256],[76.891,12.249],[76.897,12.244],[76.904,12.235],[76.914,12.226],[76.925,12.221],[76.938,12.223],[76.969,12.236],[77.016,12.238],[77.016,12.213],[77.011,12.183],[77.039,12.173],[77.046,12.172],[77.052,12.17],[77.057,12.172],[77.058,12.184],[77.062,12.187],[77.082,12.188],[77.09,12.191],[77.096,12.194],[77.115,12.199],[77.12,12.201],[77.125,12.212],[77.123,12.221],[77.12,12.229],[77.12,12.236],[77.129,12.248],[77.153,12.263],[77.165,12.273],[77.173,12.286],[77.177,12.297],[77.183,12.308],[77.196,12.317],[77.212,12.311],[77.281,12.31],[77.299,12.306],[77.346,12.283],[77.366,12.283],[77.413,12.293],[77.425,12.293],[77.449,12.259],[77.477,12.242],[77.48,12.232],[77.478,12.215],[77.483,12.208],[77.492,12.206],[77.668,12.204],[77.698,12.198],[77.725,12.185],[77.733,12.175],[77.735,12.164],[77.728,12.118],[77.729,12.079],[77.727,12.061],[77.717,12.039],[77.683,11.997],[77.675,11.971]],[[75.66,12.338],[75.677,12.331],[75.718,12.305],[75.744,12.284],[75.752,12.284],[75.759,12.287],[75.767,12.29],[75.798,12.304],[75.8,12.306],[75.802,12.311],[75.805,12.315],[75.811,12.317],[75.817,12.317],[75.822,12.314],[75.826,12.311],[75.825,12.31],[75.849,12.311],[75.859,12.314],[75.87,12.321],[75.884,12.336],[75.894,12.354],[75.917,12.426],[75.921,12.434],[75.955,12.444],[75.956,12.464],[75.96,12.495],[75.964,12.509],[75.969,12.523],[75.978,12.537],[76.014,12.574],[76.023,12.588],[76.03,12.602],[76.039,12.614],[76.055,12.619],[76.109,12.603],[76.119,12.602],[76.128,12.588],[76.166,12.582],[76.174,12.574],[76.18,12.556],[76.193,12.543],[76.209,12.535],[76.223,12.53],[76.227,12.526],[76.229,12.517],[76.233,12.515],[76.239,12.517],[76.248,12.522],[76.253,12.523],[76.263,12.521],[76.28,12.512],[76.291,12.509],[76.343,12.508],[76.359,12.502],[76.376,12.492],[76.39,12.486],[76.4,12.488],[76.407,12.502],[76.403,12.516],[76.408,12.526],[76.418,12.53],[76.432,12.516]],[[77.817,11.817],[77.8,11.775],[77.771,11.666],[77.762,11.65],[77.75,11.636],[77.741,11.62],[77.737,11.602],[77.74,11.587],[77.739,11.577],[77.727,11.554],[77.727,11.543],[77.73,11.532],[77.73,11.522],[77.726,11.516],[77.714,11.507],[77.71,11.502],[77.707,11.491],[77.706,11.482],[77.705,11.473],[77.688,11.443],[77.69,11.42],[77.701,11.398],[77.717,11.378],[77.726,11.372],[77.748,11.36],[77.758,11.351],[77.763,11.341],[77.769,11.322],[77.775,11.314],[77.851,11.244],[77.859,11.227],[77.86,11.183],[77.863,11.173],[77.877,11.155],[77.881,11.142],[77.882,11.119],[77.884,11.108],[77.888,11.098],[77.917,11.072],[77.954,11.076],[77.994,11.09],[78.032,11.09],[78.063,11.077],[78.081,11.072],[78.104,11.07],[78.123,11.062],[78.142,11.043],[78.169,11.001],[78.183,10.969],[78.189,10.96],[78.202,10.951],[78.212,10.952],[78.222,10.957],[78.234,10.96],[78.296,10.959],[78.363,10.961],[78.401,10.953],[78.437,10.94],[78.487,10.909],[78.502,10.906],[78.542,10.905],[78.562,10.899],[78.584,10.886],[78.606,10.877],[78.628,10.885],[78.678,10.869]],[[78.6,10.878],[78.676,10.854],[78.683,10.844],[78.699,10.834],[78.717,10.827],[78.731,10.824],[78.862,10.826],[78.886,10.82]],[[78.886,10.82],[78.9,10.834],[78.92,10.842],[78.942,10.845],[78.967,10.845],[78.982,10.847],[79.024,10.861],[79.046,10.864],[79.089,10.864],[79.109,10.867],[79.132,10.879],[79.151,10.884],[79.156,10.888],[79.159,10.894],[79.18,10.908],[79.19,10.913],[79.226,10.926],[79.263,10.934],[79.434,10.94],[79.439,10.936],[79.444,10.929],[79.451,10.922],[79.461,10.919],[79.632,10.934],[79.642,10.933],[79.647,10.928],[79.658,10.91],[79.663,10.905],[79.684,10.901],[79.755,10.905],[79.768,10.903],[79.79,10.893],[79.8,10.891],[79.811,10.894],[79.822,10.9],[79.833,10.905],[79.841,10.905]],[[78.886,10.82],[78.902,10.817],[78.938,10.797],[78.959,10.794],[78.98,10.806],[79.059,10.817],[79.08,10.813],[79.123,10.799],[79.145,10.796],[79.168,10.798],[79.21,10.806],[79.267,10.811],[79.3,10.809],[79.333,10.803],[79.368,10.789],[79.402,10.763],[79.43,10.724],[79.451,10.681],[79.464,10.645],[79.473,10.599],[79.48,10.578],[79.494,10.559],[79.5,10.543],[79.499,10.517],[79.495,10.491],[79.491,10.474],[79.472,10.438],[79.469,10.416],[79.485,10.388],[79.49,10.368],[79.494,10.364],[79.501,10.362],[79.529,10.338]],[[78.882,10.817],[78.886,10.82]]]}},{"type":"Feature","properties":{"name":"Chambal","scalerank":7,"kind":"River"},"geometry":{"type":"MultiLineString","coordinates":[[[75.572,24.919],[75.554,24.947],[75.574,24.971],[75.634,25.009],[75.719,25.083],[75.743,25.111],[75.733,25.122],[75.735,25.131],[75.744,25.139],[75.756,25.145],[75.766,25.149],[75.774,25.148],[75.782,25.146],[75.794,25.145],[75.807,25.155],[75.845,25.214],[75.904,25.273],[75.918,25.283],[75.931,25.284],[75.935,25.281],[75.945,25.272],[75.952,25.264],[75.964,25.24],[75.969,25.235],[75.986,25.237],[76.004,25.25],[76.018,25.266],[76.024,25.279],[76.023,25.322],[76.032,25.333],[76.058,25.345],[76.063,25.348],[76.067,25.355],[76.072,25.358],[76.076,25.356],[76.089,25.347],[76.093,25.345],[76.105,25.346],[76.119,25.35],[76.13,25.351],[76.141,25.355],[76.138,25.363],[76.131,25.373],[76.126,25.382],[76.128,25.39],[76.167,25.483],[76.178,25.498],[76.186,25.502],[76.212,25.501],[76.223,25.502],[76.228,25.507],[76.233,25.513],[76.241,25.519],[76.253,25.522],[76.271,25.529],[76.277,25.547],[76.279,25.611],[76.284,25.627],[76.293,25.641],[76.312,25.659],[76.297,25.674],[76.285,25.692],[76.285,25.708],[76.305,25.721],[76.322,25.714],[76.342,25.733],[76.363,25.757],[76.384,25.769],[76.397,25.771],[76.434,25.785],[76.446,25.793],[76.463,25.814],[76.47,25.824],[76.477,25.838],[76.469,25.844],[76.487,25.852],[76.51,25.853],[76.555,25.852],[76.559,25.854],[76.583,25.876],[76.592,25.881],[76.611,25.882],[76.621,25.885],[76.627,25.893],[76.636,25.914],[76.641,25.92],[76.652,25.923],[76.704,25.919],[76.716,25.916],[76.727,25.916],[76.74,25.923],[76.76,25.946],[76.77,25.954],[76.779,25.958],[76.788,25.96],[76.796,25.965],[76.804,25.974],[76.808,25.985],[76.808,25.997],[76.809,26.008],[76.815,26.019],[76.873,26.052],[76.887,26.064],[76.893,26.074],[76.895,26.083],[76.899,26.091],[76.908,26.099],[76.938,26.104],[76.946,26.108],[76.96,26.123],[76.969,26.129],[76.992,26.136],[76.999,26.145],[77.004,26.156],[77.01,26.166],[77.019,26.172],[77.049,26.184],[77.062,26.187],[77.076,26.185],[77.082,26.185],[77.09,26.19],[77.095,26.199],[77.097,26.215],[77.1,26.222],[77.125,26.238],[77.152,26.24],[77.181,26.237],[77.21,26.242],[77.23,26.263],[77.254,26.275],[77.266,26.284],[77.281,26.294],[77.288,26.3],[77.294,26.308],[77.301,26.324],[77.305,26.331],[77.323,26.352],[77.336,26.361],[77.35,26.365],[77.38,26.364],[77.395,26.366],[77.408,26.372],[77.415,26.365],[77.431,26.374],[77.432,26.386],[77.431,26.4],[77.442,26.413],[77.46,26.417],[77.5,26.412],[77.514,26.416],[77.526,26.426],[77.565,26.447],[77.617,26.483],[77.631,26.488],[77.646,26.491],[77.681,26.5],[77.699,26.502],[77.715,26.506],[77.727,26.516],[77.744,26.536],[77.773,26.549],[77.809,26.559],[77.831,26.576],[77.819,26.605],[77.87,26.619],[77.881,26.626],[77.886,26.634],[77.889,26.652],[77.894,26.66],[77.903,26.664],[77.914,26.666],[77.932,26.667],[77.95,26.67],[77.978,26.684],[78.004,26.694],[78.013,26.696],[78.021,26.691],[78.029,26.685],[78.038,26.682],[78.049,26.68],[78.059,26.68],[78.079,26.683],[78.085,26.689],[78.085,26.702],[78.087,26.721],[78.09,26.728],[78.099,26.741],[78.1,26.743],[78.1,26.753],[78.094,26.77],[78.093,26.78],[78.101,26.795],[78.12,26.795],[78.151,26.783],[78.165,26.792],[78.169,26.822],[78.182,26.817],[78.204,26.825],[78.219,26.824],[78.234,26.82],[78.255,26.817],[78.258,26.821],[78.272,26.845],[78.28,26.852],[78.286,26.855],[78.326,26.86],[78.351,26.859],[78.371,26.851],[78.385,26.827],[78.396,26.824],[78.419,26.825],[78.428,26.823],[78.434,26.817],[78.438,26.809],[78.446,26.8],[78.462,26.792],[78.499,26.788],[78.518,26.783],[78.563,26.759],[78.583,26.756],[78.595,26.758],[78.602,26.764],[78.607,26.771],[78.614,26.776],[78.623,26.777],[78.643,26.775],[78.655,26.776],[78.693,26.798],[78.71,26.799],[78.724,26.776],[78.734,26.785],[78.745,26.789],[78.754,26.786],[78.758,26.773],[78.762,26.765],[78.771,26.764],[78.782,26.764],[78.792,26.762],[78.812,26.748],[78.842,26.712],[78.861,26.701],[78.873,26.701],[78.905,26.708],[78.919,26.708],[78.926,26.706],[78.936,26.695],[78.938,26.687],[78.938,26.678],[78.941,26.67],[78.953,26.667],[78.985,26.674],[78.997,26.674],[78.994,26.634],[79.026,26.591],[79.073,26.556],[79.115,26.536],[79.163,26.531],[79.185,26.525],[79.196,26.509],[79.193,26.498],[79.185,26.488],[79.183,26.48],[79.196,26.475],[79.207,26.478],[79.245,26.502]],[[75.581,24.648],[75.569,24.668],[75.507,24.744]],[[75.667,22.473],[75.658,22.475],[75.65,22.478],[75.634,22.487],[75.603,22.51],[75.595,22.514],[75.584,22.523],[75.558,22.567],[75.544,22.583],[75.517,22.596],[75.51,22.603],[75.507,22.611],[75.504,22.625],[75.503,22.638],[75.507,22.644],[75.51,22.655],[75.503,22.726],[75.473,22.791],[75.469,22.812],[75.51,23.063],[75.514,23.072],[75.523,23.09],[75.525,23.097],[75.522,23.109],[75.512,23.13],[75.51,23.141],[75.508,23.186],[75.504,23.208],[75.497,23.227],[75.472,23.253],[75.461,23.269],[75.456,23.292],[75.45,23.306],[75.414,23.35],[75.401,23.371],[75.393,23.39],[75.388,23.41],[75.387,23.436],[75.393,23.456],[75.395,23.468],[75.39,23.473],[75.366,23.508],[75.355,23.544],[75.359,23.672],[75.355,23.695],[75.344,23.716],[75.328,23.726],[75.308,23.717],[75.293,23.716],[75.281,23.733],[75.272,23.756],[75.27,23.775],[75.279,23.797],[75.293,23.802],[75.335,23.795],[75.35,23.802],[75.359,23.819],[75.366,23.837],[75.373,23.851],[75.426,23.892],[75.454,23.908],[75.463,23.93],[75.469,23.955],[75.476,23.974],[75.503,24.014],[75.513,24.036],[75.517,24.059],[75.512,24.076],[75.486,24.114],[75.476,24.125],[75.462,24.134],[75.451,24.139],[75.44,24.148],[75.428,24.166],[75.414,24.199],[75.405,24.21],[75.386,24.223]]]}},{"type":"Feature","properties":{"name":"Mekong","scalerank":2,"kind":"River"},"geometry":{"type":"MultiLineString","coordinates":[[[96.941,31.966],[96.959,31.952],[96.975,31.932],[96.99,31.923],[96.995,31.914],[96.992,31.871],[96.993,31.855],[96.999,31.846],[97.016,31.834],[97.021,31.827],[97.015,31.8],[97.013,31.789],[97.018,31.767],[97.029,31.752],[97.062,31.724],[97.072,31.711],[97.081,31.695],[97.087,31.675],[97.089,31.611],[97.093,31.601],[97.103,31.598],[97.114,31.597],[97.123,31.594],[97.128,31.588],[97.136,31.569],[97.144,31.559],[97.168,31.549],[97.18,31.541],[97.188,31.522],[97.203,31.504],[97.206,31.495],[97.204,31.483],[97.195,31.463],[97.191,31.45],[97.208,31.392],[97.216,31.378],[97.219,31.371],[97.221,31.36],[97.221,31.348],[97.219,31.34],[97.212,31.328],[97.204,31.325],[97.195,31.325],[97.185,31.321],[97.161,31.289],[97.157,31.282],[97.16,31.27],[97.169,31.251],[97.174,31.231],[97.181,31.221],[97.195,31.207],[97.2,31.196],[97.198,31.185],[97.194,31.175],[97.191,31.166],[97.192,31.13],[97.198,31.085],[97.215,31.048],[97.25,31.032],[97.269,31.028],[97.289,31.019],[97.322,30.997],[97.361,30.953],[97.377,30.943],[97.372,30.933],[97.37,30.902],[97.358,30.871],[97.356,30.857],[97.357,30.794],[97.363,30.772],[97.379,30.732],[97.399,30.701],[97.427,30.677],[97.482,30.645],[97.524,30.604],[97.555,30.583],[97.558,30.582],[97.629,30.452],[97.664,30.406],[97.671,30.4],[97.679,30.395],[97.713,30.389],[97.723,30.384],[97.782,30.332],[97.81,30.3],[97.828,30.284],[97.846,30.278],[97.852,30.276],[97.863,30.27],[97.873,30.262],[97.877,30.254],[97.879,30.24],[97.885,30.235],[97.894,30.234],[97.904,30.23],[97.937,30.206],[97.948,30.189],[97.952,30.165],[97.966,30.156],[97.976,30.148],[97.98,30.137],[97.981,30.132],[97.985,30.128],[97.991,30.127],[97.997,30.127],[98.002,30.124],[98,30.117],[97.993,30.107],[98.005,30.063],[98.016,30.041],[98.031,30.032],[98.043,30.021],[98.052,29.997],[98.062,29.956],[98.074,29.941],[98.09,29.925],[98.104,29.906],[98.11,29.884],[98.113,29.875],[98.134,29.85],[98.139,29.841],[98.14,29.82],[98.144,29.812],[98.162,29.807],[98.21,29.804],[98.22,29.795],[98.225,29.782],[98.261,29.723],[98.339,29.639],[98.348,29.623],[98.35,29.6],[98.343,29.573],[98.343,29.566],[98.346,29.555],[98.361,29.514],[98.397,29.454],[98.404,29.445],[98.41,29.436],[98.412,29.425],[98.416,29.417],[98.435,29.408],[98.439,29.397],[98.437,29.387],[98.433,29.376],[98.431,29.365],[98.435,29.356],[98.444,29.352],[98.473,29.343],[98.479,29.327],[98.493,29.31],[98.538,29.269],[98.548,29.257],[98.569,29.223],[98.614,29.168],[98.632,29.16],[98.628,29.14],[98.61,29.103],[98.605,29.083],[98.584,29.045],[98.583,29.024],[98.593,29.008],[98.608,28.996],[98.621,28.983],[98.624,28.963],[98.634,28.944],[98.638,28.93],[98.638,28.879],[98.642,28.871],[98.654,28.855],[98.655,28.85],[98.653,28.845],[98.651,28.836],[98.653,28.826],[98.657,28.819],[98.661,28.813],[98.665,28.805],[98.678,28.757],[98.68,28.724],[98.685,28.709],[98.703,28.671],[98.775,28.572],[98.781,28.556],[98.791,28.515],[98.799,28.5],[98.812,28.484],[98.834,28.442],[98.851,28.401],[98.862,28.357],[98.864,28.336],[98.861,28.32],[98.846,28.286],[98.843,28.27],[98.845,28.25],[98.85,28.225],[98.858,28.201],[98.885,28.151],[98.907,28.129],[98.913,28.12],[98.915,28.096],[98.902,28.054],[98.898,28.034],[98.901,28.011],[98.909,27.994],[98.933,27.961]],[[98.999,27.67],[98.998,27.658]]]}},{"type":"Feature","properties":{"name":"Ping","scalerank":7,"kind":"River"},"geometry":{"type":"MultiLineString","coordinates":[[[98.864,19.78],[98.882,19.771],[98.893,19.753],[98.897,19.731],[98.898,19.708],[98.902,19.697],[98.916,19.68],[98.919,19.674],[98.918,19.64],[98.919,19.629],[98.923,19.616],[98.941,19.583],[98.95,19.571],[98.954,19.563],[98.959,19.538],[98.96,19.53],[98.962,19.516],[98.965,19.509],[98.97,19.505],[98.974,19.499],[98.988,19.466],[98.996,19.434],[98.994,19.398],[98.963,19.312],[98.96,19.288],[98.97,19.269],[98.976,19.254],[98.98,19.184],[98.998,19.15]],[[98.997,19.112],[98.977,19.099],[98.959,19.096],[98.95,19.088]],[[98.984,18.68],[98.977,18.67],[98.965,18.662],[98.963,18.643],[98.966,18.601],[98.959,18.583],[98.932,18.546],[98.926,18.529],[98.834,18.485],[98.794,18.453],[98.775,18.443],[98.716,18.431],[98.7,18.423],[98.708,18.413],[98.708,18.401],[98.704,18.389],[98.696,18.378],[98.691,18.366],[98.696,18.356],[98.703,18.346],[98.707,18.337],[98.702,18.333],[98.676,18.303],[98.67,18.299],[98.662,18.298],[98.658,18.292],[98.657,18.286],[98.658,18.275],[98.645,18.251],[98.641,18.227],[98.638,18.13],[98.634,18.126],[98.624,18.135],[98.619,18.126],[98.618,18.117],[98.623,18.108],[98.631,18.1],[98.624,18.099],[98.622,18.097],[98.622,18.098],[98.618,18.1],[98.606,18.088],[98.601,18.081],[98.597,18.074],[98.617,18.074],[98.618,18.062],[98.615,18.044],[98.624,18.026],[98.609,18.02],[98.604,18.019],[98.604,18.012],[98.615,18.012],[98.624,18.008],[98.629,18.001],[98.631,17.992],[98.634,17.995],[98.641,18.001],[98.645,18.005],[98.654,17.99],[98.666,17.98],[98.674,17.971],[98.673,17.957],[98.666,17.957],[98.647,17.945],[98.633,17.93],[98.641,17.923],[98.646,17.921],[98.648,17.916],[98.651,17.902],[98.65,17.901],[98.646,17.889],[98.645,17.885],[98.646,17.882],[98.651,17.882],[98.655,17.883],[98.658,17.882],[98.669,17.842],[98.695,17.8],[98.703,17.783],[98.711,17.752],[98.741,17.711],[98.745,17.698],[98.745,17.684],[98.737,17.674],[98.716,17.669],[98.705,17.664],[98.699,17.652],[98.699,17.638],[98.707,17.628],[98.7,17.61],[98.703,17.594],[98.709,17.579],[98.713,17.564],[98.713,17.495],[98.708,17.478],[98.698,17.462],[98.692,17.447],[98.7,17.43],[98.716,17.42],[98.729,17.424],[98.747,17.443],[98.782,17.464],[98.818,17.474],[98.854,17.469],[98.888,17.447],[98.9,17.431],[98.904,17.416],[98.902,17.403],[98.899,17.394],[98.896,17.387]],[[98.959,17.238],[98.974,17.238]]]}},{"type":"Feature","properties":{"name":"Brahmaputra","scalerank":2,"kind":"River"},"geometry":{"type":"MultiLineString","coordinates":[[[87.66,29.152],[87.676,29.154],[87.688,29.166],[87.668,29.2],[87.668,29.218],[87.684,29.238],[87.693,29.244],[87.71,29.252],[87.718,29.258],[87.727,29.27],[87.742,29.302],[87.776,29.334],[87.818,29.348],[87.907,29.364],[87.964,29.395],[87.985,29.399],[88.041,29.388],[88.09,29.384],[88.105,29.378],[88.129,29.354],[88.149,29.34],[88.169,29.337],[88.187,29.341],[88.201,29.351],[88.205,29.357],[88.208,29.365],[88.213,29.373],[88.221,29.378],[88.234,29.378],[88.242,29.373],[88.248,29.367],[88.26,29.364],[88.271,29.365],[88.291,29.37],[88.301,29.371],[88.307,29.368],[88.318,29.352],[88.325,29.344],[88.343,29.336],[88.363,29.331],[88.403,29.33],[88.425,29.336],[88.47,29.36],[88.496,29.364],[88.558,29.353],[88.631,29.351],[88.832,29.344],[88.843,29.34],[88.852,29.334],[88.861,29.334],[88.873,29.344],[88.912,29.329],[88.946,29.352],[88.979,29.381],[89.016,29.385],[89.023,29.38],[89.047,29.354],[89.056,29.349],[89.066,29.347],[89.123,29.343],[89.133,29.344],[89.143,29.349],[89.157,29.364],[89.167,29.371],[89.187,29.361],[89.205,29.357],[89.246,29.357],[89.256,29.361],[89.275,29.375],[89.281,29.378],[89.364,29.364],[89.397,29.354],[89.431,29.348],[89.476,29.351],[89.544,29.369],[89.568,29.371],[89.661,29.371],[89.695,29.364],[89.764,29.326],[89.812,29.323],[89.928,29.34],[89.99,29.364],[90.014,29.368],[90.075,29.357],[90.138,29.36],[90.286,29.336],[90.325,29.323],[90.381,29.294],[90.397,29.289],[90.402,29.285],[90.418,29.266],[90.422,29.258],[90.427,29.253],[90.44,29.255],[90.463,29.262],[90.546,29.274],[90.582,29.285],[90.7,29.349],[90.74,29.355],[90.757,29.32],[90.765,29.296],[90.781,29.297],[90.808,29.316],[90.819,29.321],[90.839,29.34],[90.85,29.344],[90.891,29.344],[90.906,29.34],[90.938,29.321],[90.96,29.316],[90.969,29.32],[90.98,29.327],[90.99,29.331],[91,29.326],[91.008,29.321],[91.018,29.318],[91.038,29.316],[91.086,29.331],[91.115,29.335],[91.127,29.325],[91.139,29.318],[91.288,29.292],[91.303,29.285],[91.322,29.285],[91.357,29.294],[91.377,29.296],[91.436,29.291],[91.452,29.292],[91.511,29.304],[91.57,29.305],[91.65,29.289],[91.663,29.287],[91.671,29.288],[91.692,29.294],[91.709,29.295],[91.769,29.289],[91.783,29.291],[91.837,29.305],[91.866,29.308],[91.895,29.307],[91.923,29.302],[91.95,29.293],[91.951,29.289],[91.954,29.287],[91.957,29.286],[91.959,29.283],[91.96,29.281],[91.962,29.276],[91.963,29.273],[91.975,29.265],[91.993,29.261],[92.011,29.262],[92.025,29.268],[92.029,29.272],[92.035,29.284],[92.039,29.289],[92.048,29.296],[92.059,29.3],[92.071,29.302],[92.129,29.305],[92.146,29.303],[92.193,29.279],[92.271,29.252],[92.345,29.237],[92.357,29.237],[92.37,29.242],[92.391,29.266],[92.398,29.271],[92.422,29.269],[92.45,29.264],[92.474,29.254],[92.484,29.24],[92.488,29.224],[92.524,29.164],[92.525,29.159],[92.53,29.157],[92.546,29.155],[92.556,29.156],[92.581,29.161],[92.593,29.161],[92.584,29.142],[92.581,29.131],[92.584,29.123],[92.594,29.117],[92.602,29.121],[92.608,29.129],[92.615,29.134],[92.638,29.138],[92.664,29.14],[92.688,29.136],[92.707,29.122],[92.716,29.109],[92.721,29.103],[92.729,29.098],[92.736,29.096],[92.87,29.097],[92.889,29.093],[92.898,29.083],[92.906,29.079],[92.92,29.068],[92.928,29.064],[92.939,29.06],[92.96,29.055],[92.995,29.054],[93.02,29.057],[93.043,29.065],[93.062,29.079],[93.074,29.093],[93.089,29.118],[93.097,29.126],[93.106,29.129],[93.116,29.125],[93.122,29.116],[93.122,29.105],[93.12,29.094],[93.121,29.084],[93.124,29.076],[93.128,29.07],[93.141,29.053],[93.146,29.042],[93.149,29.038],[93.159,29.031],[93.171,29.031],[93.185,29.032],[93.197,29.031],[93.208,29.026],[93.225,29.013],[93.234,29.01],[93.283,29.004],[93.299,29.005],[93.317,29.01],[93.333,29.019],[93.348,29.03],[93.393,29.084],[93.404,29.105],[93.411,29.115],[93.419,29.122],[93.436,29.134],[93.443,29.142],[93.461,29.175],[93.475,29.186],[93.491,29.19],[93.508,29.189],[93.557,29.182],[93.59,29.184],[93.606,29.182],[93.616,29.183],[93.621,29.182],[93.626,29.177],[93.628,29.164],[93.632,29.161],[93.655,29.163],[93.687,29.17],[93.704,29.168],[93.714,29.164],[93.722,29.159],[93.731,29.156],[93.742,29.157],[93.767,29.167],[93.778,29.17],[93.792,29.168],[93.823,29.156],[93.834,29.155],[93.849,29.156],[93.865,29.159],[93.879,29.165],[93.891,29.175],[93.9,29.187],[93.905,29.192],[93.912,29.196],[93.931,29.201],[93.969,29.205],[93.988,29.21],[94.016,29.224],[94.026,29.226],[94.061,29.228],[94.079,29.228],[94.095,29.225],[94.118,29.217],[94.126,29.215],[94.161,29.215],[94.18,29.217],[94.195,29.222],[94.356,29.31]]]}},{"type":"Feature","properties":{"name":"Ghäghara","scalerank":7,"kind":"River"},"geometry":{"type":"MultiLineString","coordinates":[[[80.923,30.552],[80.943,30.544],[80.961,30.543],[81.003,30.546],[81.025,30.542],[81.037,30.531],[81.046,30.515],[81.061,30.497],[81.09,30.477],[81.099,30.464],[81.104,30.4],[81.106,30.39],[81.109,30.383],[81.117,30.368],[81.122,30.36],[81.137,30.347],[81.154,30.333],[81.17,30.319],[81.177,30.302],[81.177,30.26],[81.184,30.24],[81.198,30.224],[81.207,30.218],[81.228,30.209],[81.247,30.197],[81.269,30.178],[81.285,30.168],[81.304,30.16],[81.326,30.156],[81.348,30.155],[81.372,30.159],[81.417,30.172],[81.441,30.175],[81.461,30.169],[81.48,30.154],[81.495,30.136],[81.526,30.085],[81.541,30.071],[81.564,30.066],[81.583,30.064],[81.636,30.045],[81.656,30.042],[81.729,30.045],[81.746,30.037],[81.759,30.018],[81.768,29.995],[81.78,29.977],[81.798,29.963],[81.835,29.951],[81.852,29.939],[81.86,29.927],[81.86,29.918],[81.857,29.91],[81.855,29.898],[81.857,29.889],[81.873,29.852],[81.875,29.85],[81.876,29.847],[81.876,29.839],[81.875,29.834],[81.871,29.831],[81.869,29.826],[81.865,29.819],[81.861,29.812],[81.863,29.807],[81.879,29.805],[81.889,29.803],[81.899,29.796],[81.907,29.788],[81.91,29.782],[81.916,29.779],[81.951,29.779],[81.993,29.764],[82.007,29.758],[82.012,29.753],[82.014,29.747],[82.013,29.733],[82.005,29.719],[81.986,29.704],[81.946,29.682],[81.879,29.656],[81.869,29.644],[81.859,29.626],[81.835,29.622],[81.807,29.623],[81.787,29.62],[81.777,29.613],[81.778,29.608],[81.783,29.602],[81.787,29.592],[81.788,29.571],[81.787,29.556],[81.781,29.534],[81.765,29.521],[81.725,29.498],[81.715,29.484],[81.708,29.468],[81.705,29.448],[81.705,29.425],[81.709,29.402],[81.719,29.383],[81.739,29.353],[81.743,29.312],[81.724,29.281],[81.691,29.256],[81.657,29.237],[81.623,29.227],[81.616,29.223],[81.613,29.215],[81.609,29.188],[81.606,29.182],[81.592,29.174],[81.54,29.119],[81.483,29.083],[81.468,29.079],[81.457,29.071],[81.41,29.024],[81.408,29.003],[81.415,28.981],[81.427,28.963],[81.441,28.956],[81.492,28.887],[81.528,28.853],[81.542,28.832],[81.548,28.808],[81.556,28.793],[81.569,28.781],[81.572,28.77],[81.548,28.756],[81.531,28.751],[81.523,28.749],[81.513,28.75],[81.513,28.756],[81.525,28.765],[81.524,28.771],[81.513,28.777],[81.516,28.808],[81.473,28.852],[81.458,28.881],[81.442,28.898],[81.426,28.904],[81.338,28.894],[81.328,28.897],[81.305,28.911],[81.294,28.915],[81.272,28.916],[81.208,28.908],[81.187,28.913],[81.136,28.949],[81.095,28.967],[81.074,28.974],[81.054,28.976],[81.035,28.972],[81.013,28.96],[80.997,28.947],[80.992,28.935],[81.041,28.89],[81.078,28.863],[81.095,28.854],[81.109,28.857],[81.122,28.864],[81.136,28.866],[81.148,28.856],[81.161,28.83],[81.17,28.832],[81.211,28.812],[81.207,28.824],[81.194,28.847],[81.19,28.859],[81.205,28.852],[81.218,28.841],[81.228,28.826],[81.233,28.793],[81.244,28.762],[81.277,28.697],[81.28,28.679],[81.278,28.658],[81.268,28.623],[81.264,28.586],[81.241,28.491],[81.229,28.465],[81.218,28.407],[81.2,28.381],[81.194,28.367],[81.198,28.352],[81.19,28.346],[81.198,28.339],[81.19,28.331],[81.172,28.317],[81.163,28.311],[81.149,28.322],[81.124,28.335],[81.099,28.339],[81.088,28.322],[81.085,28.311],[81.071,28.284],[81.067,28.27],[81.065,28.254],[81.067,28.245],[81.115,28.192],[81.127,28.172],[81.136,28.148],[81.132,28.123],[81.134,28.111],[81.146,28.106],[81.16,28.103],[81.171,28.095],[81.179,28.083],[81.184,28.071],[81.172,28.065],[81.163,28.056],[81.158,28.044],[81.156,28.027],[81.164,28.02],[81.214,28],[81.222,27.988],[81.23,27.96],[81.239,27.948],[81.253,27.942],[81.271,27.938],[81.289,27.933],[81.3,27.92],[81.3,27.904],[81.291,27.896],[81.278,27.889],[81.273,27.876],[81.275,27.868],[81.284,27.853],[81.286,27.846],[81.284,27.837],[81.28,27.83],[81.275,27.825],[81.273,27.821],[81.275,27.807],[81.281,27.783],[81.28,27.77],[81.268,27.74],[81.26,27.725],[81.252,27.715],[81.273,27.704],[81.293,27.687],[81.308,27.666],[81.314,27.644],[81.311,27.623],[81.299,27.582],[81.3,27.558],[81.307,27.539],[81.332,27.495],[81.345,27.479],[81.349,27.471],[81.355,27.446],[81.359,27.441],[81.389,27.421],[81.396,27.414],[81.403,27.394],[81.405,27.371],[81.404,27.328],[81.414,27.31],[81.435,27.298],[81.455,27.283],[81.458,27.256],[81.452,27.246],[81.434,27.23],[81.43,27.222],[81.435,27.211],[81.454,27.197],[81.458,27.184],[81.455,27.165],[81.45,27.153],[81.449,27.142],[81.458,27.125],[81.476,27.106],[81.479,27.099],[81.479,27.087],[81.476,27.082],[81.475,27.077],[81.482,27.067],[81.501,27.059],[81.524,27.06],[81.547,27.064],[81.568,27.064],[81.607,27.047],[81.697,26.961],[81.719,26.948],[81.725,26.941],[81.73,26.929],[81.733,26.918],[81.738,26.91],[81.787,26.897],[81.789,26.881],[81.793,26.874],[81.799,26.868],[81.808,26.858],[81.83,26.821],[81.844,26.808],[81.866,26.803],[81.914,26.803],[81.919,26.801],[81.935,26.793],[81.946,26.79],[81.969,26.789],[81.986,26.794],[82.013,26.811],[82.047,26.825],[82.077,26.846],[82.082,26.848],[82.094,26.853],[82.122,26.847],[82.187,26.819],[82.209,26.82],[82.23,26.816],[82.247,26.797],[82.24,26.791],[82.232,26.776],[82.225,26.77],[82.241,26.756],[82.28,26.744],[82.305,26.727],[82.325,26.717],[82.328,26.712],[82.332,26.703],[82.355,26.674],[82.393,26.656],[82.419,26.648],[82.435,26.65],[82.455,26.661],[82.476,26.659],[82.551,26.62],[82.572,26.614],[82.592,26.611],[82.633,26.615],[82.649,26.614],[82.664,26.605],[82.679,26.588],[82.689,26.572],[82.703,26.561],[82.73,26.557],[82.749,26.562],[82.769,26.571],[82.79,26.579],[82.814,26.578],[82.88,26.536],[82.921,26.523],[83.004,26.476],[83.013,26.47],[83.031,26.451],[83.062,26.41],[83.077,26.4],[83.111,26.389],[83.148,26.383],[83.171,26.386],[83.185,26.38],[83.23,26.376],[83.24,26.369],[83.252,26.362],[83.323,26.352],[83.359,26.328],[83.429,26.271],[83.466,26.263],[83.477,26.265],[83.496,26.274],[83.507,26.276],[83.52,26.276],[83.54,26.27],[83.551,26.269],[83.708,26.268],[83.741,26.263],[83.775,26.249],[83.827,26.201],[83.846,26.194],[83.862,26.185],[83.882,26.141],[83.897,26.125],[83.915,26.122],[83.988,26.118],[83.997,26.117],[84.001,26.115],[84.039,26.096],[84.055,26.091],[84.063,26.091],[84.084,26.092],[84.096,26.091],[84.108,26.087],[84.13,26.074],[84.141,26.071],[84.15,26.066],[84.16,26.055],[84.168,26.043],[84.176,26.023],[84.185,26.02],[84.196,26.02],[84.206,26.015],[84.211,26.007],[84.22,25.974],[84.226,25.964],[84.23,25.957],[84.244,25.944],[84.261,25.931],[84.28,25.927],[84.298,25.929],[84.333,25.939],[84.345,25.94],[84.374,25.94],[84.384,25.935],[84.396,25.924],[84.407,25.909],[84.412,25.896],[84.42,25.89],[84.457,25.87],[84.47,25.866],[84.502,25.868],[84.52,25.867],[84.532,25.862],[84.605,25.8],[84.611,25.792],[84.623,25.759],[84.631,25.745],[84.642,25.734],[84.658,25.728],[84.672,25.73],[84.701,25.742],[84.713,25.742]]]}},{"type":"Feature","properties":{"name":"Chindwin","scalerank":7,"kind":"River"},"geometry":{"type":"MultiLineString","coordinates":[[[96.903,25.632],[96.897,25.67],[96.894,25.675],[96.887,25.682],[96.88,25.692],[96.877,25.704],[96.88,25.713],[96.894,25.723],[96.897,25.732],[96.898,25.796],[96.901,25.814],[96.908,25.832],[96.918,25.852],[96.955,25.929],[96.972,25.935],[96.979,25.94],[96.987,25.951],[97,25.981],[97.017,26.012],[97.02,26.029],[97.013,26.05],[97.027,26.063],[97.035,26.074],[97.057,26.126],[97.061,26.14],[97.062,26.177],[97.053,26.191],[97.014,26.228],[96.993,26.241],[96.958,26.293],[96.953,26.298],[96.945,26.303],[96.94,26.305],[96.921,26.303],[96.916,26.306],[96.913,26.31],[96.912,26.315],[96.911,26.317],[96.858,26.33],[96.849,26.334],[96.845,26.346],[96.834,26.36],[96.82,26.373],[96.804,26.379],[96.794,26.375],[96.783,26.368],[96.773,26.364],[96.763,26.369],[96.745,26.384],[96.739,26.393],[96.733,26.385],[96.722,26.378],[96.71,26.373],[96.699,26.372],[96.686,26.377],[96.672,26.39],[96.661,26.393],[96.635,26.393],[96.624,26.396],[96.602,26.411],[96.58,26.414],[96.568,26.42],[96.541,26.45],[96.516,26.487],[96.487,26.51],[96.452,26.496],[96.444,26.506],[96.435,26.51],[96.414,26.509],[96.404,26.512],[96.406,26.52],[96.414,26.53],[96.417,26.54],[96.414,26.551],[96.405,26.55],[96.394,26.546],[96.383,26.544],[96.368,26.546],[96.361,26.548],[96.341,26.575],[96.338,26.581],[96.335,26.584],[96.325,26.585],[96.298,26.581],[96.286,26.583],[96.291,26.595],[96.303,26.617],[96.301,26.637],[96.287,26.647],[96.266,26.639],[96.271,26.634],[96.28,26.619],[96.263,26.615],[96.258,26.6],[96.251,26.588],[96.226,26.591],[96.248,26.54],[96.255,26.512],[96.246,26.482],[96.244,26.487],[96.242,26.491],[96.24,26.495],[96.239,26.502],[96.232,26.502],[96.231,26.42],[96.224,26.382],[96.205,26.359],[96.194,26.357],[96.168,26.361],[96.157,26.359],[96.151,26.352],[96.144,26.34],[96.142,26.329],[96.147,26.324],[96.157,26.321],[96.175,26.307],[96.186,26.3],[96.178,26.294],[96.157,26.283],[96.13,26.28],[96.091,26.29],[96.062,26.275],[96.052,26.276],[96.044,26.275],[96.041,26.266],[96.039,26.256],[96.02,26.212],[96.009,26.195],[95.993,26.18],[95.954,26.165],[95.939,26.145],[95.917,26.105],[95.91,26.099],[95.9,26.094],[95.891,26.087],[95.883,26.077],[95.881,26.065],[95.884,26.037],[95.88,26.026],[95.862,26.015],[95.84,26.014],[95.822,26.024],[95.808,26.069],[95.793,26.059],[95.775,26.037],[95.759,26.022],[95.746,26.023],[95.732,26.028],[95.719,26.031],[95.708,26.026],[95.704,26.016],[95.709,25.995],[95.704,25.981],[95.686,26.012],[95.675,26.02],[95.657,26.015],[95.642,26],[95.639,25.983],[95.64,25.967],[95.636,25.954],[95.623,25.948],[95.61,25.948],[95.598,25.947],[95.589,25.934],[95.589,25.924],[95.594,25.903],[95.596,25.899],[95.591,25.894],[95.575,25.885],[95.568,25.879],[95.581,25.869],[95.578,25.853],[95.564,25.837],[95.538,25.829],[95.53,25.824],[95.523,25.816],[95.52,25.807],[95.519,25.792],[95.516,25.785],[95.445,25.746],[95.437,25.732],[95.433,25.711],[95.423,25.696],[95.416,25.681],[95.417,25.659],[95.423,25.649],[95.44,25.629],[95.445,25.618],[95.444,25.608],[95.434,25.597],[95.425,25.564],[95.424,25.553],[95.421,25.544],[95.414,25.541],[95.405,25.54],[95.396,25.536],[95.382,25.525],[95.383,25.521],[95.383,25.464],[95.377,25.425],[95.37,25.402],[95.362,25.385],[95.346,25.377],[95.297,25.363],[95.287,25.355],[95.287,25.335],[95.284,25.322],[95.273,25.313],[95.223,25.288],[95.218,25.283],[95.2,25.254],[95.201,25.248],[95.153,25.259],[95.136,25.255],[95.121,25.244],[95.112,25.233],[95.101,25.224],[95.077,25.22],[95.074,25.216],[95.068,25.192],[95.066,25.169],[95.062,25.16],[95.051,25.14],[95.043,25.135],[95.04,25.132],[95.04,25.126],[95.043,25.119],[95.048,25.111],[95.043,25.102],[95.037,25.093],[95.03,25.086],[94.999,25.077],[94.987,25.061],[94.976,24.988],[94.972,24.981],[94.949,24.986],[94.934,24.965],[94.922,24.939],[94.907,24.926],[94.897,24.923],[94.882,24.908],[94.861,24.901],[94.863,24.892],[94.871,24.882],[94.876,24.878],[94.916,24.86],[94.936,24.844],[94.934,24.827],[94.924,24.818],[94.916,24.813],[94.906,24.811],[94.893,24.81],[94.879,24.806],[94.877,24.797],[94.879,24.786],[94.876,24.775],[94.846,24.759],[94.766,24.743],[94.738,24.727],[94.717,24.693],[94.698,24.65],[94.685,24.605],[94.684,24.57],[94.691,24.553],[94.703,24.544],[94.717,24.536],[94.732,24.523],[94.718,24.513],[94.723,24.495],[94.732,24.475],[94.729,24.457],[94.709,24.432],[94.715,24.425],[94.736,24.424],[94.76,24.419],[94.767,24.413],[94.793,24.362],[94.8,24.352],[94.811,24.341],[94.823,24.325],[94.827,24.308],[94.823,24.29],[94.807,24.275],[94.786,24.27],[94.734,24.272],[94.714,24.265],[94.699,24.254],[94.693,24.247],[94.69,24.238],[94.698,24.193],[94.686,24.176],[94.665,24.159],[94.645,24.151],[94.636,24.162],[94.626,24.18],[94.607,24.184],[94.591,24.172],[94.594,24.145],[94.6,24.139],[94.606,24.135],[94.612,24.129],[94.615,24.117],[94.613,24.11],[94.604,24.098],[94.601,24.086],[94.607,24.066],[94.605,24.059],[94.591,24.056],[94.582,24.052],[94.559,24.033],[94.553,24.028],[94.561,24.002],[94.624,23.961],[94.622,23.933],[94.61,23.921],[94.593,23.913],[94.573,23.907],[94.54,23.904],[94.529,23.9],[94.517,23.894],[94.509,23.888],[94.506,23.877],[94.514,23.866],[94.532,23.851],[94.542,23.838],[94.543,23.832],[94.54,23.823],[94.532,23.815],[94.51,23.803],[94.506,23.799],[94.497,23.788],[94.444,23.747],[94.434,23.735],[94.426,23.724],[94.421,23.712],[94.419,23.7],[94.419,23.674],[94.428,23.617],[94.431,23.562],[94.428,23.543],[94.421,23.527],[94.407,23.511],[94.39,23.499],[94.384,23.493],[94.382,23.484],[94.378,23.477],[94.357,23.472],[94.348,23.467],[94.338,23.452],[94.328,23.431],[94.322,23.409],[94.321,23.391],[94.324,23.385],[94.341,23.357],[94.342,23.346],[94.34,23.337],[94.344,23.332],[94.365,23.33],[94.37,23.314],[94.307,23.212],[94.335,23.194],[94.347,23.115],[94.365,23.097],[94.384,23.092],[94.406,23.079],[94.425,23.064],[94.437,23.049],[94.441,23.029],[94.434,23.012],[94.418,22.998],[94.396,22.987],[94.393,22.991],[94.385,22.997],[94.376,23.001],[94.369,23],[94.363,22.989],[94.366,22.979],[94.385,22.948],[94.407,22.943],[94.451,22.946],[94.475,22.944],[94.496,22.937],[94.512,22.923],[94.519,22.901],[94.528,22.888],[94.55,22.885],[94.575,22.886],[94.594,22.89],[94.6,22.893],[94.609,22.902],[94.615,22.905],[94.62,22.905],[94.631,22.904],[94.655,22.908],[94.661,22.911],[94.663,22.922],[94.663,22.948],[94.666,22.97],[94.678,22.983],[94.705,22.987],[94.728,22.98],[94.74,22.966],[94.745,22.946],[94.745,22.922],[94.744,22.916],[94.74,22.912],[94.738,22.907],[94.742,22.901],[94.758,22.886],[94.76,22.881],[94.759,22.868],[94.757,22.858],[94.752,22.851],[94.745,22.843],[94.703,22.811],[94.69,22.795],[94.729,22.726],[94.747,22.724],[94.764,22.715],[94.776,22.701],[94.78,22.679],[94.766,22.643],[94.761,22.621],[94.779,22.6],[94.807,22.541],[94.813,22.495],[94.819,22.47],[94.831,22.46],[94.846,22.456],[94.904,22.425],[94.91,22.418],[94.914,22.41],[94.92,22.403],[94.93,22.397],[94.976,22.397],[94.982,22.394],[94.988,22.386],[94.991,22.376],[94.995,22.352],[95.001,22.344],[95.02,22.329],[95.03,22.311],[95.041,22.268],[95.051,22.25],[95.065,22.231],[95.072,22.216],[95.081,22.178],[95.119,22.111],[95.135,22.073],[95.136,22.028],[95.13,21.99],[95.129,21.948],[95.131,21.926],[95.147,21.84],[95.152,21.823],[95.16,21.81],[95.189,21.78],[95.207,21.746],[95.218,21.733],[95.234,21.721],[95.243,21.712],[95.245,21.699],[95.246,21.675],[95.25,21.654],[95.269,21.622],[95.273,21.599],[95.271,21.579],[95.261,21.547],[95.259,21.527],[95.273,21.445]]]}},{"type":"Feature","properties":{"name":"Sapt","scalerank":7,"kind":"River"},"geometry":{"type":"MultiLineString","coordinates":[[[85.755,28.552],[85.751,28.575],[85.727,28.633],[85.741,28.652],[85.763,28.674],[85.789,28.687],[85.813,28.679],[85.832,28.669],[85.856,28.67],[85.881,28.675],[85.906,28.675],[85.948,28.665],[86.011,28.652],[86.044,28.65],[86.077,28.654],[86.103,28.662],[86.122,28.675],[86.134,28.694],[86.14,28.733],[86.147,28.745],[86.156,28.753],[86.185,28.76],[86.195,28.77],[86.204,28.781],[86.213,28.791],[86.239,28.804],[86.262,28.808],[86.329,28.803],[86.354,28.798],[86.379,28.789],[86.399,28.777],[86.413,28.758],[86.419,28.736],[86.419,28.692],[86.427,28.67],[86.446,28.643],[86.471,28.62],[86.495,28.606],[86.52,28.605],[86.56,28.622],[86.58,28.627],[86.642,28.627],[86.65,28.625],[86.652,28.621],[86.654,28.616],[86.66,28.613],[86.751,28.606],[86.761,28.608],[86.78,28.618],[86.792,28.62],[86.805,28.619],[86.826,28.609],[86.837,28.606],[86.859,28.607],[86.882,28.611],[86.904,28.612],[86.923,28.602],[86.932,28.6],[86.98,28.598],[86.997,28.594],[87.008,28.593],[87.036,28.594],[87.066,28.6],[87.095,28.608],[87.118,28.62],[87.181,28.599],[87.222,28.614],[87.273,28.612],[87.324,28.6],[87.365,28.585],[87.393,28.57],[87.418,28.552],[87.464,28.507],[87.475,28.502],[87.512,28.5],[87.522,28.492],[87.557,28.475],[87.579,28.461],[87.605,28.441],[87.615,28.422],[87.563,28.407],[87.468,28.338],[87.465,28.332],[87.461,28.319],[87.455,28.282],[87.451,28.274],[87.432,28.268],[87.38,28.272],[87.358,28.264],[87.349,28.248],[87.333,28.199],[87.331,28.184],[87.334,28.173],[87.34,28.163],[87.345,28.154],[87.337,28.132],[87.344,28.121],[87.365,28.099],[87.37,28.09],[87.376,28.068],[87.378,28.058],[87.377,28.054],[87.372,28.044],[87.372,28.038],[87.375,28.031],[87.384,28.019],[87.386,28.013],[87.384,28],[87.374,27.978],[87.372,27.965],[87.374,27.959],[87.384,27.949],[87.386,27.941],[87.383,27.935],[87.373,27.919],[87.372,27.914],[87.378,27.904],[87.404,27.884],[87.413,27.873],[87.417,27.86],[87.419,27.831],[87.423,27.821],[87.444,27.792],[87.443,27.774],[87.424,27.764],[87.392,27.756],[87.368,27.755],[87.363,27.75],[87.358,27.736],[87.37,27.709],[87.372,27.69],[87.361,27.681],[87.331,27.599],[87.312,27.582],[87.281,27.578],[87.247,27.554],[87.215,27.537],[87.208,27.527],[87.204,27.513],[87.192,27.504],[87.167,27.49],[87.149,27.472],[87.14,27.456],[87.141,27.438],[87.149,27.414],[87.166,27.392],[87.188,27.372],[87.202,27.351],[87.194,27.324],[87.212,27.308],[87.214,27.248],[87.239,27.235],[87.247,27.224],[87.272,27.171],[87.276,27.153],[87.269,27.143],[87.217,27.098],[87.206,27.091],[87.197,27.082],[87.194,27.067],[87.195,27.056],[87.2,27.038],[87.201,27.027],[87.197,27.012],[87.188,27.002],[87.177,26.994],[87.167,26.982],[87.163,26.956],[87.175,26.903],[87.17,26.883],[87.166,26.876],[87.161,26.855],[87.16,26.848],[87.154,26.837],[87.14,26.826],[87.112,26.811],[87.042,26.744],[87.02,26.735],[87.004,26.723],[86.981,26.639],[86.967,26.617],[86.961,26.605],[86.964,26.595],[86.968,26.588],[86.969,26.577],[86.969,26.565],[86.968,26.557],[86.96,26.546],[86.938,26.528],[86.933,26.516],[86.931,26.504],[86.926,26.497],[86.864,26.461],[86.755,26.365],[86.738,26.366],[86.714,26.358],[86.691,26.345],[86.677,26.334],[86.665,26.329],[86.65,26.325],[86.637,26.318],[86.632,26.307],[86.626,26.295],[86.591,26.263],[86.549,26.206],[86.543,26.19],[86.539,26.169],[86.528,26.154],[86.462,26.091],[86.446,26.069],[86.435,26.025],[86.418,25.99],[86.419,25.967],[86.423,25.962],[86.435,25.949],[86.44,25.94],[86.439,25.93],[86.437,25.92],[86.436,25.908],[86.443,25.896],[86.453,25.874],[86.444,25.854],[86.429,25.833],[86.419,25.811],[86.422,25.795],[86.432,25.786],[86.444,25.779],[86.454,25.769],[86.458,25.757],[86.462,25.733],[86.467,25.721],[86.495,25.701],[86.524,25.674],[86.567,25.643],[86.592,25.63],[86.637,25.634],[86.66,25.626],[86.665,25.619],[86.68,25.591],[86.704,25.565],[86.718,25.553],[86.734,25.543],[86.729,25.528],[86.742,25.523],[86.76,25.519],[86.769,25.505],[86.773,25.493],[86.783,25.482],[86.797,25.474],[86.81,25.467],[86.822,25.464],[86.838,25.461],[86.853,25.462],[86.861,25.468],[86.868,25.475],[86.874,25.474],[86.881,25.47],[86.889,25.467],[86.895,25.47],[86.908,25.479],[86.916,25.481],[86.929,25.48],[86.974,25.467],[86.99,25.459],[87.023,25.432],[87.036,25.426],[87.054,25.429],[87.099,25.447],[87.187,25.461],[87.224,25.443],[87.26,25.434],[87.296,25.439],[87.32,25.453],[87.332,25.456],[87.474,25.425],[87.488,25.42],[87.516,25.411],[87.541,25.395],[87.545,25.394],[87.553,25.384],[87.557,25.385],[87.568,25.376],[87.582,25.372],[87.608,25.371],[87.614,25.364],[87.632,25.331],[87.643,25.324],[87.674,25.317],[87.707,25.3],[87.735,25.276],[87.758,25.244]]]}},{"type":"Feature","properties":{"name":"Dihang","scalerank":2,"kind":"River"},"geometry":{"type":"MultiLineString","coordinates":[[[94.356,29.31],[94.417,29.354],[94.425,29.362],[94.445,29.393],[94.463,29.412],[94.483,29.428],[94.502,29.439],[94.541,29.448],[94.552,29.455],[94.573,29.476],[94.582,29.482],[94.596,29.486],[94.628,29.49],[94.655,29.489],[94.664,29.486],[94.672,29.482],[94.681,29.475],[94.707,29.464],[94.731,29.47],[94.754,29.48],[94.78,29.485],[94.795,29.485],[94.807,29.486],[94.817,29.492],[94.836,29.511],[94.843,29.517],[94.862,29.528],[94.875,29.541],[94.924,29.61],[94.926,29.622],[94.913,29.627],[94.886,29.633],[94.89,29.646],[94.917,29.669],[94.911,29.684],[94.899,29.69],[94.892,29.697],[94.904,29.716],[94.955,29.757],[94.969,29.758],[94.996,29.764],[95.066,29.766],[95.085,29.764],[95.106,29.759],[95.116,29.759],[95.125,29.764],[95.127,29.774],[95.124,29.782],[95.118,29.79],[95.1,29.801],[95.094,29.807],[95.092,29.814],[95.108,29.858],[95.113,29.868],[95.129,29.88],[95.151,29.889],[95.175,29.894],[95.195,29.893],[95.207,29.874],[95.224,29.867],[95.245,29.866],[95.276,29.868],[95.286,29.867],[95.296,29.863],[95.304,29.857],[95.307,29.85],[95.308,29.844],[95.306,29.837],[95.302,29.831],[95.298,29.828],[95.287,29.822],[95.284,29.819],[95.288,29.811],[95.299,29.805],[95.369,29.784],[95.384,29.771],[95.386,29.744],[95.38,29.724],[95.38,29.717],[95.382,29.711],[95.391,29.701],[95.394,29.696],[95.396,29.688],[95.396,29.68],[95.393,29.657],[95.394,29.635],[95.389,29.607],[95.388,29.595],[95.393,29.58],[95.402,29.563],[95.406,29.558],[95.422,29.544],[95.426,29.537],[95.428,29.529],[95.429,29.506],[95.431,29.499],[95.437,29.486],[95.439,29.479],[95.437,29.464],[95.429,29.451],[95.316,29.337],[95.313,29.33],[95.255,29.288],[95.242,29.285],[95.215,29.282],[95.202,29.279],[95.155,29.252],[95.112,29.219],[95.101,29.212],[95.065,29.196],[95.054,29.188],[95.048,29.18],[95.044,29.177],[95.039,29.174],[95.032,29.173],[95.018,29.174],[95.011,29.174],[95.001,29.168],[95,29.16],[95.003,29.15],[95.003,29.139],[94.998,29.13],[94.97,29.111],[94.935,29.072],[94.917,29.059],[94.909,29.051],[94.905,29.041],[94.905,29.036],[94.907,29.032],[94.907,29.027],[94.905,29.021],[94.901,29.017],[94.87,28.998],[94.863,28.992],[94.857,28.985],[94.843,28.961],[94.838,28.956],[94.831,28.95],[94.817,28.943],[94.806,28.94],[94.796,28.939],[94.789,28.935],[94.783,28.924],[94.78,28.9],[94.779,28.875],[94.773,28.854],[94.775,28.846],[94.785,28.842],[94.785,28.833],[94.788,28.827],[94.793,28.824],[94.9,28.825],[94.915,28.821],[94.924,28.812],[94.924,28.806],[94.922,28.804],[94.919,28.802],[94.916,28.799],[94.914,28.796],[94.913,28.793],[94.912,28.79],[94.914,28.774],[94.917,28.763],[94.921,28.753],[94.927,28.743],[94.938,28.733],[94.965,28.721],[94.976,28.712],[94.978,28.705],[94.977,28.69],[94.977,28.683],[94.983,28.675],[94.99,28.675],[94.997,28.679],[94.999,28.682],[95.021,28.631],[95.032,28.616],[95.079,28.567],[95.098,28.539],[95.104,28.507],[95.099,28.488],[95.094,28.472],[95.09,28.456],[95.096,28.418],[95.092,28.406],[95.013,28.327],[95,28.309],[94.993,28.286],[94.989,28.259],[94.99,28.251],[94.993,28.243],[94.998,28.237],[95.01,28.226],[95.019,28.215],[95.025,28.202],[95.032,28.174],[95.037,28.172],[95.052,28.161],[95.066,28.156],[95.099,28.149],[95.13,28.148],[95.145,28.15],[95.16,28.155],[95.173,28.164],[95.183,28.171],[95.191,28.176],[95.2,28.178],[95.212,28.178],[95.227,28.177],[95.241,28.173],[95.255,28.168],[95.268,28.161],[95.276,28.155],[95.281,28.149],[95.285,28.142],[95.289,28.123],[95.293,28.115],[95.306,28.098],[95.316,28.089],[95.329,28.082],[95.355,28.071],[95.377,28.066],[95.384,28.063],[95.393,28.054],[95.397,28.045],[95.398,28.032],[95.396,28.003]]]}},{"type":"Feature","properties":{"name":"Mamas","scalerank":7,"kind":"River"},"geometry":{"type":"MultiLineString","coordinates":[[[91.777,28.292],[91.776,28.098],[91.778,28.084],[91.792,28.043],[91.797,28.013],[91.802,27.999],[91.808,27.991],[91.821,27.977],[91.826,27.968],[91.828,27.959],[91.829,27.95],[91.828,27.94],[91.82,27.91],[91.811,27.89],[91.8,27.872],[91.787,27.856],[91.758,27.822],[91.748,27.802],[91.741,27.78],[91.742,27.761],[91.753,27.726],[91.751,27.708],[91.747,27.702],[91.737,27.69],[91.733,27.684],[91.73,27.677],[91.725,27.654],[91.696,27.593],[91.691,27.568],[91.685,27.516],[91.673,27.496],[91.658,27.485],[91.625,27.47],[91.609,27.46],[91.58,27.433],[91.567,27.417],[91.558,27.399],[91.557,27.39],[91.559,27.37],[91.557,27.359],[91.529,27.322],[91.431,27.277],[91.392,27.243],[91.385,27.226],[91.382,27.175],[91.377,27.153],[91.369,27.129],[91.358,27.106],[91.345,27.088],[91.325,27.073],[91.258,27.046],[91.237,27.031],[91.22,27.013],[91.192,26.969],[91.173,26.906],[91.162,26.89],[91.145,26.884],[91.025,26.879],[90.975,26.866],[90.945,26.838],[90.958,26.788],[90.955,26.786],[90.952,26.784],[90.946,26.782],[90.937,26.778],[90.93,26.772],[90.92,26.754],[90.908,26.728],[90.907,26.705],[90.915,26.654],[90.911,26.64],[90.89,26.61],[90.882,26.595],[90.859,26.512],[90.853,26.501],[90.846,26.492],[90.841,26.483],[90.839,26.469],[90.841,26.459],[90.853,26.439],[90.856,26.43],[90.856,26.419],[90.855,26.418],[90.85,26.417],[90.84,26.409],[90.823,26.385],[90.809,26.361],[90.803,26.34],[90.799,26.331],[90.79,26.324],[90.777,26.321],[90.75,26.319],[90.74,26.312],[90.734,26.3],[90.731,26.275],[90.723,26.264],[90.712,26.259],[90.677,26.251],[90.668,26.248],[90.661,26.243],[90.656,26.236],[90.654,26.227],[90.656,26.208],[90.655,26.199],[90.649,26.193]]]}},{"type":"Feature","properties":{"name":"Buh","scalerank":7,"kind":"River"},"geometry":{"type":"MultiLineString","coordinates":[[[98.798,37.991],[98.795,37.981],[98.799,37.97],[98.813,37.954],[98.816,37.943],[98.814,37.918],[98.807,37.898],[98.75,37.813],[98.737,37.799],[98.725,37.782],[98.708,37.743],[98.693,37.727],[98.676,37.721],[98.631,37.717],[98.614,37.71],[98.599,37.693],[98.6,37.68],[98.642,37.642],[98.645,37.639],[98.647,37.631],[98.646,37.625],[98.645,37.621],[98.645,37.617],[98.657,37.583],[98.658,37.573],[98.661,37.562],[98.675,37.545],[98.679,37.539],[98.679,37.494],[98.683,37.479],[98.691,37.461],[98.703,37.446],[98.726,37.435],[98.744,37.416],[98.751,37.411],[98.762,37.41],[98.795,37.398],[98.966,37.364]]]}},{"type":"Feature","properties":{"name":"Brahmaputra","scalerank":2,"kind":"River"},"geometry":{"type":"MultiLineString","coordinates":[[[95.396,28.003],[95.402,27.972],[95.419,27.942],[95.441,27.916],[95.462,27.897],[95.472,27.871],[95.459,27.844],[95.437,27.825],[95.417,27.825],[95.403,27.809],[95.383,27.794],[95.36,27.782],[95.338,27.777],[95.33,27.772],[95.293,27.743],[95.254,27.73],[95.218,27.725],[95.149,27.701],[95.108,27.697],[95.098,27.691],[95.091,27.679],[95.086,27.653],[95.081,27.64],[95.093,27.651],[95.104,27.667],[95.117,27.681],[95.136,27.688],[95.144,27.68],[95.148,27.664],[95.147,27.644],[95.139,27.63],[95.102,27.61],[95.025,27.607],[94.992,27.599],[94.955,27.575],[94.944,27.569],[94.933,27.57],[94.923,27.572],[94.917,27.572],[94.906,27.562],[94.881,27.529],[94.876,27.52],[94.868,27.503],[94.851,27.501],[94.831,27.503],[94.818,27.5],[94.762,27.458],[94.752,27.449],[94.769,27.435],[94.758,27.419],[94.721,27.397],[94.703,27.382],[94.667,27.364],[94.65,27.352],[94.655,27.349],[94.665,27.341],[94.67,27.339],[94.667,27.335],[94.666,27.331],[94.664,27.328],[94.663,27.324],[94.646,27.328],[94.632,27.316],[94.621,27.296],[94.615,27.277],[94.623,27.287],[94.635,27.299],[94.648,27.308],[94.663,27.311],[94.681,27.306],[94.684,27.295],[94.677,27.282],[94.663,27.27],[94.658,27.27],[94.654,27.272],[94.648,27.273],[94.632,27.261],[94.62,27.254],[94.615,27.249],[94.608,27.237],[94.601,27.194],[94.593,27.2],[94.588,27.208],[94.586,27.217],[94.588,27.229],[94.571,27.218],[94.565,27.197],[94.566,27.15],[94.566,27.14],[94.56,27.116],[94.555,27.101],[94.542,27.1],[94.519,27.106],[94.501,27.097],[94.471,27.07],[94.455,27.064],[94.448,27.059],[94.445,27.049],[94.444,27.027],[94.441,27.017],[94.432,27.008],[94.417,26.996],[94.406,26.985],[94.4,26.981],[94.389,26.976],[94.359,26.97],[94.351,26.965],[94.325,26.939],[94.308,26.928],[94.287,26.92],[94.265,26.919],[94.208,26.927],[94.197,26.924],[94.184,26.917],[94.174,26.907],[94.169,26.897],[94.165,26.897],[94.155,26.883],[94.148,26.869],[94.149,26.866],[94.144,26.862],[94.122,26.852],[94.121,26.855],[94.122,26.866],[94.115,26.858],[94.113,26.869],[94.119,26.883],[94.135,26.907],[94.113,26.912],[94.093,26.902],[94.076,26.887],[94.063,26.879],[94.044,26.876],[94.009,26.858],[93.991,26.852],[93.946,26.842],[93.927,26.832],[93.907,26.814],[93.878,26.779],[93.863,26.766],[93.841,26.756],[93.764,26.74],[93.752,26.732],[93.657,26.715],[93.636,26.718],[93.617,26.725],[93.599,26.734],[93.584,26.746],[93.568,26.752],[93.505,26.756],[93.463,26.767],[93.44,26.768],[93.416,26.762],[93.411,26.76],[93.407,26.756],[93.377,26.723],[93.368,26.718],[93.358,26.718],[93.346,26.723],[93.326,26.735],[93.313,26.74],[93.3,26.742],[93.287,26.741],[93.274,26.737],[93.248,26.724],[93.183,26.674],[93.142,26.655],[93.119,26.647],[93.104,26.65],[93.087,26.656],[93.063,26.655],[93.019,26.646],[92.898,26.654],[92.884,26.651],[92.881,26.644],[92.88,26.635],[92.875,26.626],[92.854,26.612],[92.834,26.608],[92.733,26.614],[92.711,26.611],[92.676,26.6],[92.657,26.591],[92.649,26.581],[92.645,26.569],[92.623,26.533],[92.615,26.523],[92.595,26.518],[92.508,26.516],[92.479,26.519],[92.43,26.535],[92.402,26.536],[92.391,26.533],[92.353,26.516],[92.325,26.508],[92.314,26.503],[92.302,26.492],[92.293,26.488],[92.255,26.475],[92.25,26.474],[92.245,26.472],[92.241,26.468],[92.237,26.464],[92.234,26.458],[92.232,26.453],[92.231,26.447],[92.23,26.441],[92.225,26.441],[92.203,26.455],[92.173,26.443],[92.124,26.403],[92.11,26.395],[92.076,26.38],[92.066,26.372],[92.063,26.359],[92.069,26.326],[92.066,26.31],[92.057,26.303],[92.041,26.297],[92.022,26.292],[92.008,26.29],[91.997,26.287],[91.971,26.272],[91.953,26.269],[91.934,26.27],[91.925,26.268],[91.916,26.263],[91.912,26.259],[91.903,26.246],[91.898,26.242],[91.891,26.239],[91.884,26.237],[91.878,26.235],[91.87,26.236],[91.854,26.24],[91.846,26.239],[91.692,26.172],[91.665,26.166],[91.619,26.171],[91.607,26.171],[91.595,26.167],[91.542,26.145],[91.529,26.141],[91.498,26.14],[91.391,26.17],[91.376,26.172],[91.36,26.172],[91.33,26.164],[91.316,26.162],[91.303,26.163],[91.288,26.166],[91.275,26.17],[91.25,26.183],[91.198,26.203],[91.136,26.214],[91.12,26.212],[91.062,26.187],[91.03,26.18],[90.964,26.174],[90.933,26.163],[90.903,26.143],[90.887,26.135],[90.869,26.131],[90.85,26.13],[90.84,26.132],[90.831,26.135],[90.825,26.139],[90.814,26.149],[90.807,26.154],[90.794,26.158],[90.752,26.16],[90.74,26.163],[90.728,26.168],[90.706,26.18],[90.682,26.19],[90.583,26.205],[90.507,26.229],[90.49,26.229],[90.474,26.225],[90.46,26.215],[90.434,26.178],[90.421,26.168],[90.403,26.161],[90.365,26.155],[90.346,26.148],[90.308,26.125],[90.294,26.12],[90.242,26.113],[90.226,26.106],[90.196,26.084],[90.177,26.077],[90.136,26.068],[90.045,26.034],[89.975,26.019],[89.954,26.011],[89.937,25.994],[89.904,25.942],[89.89,25.926],[89.859,25.902],[89.846,25.889],[89.836,25.871],[89.813,25.816],[89.745,25.709],[89.737,25.692],[89.723,25.631],[89.705,25.593],[89.698,25.573],[89.697,25.551],[89.707,25.506],[89.708,25.483],[89.698,25.439],[89.699,25.417],[89.697,25.399],[89.691,25.382],[89.675,25.349],[89.671,25.324],[89.678,25.305],[89.691,25.287],[89.701,25.266],[89.703,25.242],[89.697,25.22],[89.685,25.2],[89.663,25.173],[89.658,25.164],[89.65,25.131],[89.626,25.075],[89.613,24.96],[89.613,24.948],[89.614,24.937],[89.618,24.926],[89.624,24.916],[89.647,24.89],[89.658,24.87],[89.665,24.848],[89.671,24.803],[89.674,24.792],[89.679,24.781],[89.705,24.751],[89.716,24.726],[89.732,24.652],[89.76,24.587],[89.768,24.55],[89.769,24.531],[89.767,24.511],[89.759,24.48],[89.758,24.443],[89.749,24.371],[89.749,24.361],[89.755,24.322],[89.755,24.283],[89.751,24.268],[89.749,24.261],[89.735,24.233],[89.733,24.224],[89.735,24.216],[89.741,24.201],[89.743,24.193],[89.743,24.184],[89.74,24.157],[89.74,24.131],[89.74,24.123],[89.735,24.106],[89.702,24.036],[89.697,24.016],[89.696,23.997],[89.7,23.958],[89.726,23.884],[89.744,23.859],[89.786,23.797],[89.804,23.78],[89.843,23.756],[89.855,23.747],[89.909,23.674],[89.92,23.665],[89.934,23.66],[89.969,23.652],[89.985,23.644],[90.143,23.545],[90.17,23.52],[90.193,23.507],[90.213,23.495],[90.225,23.483],[90.235,23.474],[90.25,23.462]],[[89.755,24.274],[89.756,24.273],[89.758,24.272],[89.764,24.268],[89.766,24.264],[89.793,24.238],[89.804,24.23],[89.807,24.227],[89.808,24.221],[89.808,24.199],[89.826,24.195],[89.83,24.186],[89.828,24.177],[89.829,24.173],[89.832,24.166],[89.828,24.152],[89.826,24.138],[89.836,24.131],[89.884,24.131],[89.907,24.089],[89.913,24.087],[89.923,24.087],[89.931,24.085],[89.935,24.08],[89.936,24.072],[89.94,24.066],[89.961,24.04],[89.97,24.035],[89.996,24.035],[90.026,24.031],[90.039,24.031],[90.051,24.035],[90.045,24.022],[90.066,24.015],[90.084,24.013],[90.095,24.006],[90.103,23.968],[90.115,23.956],[90.147,23.939],[90.149,23.937],[90.151,23.933],[90.155,23.928],[90.16,23.926],[90.166,23.926],[90.169,23.933],[90.175,23.933],[90.195,23.926],[90.205,23.921],[90.212,23.916],[90.227,23.898],[90.238,23.88],[90.246,23.86],[90.25,23.836],[90.241,23.797],[90.223,23.757],[90.22,23.729],[90.257,23.728],[90.277,23.737],[90.291,23.75],[90.303,23.757],[90.315,23.751],[90.347,23.716],[90.36,23.706],[90.378,23.698],[90.405,23.694],[90.422,23.686],[90.467,23.644],[90.476,23.631],[90.457,23.626],[90.458,23.609],[90.476,23.583]]]}},{"type":"Feature","properties":{"name":"Bhima","scalerank":7,"kind":"River"},"geometry":{"type":"MultiLineString","coordinates":[[[73.694,19.005],[73.754,18.972],[73.781,18.952],[73.877,18.849],[73.886,18.834],[73.894,18.808],[73.9,18.8],[73.908,18.793],[73.926,18.782],[73.934,18.772],[73.937,18.762],[73.941,18.74],[73.947,18.731],[73.966,18.723],[73.987,18.717],[73.998,18.706],[73.988,18.683],[74.054,18.654],[74.064,18.639],[74.075,18.639],[74.136,18.605],[74.202,18.622],[74.246,18.665],[74.263,18.67],[74.274,18.665],[74.275,18.658],[74.269,18.646],[74.273,18.636],[74.281,18.635],[74.291,18.636],[74.301,18.632],[74.31,18.615],[74.316,18.595],[74.324,18.58],[74.342,18.573],[74.391,18.577],[74.407,18.573],[74.421,18.563],[74.448,18.535],[74.467,18.526],[74.472,18.546],[74.483,18.54],[74.503,18.512],[74.504,18.508],[74.503,18.504],[74.502,18.5],[74.506,18.498],[74.512,18.499],[74.521,18.505],[74.526,18.506],[74.547,18.504],[74.554,18.501],[74.557,18.495],[74.574,18.479],[74.61,18.465],[74.647,18.46],[74.667,18.471],[74.653,18.478],[74.669,18.497],[74.689,18.507],[74.709,18.504],[74.721,18.484],[74.713,18.433],[74.716,18.407],[74.739,18.396],[74.766,18.4],[74.778,18.401],[74.791,18.396],[74.798,18.387],[74.802,18.362],[74.808,18.351],[74.818,18.346],[74.83,18.344],[74.841,18.339],[74.845,18.328],[74.841,18.313],[74.828,18.301],[74.812,18.293],[74.797,18.292],[74.797,18.286],[74.826,18.265],[74.838,18.259],[74.855,18.254],[74.87,18.254],[74.901,18.259],[74.915,18.259],[74.929,18.258],[74.962,18.251],[74.969,18.247],[74.977,18.241],[74.985,18.238],[74.992,18.241],[74.998,18.246],[75.006,18.249],[75.015,18.251],[75.023,18.251],[75.003,18.213],[75.006,18.201],[75.033,18.197],[75.053,18.203],[75.073,18.214],[75.089,18.216],[75.099,18.197],[75.097,18.19],[75.084,18.169],[75.083,18.16],[75.084,18.132],[75.094,18.116],[75.116,18.116],[75.139,18.12],[75.154,18.115],[75.152,18.096],[75.132,18.082],[75.106,18.072],[75.088,18.063],[75.07,18.038],[75.061,18.029],[75.038,18.013],[75.03,18.005],[75.02,17.991],[75.017,17.978],[75.025,17.968],[75.047,17.964],[75.052,17.967],[75.063,17.981],[75.068,17.984],[75.078,17.988],[75.104,18.002],[75.112,18.005],[75.133,17.996],[75.175,17.958],[75.188,17.943],[75.173,17.936],[75.151,17.922],[75.132,17.905],[75.126,17.888],[75.139,17.875],[75.162,17.877],[75.184,17.881],[75.194,17.878],[75.196,17.872],[75.199,17.866],[75.199,17.858],[75.194,17.847],[75.188,17.84],[75.173,17.832],[75.167,17.827],[75.164,17.82],[75.161,17.814],[75.16,17.796],[75.163,17.787],[75.17,17.782],[75.177,17.779],[75.181,17.775],[75.189,17.769],[75.207,17.766],[75.246,17.765],[75.269,17.761],[75.281,17.75],[75.298,17.717],[75.312,17.706],[75.338,17.69],[75.362,17.68],[75.373,17.686],[75.378,17.694],[75.389,17.695],[75.408,17.69],[75.419,17.694],[75.448,17.711],[75.448,17.667],[75.457,17.657],[75.482,17.649],[75.488,17.648],[75.507,17.649],[75.515,17.646],[75.516,17.64],[75.513,17.635],[75.51,17.635],[75.511,17.628],[75.506,17.623],[75.503,17.618],[75.507,17.611],[75.512,17.607],[75.521,17.604],[75.525,17.601],[75.529,17.599],[75.536,17.601],[75.542,17.601],[75.544,17.597],[75.545,17.589],[75.546,17.586],[75.552,17.58],[75.57,17.558],[75.578,17.553],[75.584,17.553],[75.596,17.558],[75.603,17.56],[75.606,17.557],[75.607,17.544],[75.612,17.539],[75.624,17.539],[75.634,17.543],[75.643,17.544],[75.654,17.539],[75.637,17.521],[75.625,17.5],[75.624,17.484],[75.643,17.477],[75.66,17.467],[75.667,17.446],[75.678,17.425],[75.705,17.416],[75.73,17.418],[75.741,17.416],[75.753,17.406],[75.759,17.396],[75.763,17.385],[75.77,17.377],[75.784,17.375],[75.799,17.386],[75.816,17.406],[75.832,17.417],[75.845,17.402],[75.87,17.416],[75.878,17.412],[75.887,17.395],[75.891,17.379],[75.893,17.364],[75.898,17.352],[75.911,17.348],[75.92,17.342],[75.927,17.331],[75.937,17.326],[75.952,17.337],[75.963,17.343],[75.997,17.349],[76.01,17.354],[76.021,17.346],[76.046,17.344],[76.058,17.333],[76.063,17.324],[76.064,17.318],[76.067,17.312],[76.076,17.303],[76.083,17.293],[76.084,17.283],[76.08,17.274],[76.072,17.266],[76.082,17.257],[76.126,17.244],[76.137,17.234],[76.162,17.203],[76.171,17.197],[76.2,17.187],[76.227,17.17],[76.254,17.161],[76.284,17.176],[76.298,17.169],[76.312,17.168],[76.325,17.172],[76.336,17.179],[76.345,17.181],[76.351,17.171],[76.359,17.148],[76.365,17.148],[76.383,17.149],[76.387,17.148],[76.388,17.139],[76.384,17.135],[76.377,17.134],[76.37,17.131],[76.362,17.119],[76.366,17.113],[76.377,17.106],[76.387,17.093],[76.383,17.088],[76.381,17.083],[76.38,17.076],[76.38,17.066],[76.39,17.077],[76.416,17.093],[76.421,17.104],[76.425,17.118],[76.435,17.13],[76.448,17.14],[76.462,17.148],[76.47,17.15],[76.487,17.148],[76.494,17.152],[76.5,17.157],[76.516,17.167],[76.521,17.169],[76.536,17.172],[76.547,17.179],[76.559,17.182],[76.572,17.176],[76.564,17.165],[76.551,17.142],[76.542,17.131],[76.517,17.116],[76.51,17.106],[76.511,17.087],[76.526,17.092],[76.579,17.093],[76.57,17.084],[76.566,17.074],[76.568,17.065],[76.579,17.06],[76.592,17.062],[76.601,17.071],[76.608,17.082],[76.617,17.087],[76.658,17.087],[76.663,17.083],[76.675,17.068],[76.682,17.066],[76.69,17.078],[76.721,17.145],[76.735,17.152],[76.752,17.15],[76.765,17.134],[76.766,17.123],[76.764,17.102],[76.765,17.093],[76.771,17.082],[76.807,17.044],[76.814,17.04],[76.822,17.038],[76.83,17.041],[76.841,17.055],[76.853,17.06],[76.852,17.057],[76.88,17.046],[76.891,17.045],[76.9,17.046],[76.906,17.043],[76.91,17.019],[76.914,17.008],[76.92,17.001],[76.925,16.997],[76.93,16.992],[76.928,16.978],[76.922,16.956],[76.922,16.947],[76.924,16.936],[76.939,16.895],[76.921,16.889],[76.911,16.875],[76.894,16.84],[76.907,16.825],[76.94,16.832],[76.959,16.823],[76.975,16.811],[77.01,16.8],[77.024,16.791],[77.05,16.763],[77.063,16.754],[77.103,16.748],[77.121,16.74],[77.134,16.727],[77.141,16.709],[77.131,16.657],[77.131,16.648],[77.156,16.646],[77.164,16.638],[77.162,16.6],[77.167,16.577],[77.191,16.547],[77.198,16.518],[77.203,16.511],[77.208,16.506],[77.21,16.501],[77.214,16.5],[77.237,16.47],[77.244,16.465],[77.251,16.463],[77.257,16.459],[77.264,16.449],[77.257,16.449],[77.285,16.415]]]}},{"type":"Feature","properties":{"name":"Tista","scalerank":7,"kind":"River"},"geometry":{"type":"MultiLineString","coordinates":[[[88.592,27.695],[88.6,27.684],[88.607,27.663],[88.612,27.653],[88.618,27.648],[88.634,27.638],[88.64,27.633],[88.66,27.606],[88.667,27.589],[88.667,27.572],[88.659,27.556],[88.647,27.55],[88.612,27.544],[88.593,27.534],[88.584,27.531],[88.552,27.527],[88.544,27.524],[88.534,27.509],[88.528,27.488],[88.523,27.449],[88.523,27.442],[88.523,27.431],[88.522,27.407],[88.521,27.402],[88.503,27.378],[88.498,27.373],[88.494,27.368],[88.489,27.359],[88.486,27.349],[88.485,27.332],[88.482,27.324],[88.478,27.323],[88.465,27.325],[88.461,27.324],[88.459,27.32],[88.456,27.308],[88.451,27.296],[88.449,27.289],[88.448,27.282],[88.44,27.277],[88.44,27.27],[88.449,27.264],[88.462,27.246],[88.471,27.243],[88.486,27.24],[88.495,27.233],[88.501,27.221],[88.502,27.205],[88.511,27.184],[88.526,27.169],[88.533,27.154],[88.516,27.133],[88.478,27.112],[88.473,27.107],[88.466,27.095],[88.457,27.083],[88.444,27.078],[88.435,27.067],[88.449,27.013],[88.44,26.996],[88.44,26.989],[88.448,26.989],[88.448,26.982],[88.442,26.963],[88.46,26.927],[88.509,26.858],[88.612,26.749],[88.646,26.693],[88.664,26.664],[88.675,26.651],[88.739,26.595],[88.756,26.568],[88.763,26.536],[88.762,26.526],[88.757,26.508],[88.756,26.502],[88.759,26.493],[88.768,26.478],[88.77,26.471],[88.775,26.46],[88.891,26.342],[88.937,26.277],[89.054,26.165],[89.082,26.154],[89.093,26.138],[89.133,26.071],[89.145,26.035],[89.158,26.009],[89.161,25.969],[89.167,25.954],[89.22,25.927],[89.229,25.923],[89.238,25.912],[89.291,25.866],[89.296,25.856],[89.301,25.847],[89.307,25.838],[89.318,25.831],[89.329,25.829],[89.353,25.831],[89.371,25.824],[89.395,25.82],[89.4,25.814],[89.405,25.809],[89.468,25.773],[89.483,25.76],[89.489,25.738],[89.494,25.728],[89.503,25.72],[89.517,25.711],[89.518,25.706],[89.532,25.686],[89.538,25.674],[89.539,25.669],[89.539,25.664],[89.535,25.651],[89.534,25.642],[89.535,25.634],[89.537,25.626],[89.543,25.609],[89.552,25.574],[89.56,25.559],[89.564,25.553],[89.57,25.546],[89.576,25.542],[89.584,25.54],[89.637,25.534],[89.654,25.53],[89.661,25.526],[89.666,25.519],[89.667,25.512],[89.665,25.497],[89.665,25.487],[89.666,25.477],[89.669,25.468],[89.673,25.459],[89.678,25.452],[89.697,25.435],[89.696,25.434],[89.696,25.434],[89.697,25.433],[89.697,25.433]]]}},{"type":"Feature","properties":{"name":"Yalong","scalerank":7,"kind":"River"},"geometry":{"type":"MultiLineString","coordinates":[[[97.617,34.064],[97.609,34.046],[97.591,34.034],[97.346,33.942],[97.328,33.932],[97.313,33.92],[97.236,33.842],[97.227,33.835],[97.216,33.832],[97.191,33.829],[97.182,33.824],[97.172,33.817],[97.165,33.814],[97.159,33.81],[97.157,33.797],[97.159,33.788],[97.172,33.759],[97.217,33.554],[97.224,33.538],[97.232,33.524],[97.244,33.509],[97.248,33.494],[97.248,33.475],[97.252,33.458],[97.276,33.445],[97.332,33.373],[97.344,33.361],[97.359,33.356],[97.397,33.353],[97.417,33.348],[97.432,33.341],[97.474,33.358],[97.519,33.37],[97.565,33.376],[97.61,33.376],[97.672,33.364],[97.695,33.362],[97.716,33.369],[97.749,33.4],[97.768,33.41],[97.801,33.402],[97.84,33.377],[97.876,33.343],[97.897,33.314],[97.899,33.304],[97.901,33.281],[97.904,33.273],[97.911,33.263],[97.951,33.229],[97.969,33.222],[98.046,33.215],[98.055,33.211],[98.06,33.205],[98.065,33.196],[98.071,33.188],[98.079,33.184],[98.116,33.18],[98.158,33.17],[98.173,33.158],[98.186,33.142],[98.202,33.128],[98.223,33.122],[98.238,33.116],[98.32,33.046],[98.337,33.015],[98.364,32.937],[98.392,32.905],[98.432,32.889],[98.521,32.868],[98.576,32.844],[98.593,32.841],[98.604,32.847],[98.612,32.859],[98.62,32.874],[98.627,32.886],[98.644,32.89],[98.665,32.883],[98.761,32.821],[98.766,32.834],[98.776,32.832],[98.788,32.825],[98.799,32.821],[98.817,32.818],[98.822,32.81],[98.824,32.797],[98.833,32.783],[98.852,32.759],[98.862,32.753],[98.878,32.755],[98.904,32.764],[98.905,32.766],[98.915,32.764],[98.926,32.755],[98.936,32.752],[98.954,32.755],[98.981,32.764],[98.994,32.766]],[[98.988,32.377],[98.967,32.367],[98.952,32.365],[98.938,32.361],[98.933,32.351],[98.935,32.339],[98.953,32.3],[98.977,32.306],[98.996,32.3]]]}},{"type":"Feature","properties":{"name":null,"scalerank":7,"kind":"River"},"geometry":{"type":"MultiLineString","coordinates":[[[80.941,31.392],[80.921,31.382],[80.9,31.382],[80.862,31.388],[80.852,31.386],[80.832,31.378],[80.821,31.375],[80.808,31.375],[80.787,31.38],[80.736,31.382],[80.724,31.388],[80.675,31.447],[80.656,31.462],[80.632,31.472],[80.62,31.474],[80.606,31.475],[80.53,31.467],[80.489,31.47],[80.452,31.486],[80.424,31.519],[80.405,31.559],[80.398,31.582],[80.396,31.604],[80.389,31.621],[80.375,31.635],[80.356,31.648],[80.341,31.663],[80.311,31.712],[80.307,31.727],[80.303,31.753],[80.293,31.77],[80.259,31.8],[80.216,31.853],[80.185,31.87],[80.175,31.89],[80.163,31.929],[80.132,31.996],[80.067,32.081],[80.051,32.132],[80.043,32.146],[79.981,32.194],[79.937,32.238],[79.93,32.248],[79.926,32.267],[79.917,32.287],[79.904,32.304],[79.811,32.394],[79.779,32.41],[79.746,32.42],[79.732,32.426],[79.701,32.45],[79.693,32.458],[79.69,32.468],[79.69,32.486],[79.688,32.493],[79.683,32.498]]]}},{"type":"Feature","properties":{"name":"Sittong","scalerank":7,"kind":"River"},"geometry":{"type":"MultiLineString","coordinates":[[[95.787,20.218],[95.816,20.199],[95.831,20.193],[95.852,20.191],[95.872,20.194],[95.908,20.205],[95.931,20.205],[95.991,20.181],[96.01,20.177],[96.015,20.175],[96.02,20.17],[96.027,20.166],[96.037,20.164],[96.083,20.164],[96.101,20.162],[96.121,20.156],[96.142,20.146],[96.161,20.133],[96.167,20.125],[96.175,20.112],[96.181,20.105],[96.19,20.101],[96.209,20.097],[96.218,20.095],[96.241,20.069],[96.247,20.03],[96.239,19.944],[96.241,19.884],[96.239,19.862],[96.228,19.839],[96.226,19.828],[96.232,19.787],[96.247,19.766],[96.283,19.731],[96.294,19.711],[96.296,19.688],[96.293,19.669],[96.292,19.65],[96.301,19.629],[96.278,19.623],[96.283,19.595],[96.308,19.536],[96.291,19.499],[96.283,19.492],[96.28,19.478],[96.28,19.462],[96.28,19.452],[96.292,19.403],[96.302,19.38],[96.318,19.359],[96.321,19.351],[96.317,19.344],[96.311,19.338],[96.308,19.331],[96.31,19.324],[96.319,19.317],[96.325,19.299],[96.335,19.288],[96.346,19.282],[96.356,19.287],[96.411,19.197],[96.424,19.163],[96.431,19.159],[96.436,19.154],[96.438,19.15],[96.436,19.144],[96.432,19.139],[96.427,19.136],[96.424,19.136],[96.424,19.115],[96.426,19.109],[96.43,19.109],[96.435,19.11],[96.438,19.108],[96.442,19.089],[96.438,19.033],[96.452,19.033],[96.457,19.015],[96.46,18.952],[96.463,18.941],[96.469,18.937],[96.478,18.933],[96.48,18.925],[96.48,18.91],[96.499,18.876],[96.501,18.857],[96.483,18.848],[96.46,18.845],[96.449,18.833],[96.448,18.816],[96.458,18.763],[96.459,18.739],[96.457,18.732],[96.453,18.721],[96.452,18.714],[96.455,18.693],[96.463,18.68],[96.486,18.657],[96.505,18.621],[96.52,18.602],[96.558,18.585],[96.578,18.565],[96.594,18.543],[96.605,18.52],[96.608,18.517],[96.616,18.512],[96.613,18.509],[96.606,18.502],[96.602,18.498],[96.609,18.489],[96.63,18.471],[96.633,18.461],[96.637,18.437],[96.667,18.375],[96.672,18.368],[96.678,18.361],[96.674,18.355],[96.671,18.346],[96.671,18.338],[96.675,18.331],[96.685,18.319],[96.685,18.314],[96.68,18.309],[96.678,18.3],[96.682,18.259],[96.699,18.196],[96.705,18.182],[96.717,18.171],[96.726,18.171],[96.734,18.175],[96.743,18.173],[96.746,18.166],[96.739,18.151],[96.739,18.141],[96.743,18.138],[96.75,18.136],[96.757,18.134],[96.76,18.125],[96.757,18.123],[96.753,18.121],[96.748,18.117],[96.747,18.108],[96.756,18.077],[96.774,18.059],[96.781,18.053],[96.795,18.056],[96.804,18.054],[96.808,18.043],[96.809,18.015],[96.813,18.004],[96.822,17.998],[96.812,17.993],[96.808,17.992],[96.808,17.984],[96.828,17.976],[96.834,17.96],[96.835,17.944],[96.839,17.937],[96.854,17.939],[96.858,17.936],[96.863,17.923],[96.864,17.914],[96.863,17.882],[96.879,17.794],[96.887,17.775],[96.89,17.765],[96.89,17.754],[96.885,17.734],[96.883,17.724],[96.882,17.721],[96.881,17.711],[96.882,17.701],[96.886,17.696],[96.892,17.694],[96.897,17.688],[96.902,17.68],[96.903,17.673],[96.902,17.657],[96.884,17.57],[96.883,17.457]]]}},{"type":"Feature","properties":{"name":"Mahi","scalerank":7,"kind":"River"},"geometry":{"type":"MultiLineString","coordinates":[[[72.907,22.279],[72.918,22.296],[72.94,22.286],[72.965,22.268],[72.989,22.262],[73.005,22.271],[73.025,22.288],[73.04,22.307],[73.045,22.324],[73.045,22.346],[73.053,22.388],[73.09,22.491],[73.105,22.51],[73.119,22.522],[73.128,22.532],[73.136,22.543],[73.156,22.582],[73.164,22.591],[73.205,22.615],[73.228,22.637],[73.245,22.663],[73.251,22.692],[73.245,22.736],[73.244,22.759],[73.252,22.778],[73.27,22.787],[73.313,22.789],[73.333,22.795],[73.359,22.816],[73.371,22.83],[73.377,22.845],[73.376,22.856],[73.369,22.876],[73.368,22.886],[73.374,22.906],[73.386,22.921],[73.417,22.948],[73.43,22.971],[73.428,22.987],[73.423,23.003],[73.428,23.025],[73.436,23.033],[73.445,23.036],[73.455,23.036],[73.465,23.039],[73.517,23.079],[73.536,23.099],[73.575,23.181],[73.594,23.197],[73.634,23.203],[73.655,23.214],[73.662,23.224],[73.673,23.247],[73.683,23.256],[73.692,23.26],[73.739,23.266],[73.775,23.265],[73.792,23.268],[73.81,23.281],[73.832,23.316],[73.851,23.33],[73.871,23.333],[73.893,23.332],[73.913,23.335],[73.931,23.348],[73.99,23.414],[73.998,23.429],[74,23.439],[73.999,23.45],[74,23.463],[74.01,23.491],[74.056,23.568],[74.073,23.589],[74.09,23.603],[74.104,23.619],[74.115,23.644],[74.118,23.668],[74.115,23.712],[74.117,23.734],[74.137,23.774],[74.173,23.794],[74.216,23.806],[74.257,23.824],[74.318,23.87],[74.352,23.889],[74.453,23.914],[74.471,23.913],[74.476,23.908],[74.491,23.881],[74.497,23.879],[74.511,23.878],[74.517,23.874],[74.519,23.866],[74.517,23.851],[74.518,23.844],[74.54,23.815],[74.548,23.801],[74.552,23.78],[74.55,23.757],[74.542,23.738],[74.525,23.705],[74.521,23.681],[74.519,23.658],[74.52,23.64],[74.524,23.635],[74.53,23.632],[74.537,23.623],[74.542,23.613],[74.547,23.588],[74.548,23.575],[74.545,23.562],[74.531,23.548],[74.527,23.539],[74.531,23.522],[74.568,23.477],[74.605,23.408],[74.62,23.393],[74.655,23.37],[74.698,23.349],[74.708,23.342],[74.712,23.336],[74.713,23.329],[74.713,23.323],[74.715,23.318],[74.72,23.314],[74.737,23.307],[74.746,23.3],[74.752,23.296],[74.756,23.292],[74.752,23.286],[74.743,23.281],[74.738,23.278],[74.736,23.274],[74.74,23.264],[74.745,23.255],[74.758,23.238],[74.763,23.236],[74.774,23.234],[74.777,23.232],[74.779,23.225],[74.776,23.211],[74.776,23.204],[74.781,23.175],[74.785,23.161],[74.795,23.147],[74.812,23.135],[74.828,23.131],[74.869,23.132],[74.884,23.134],[74.909,23.149],[74.923,23.152],[74.932,23.151],[74.954,23.144],[74.965,23.142],[75.005,23.102],[75.017,23.017],[75.008,22.924],[74.989,22.863],[74.967,22.832],[74.96,22.817],[74.959,22.795],[74.973,22.73]]]}},{"type":"Feature","properties":{"name":"Tapi","scalerank":7,"kind":"River"},"geometry":{"type":"MultiLineString","coordinates":[[[78.131,21.701],[78.028,21.682],[77.997,21.684],[77.952,21.716],[77.924,21.725],[77.839,21.725],[77.811,21.728],[77.808,21.733],[77.808,21.76],[77.807,21.773],[77.778,21.811],[77.729,21.821],[77.395,21.808],[77.369,21.806],[77.312,21.808],[77.296,21.805],[77.302,21.787],[77.286,21.777],[77.24,21.763],[77.228,21.755],[77.22,21.747],[77.211,21.74],[77.197,21.734],[77.178,21.729],[77.115,21.724],[77.069,21.712],[77.029,21.694],[76.917,21.618],[76.9,21.613],[76.844,21.613],[76.814,21.6],[76.794,21.577],[76.788,21.547],[76.771,21.513],[76.726,21.48],[76.673,21.453],[76.634,21.44],[76.607,21.439],[76.528,21.453],[76.493,21.451],[76.388,21.422],[76.343,21.4],[76.235,21.298],[76.174,21.259],[76.162,21.248],[76.144,21.224],[76.1,21.188],[76.072,21.171],[76.067,21.161],[76.065,21.15],[76.057,21.14],[76,21.102],[75.936,21.076],[75.868,21.061],[75.8,21.059],[75.771,21.063],[75.718,21.082],[75.692,21.095],[75.665,21.104],[75.578,21.117],[75.44,21.17],[75.388,21.173],[75.37,21.17],[75.315,21.15],[75.303,21.148],[75.24,21.15],[75.225,21.153],[75.209,21.159],[75.188,21.174],[75.177,21.179],[75.122,21.166],[75.067,21.171],[75.014,21.186],[74.972,21.216],[74.956,21.22],[74.949,21.224],[74.942,21.232],[74.933,21.246],[74.924,21.254],[74.903,21.264],[74.851,21.274],[74.828,21.281],[74.807,21.298],[74.784,21.342],[74.762,21.36],[74.704,21.382],[74.695,21.389],[74.689,21.395],[74.681,21.4],[74.405,21.444],[74.384,21.456],[74.36,21.476],[74.331,21.507],[74.314,21.517],[74.292,21.517],[74.26,21.512],[74.227,21.51],[74.193,21.511],[74.16,21.516],[74.134,21.516],[73.941,21.474],[73.907,21.462],[73.885,21.452],[73.865,21.439],[73.848,21.425],[73.806,21.37],[73.79,21.357],[73.727,21.325],[73.713,21.311],[73.704,21.289],[73.705,21.28],[73.709,21.272],[73.71,21.264],[73.704,21.255],[73.692,21.247],[73.679,21.245],[73.627,21.249],[73.524,21.272],[73.388,21.28],[73.364,21.279],[73.342,21.272],[73.331,21.265],[73.324,21.258],[73.316,21.251],[73.302,21.246],[73.286,21.245],[73.253,21.246],[73.235,21.243],[73.198,21.228],[73.183,21.227],[73.164,21.23],[73.147,21.235],[73.133,21.244],[73.106,21.274],[73.09,21.285],[73.071,21.294],[73.011,21.307],[72.998,21.308],[72.982,21.305],[72.972,21.3],[72.962,21.293],[72.927,21.277],[72.877,21.229],[72.857,21.228],[72.82,21.251],[72.802,21.245],[72.799,21.231],[72.812,21.202],[72.805,21.191],[72.751,21.156],[72.729,21.148]]]}},{"type":"Feature","properties":{"name":"Sankh","scalerank":7,"kind":"River"},"geometry":{"type":"MultiLineString","coordinates":[[[83.903,23.198],[83.944,23.178],[83.963,23.142],[83.988,23.056],[84.021,23.021],[84.073,22.994],[84.129,22.985],[84.176,23],[84.189,23.029],[84.201,23.075],[84.217,23.113],[84.241,23.117],[84.254,23.104],[84.274,23.072],[84.285,23.058],[84.381,22.98],[84.391,22.968],[84.398,22.954],[84.4,22.936],[84.396,22.922],[84.39,22.909],[84.386,22.892],[84.388,22.818],[84.42,22.686],[84.423,22.656],[84.414,22.627],[84.394,22.606],[84.34,22.578],[84.319,22.556],[84.309,22.499],[84.34,22.454],[84.44,22.393],[84.512,22.325],[84.537,22.315],[84.583,22.32],[84.608,22.318],[84.622,22.314],[84.634,22.307],[84.654,22.289],[84.668,22.265]]]}},{"type":"Feature","properties":{"name":"Ganges","scalerank":3,"kind":"River"},"geometry":{"type":"MultiLineString","coordinates":[[[79.841,30.888],[79.82,30.857],[79.814,30.84],[79.813,30.82],[79.818,30.803],[79.835,30.769],[79.841,30.751],[79.84,30.745],[79.838,30.74],[79.837,30.734],[79.841,30.724],[79.849,30.715],[79.869,30.701],[79.875,30.689],[79.857,30.685],[79.847,30.676],[79.834,30.648],[79.825,30.637],[79.807,30.627],[79.796,30.618],[79.779,30.595],[79.754,30.547],[79.738,30.524],[79.715,30.508],[79.685,30.5],[79.655,30.502],[79.632,30.515],[79.593,30.551],[79.569,30.567],[79.546,30.573],[79.523,30.564],[79.436,30.482],[79.409,30.439],[79.389,30.422],[79.341,30.41],[79.321,30.398],[79.313,30.372],[79.313,30.371],[79.307,30.346],[79.291,30.323],[79.269,30.304],[79.219,30.28],[79.205,30.277],[79.19,30.278],[79.178,30.282],[79.171,30.289],[79.166,30.295],[79.162,30.299],[79.137,30.304],[79.02,30.308],[79.001,30.306],[78.904,30.268],[78.878,30.265],[78.859,30.259],[78.803,30.236],[78.789,30.233],[78.78,30.238],[78.771,30.236],[78.762,30.232],[78.755,30.23],[78.742,30.232],[78.71,30.243],[78.696,30.244],[78.687,30.24],[78.643,30.204],[78.594,30.145],[78.583,30.122],[78.579,30.098],[78.586,30.073],[78.537,30.077],[78.529,30.076],[78.517,30.073],[78.463,30.073],[78.453,30.076],[78.442,30.081],[78.433,30.091],[78.422,30.122],[78.405,30.132],[78.385,30.134],[78.367,30.127],[78.358,30.133],[78.345,30.139],[78.332,30.142],[78.32,30.141],[78.286,30.097],[78.28,30.072],[78.266,30.054],[78.231,30.024],[78.164,29.95],[78.155,29.925],[78.156,29.9],[78.161,29.877],[78.19,29.793],[78.198,29.748],[78.189,29.707],[78.155,29.675],[78.107,29.655],[78.095,29.647],[78.09,29.642],[78.084,29.641],[78.069,29.641],[78.042,29.635],[78.019,29.619],[78.001,29.597],[77.99,29.572],[77.992,29.531],[78.011,29.498],[78.036,29.467],[78.052,29.435],[78.054,29.42],[78.05,29.389],[78.052,29.374],[78.062,29.364],[78.075,29.356],[78.082,29.345],[78.072,29.326],[78.104,29.279],[78.117,29.251],[78.118,29.233],[78.114,29.223],[78.115,29.212],[78.119,29.201],[78.121,29.192],[78.115,29.18],[78.088,29.153],[78.08,29.141],[78.076,29.058],[78.08,29.047],[78.072,28.991],[78.072,28.969],[78.095,28.936],[78.106,28.914],[78.104,28.897],[78.096,28.887],[78.096,28.878],[78.099,28.868],[78.1,28.856],[78.099,28.851],[78.094,28.842],[78.093,28.836],[78.096,28.828],[78.103,28.824],[78.11,28.821],[78.115,28.818],[78.119,28.814],[78.123,28.813],[78.127,28.812],[78.128,28.805],[78.127,28.8],[78.122,28.788],[78.121,28.784],[78.124,28.778],[78.131,28.77],[78.135,28.764],[78.14,28.748],[78.146,28.738],[78.166,28.719],[78.183,28.693],[78.184,28.672],[78.178,28.65],[78.176,28.62],[78.195,28.57],[78.265,28.489],[78.279,28.442],[78.272,28.435],[78.268,28.428],[78.265,28.421],[78.267,28.42],[78.272,28.415],[78.277,28.408],[78.279,28.401],[78.275,28.39],[78.268,28.381],[78.264,28.372],[78.269,28.363],[78.275,28.355],[78.281,28.345],[78.285,28.333],[78.286,28.322],[78.29,28.307],[78.301,28.296],[78.327,28.277],[78.345,28.252],[78.354,28.243],[78.374,28.23],[78.383,28.222],[78.406,28.186],[78.441,28.151],[78.456,28.126],[78.463,28.106],[78.477,28.093],[78.544,28.045],[78.557,28.04],[78.57,28.038],[78.585,28.033],[78.595,28.021],[78.604,28.008],[78.614,27.996],[78.626,27.99],[78.67,27.976],[78.712,27.969],[78.721,27.965],[78.739,27.952],[78.76,27.946],[78.806,27.941],[78.877,27.922],[78.895,27.913],[78.939,27.883],[78.946,27.873],[78.951,27.849],[78.957,27.838],[78.981,27.827],[79.033,27.832],[79.056,27.821],[79.076,27.816],[79.13,27.828],[79.156,27.818],[79.161,27.81],[79.164,27.803],[79.166,27.794],[79.169,27.784],[79.193,27.736],[79.196,27.724],[79.196,27.711],[79.197,27.699],[79.204,27.691],[79.265,27.667],[79.298,27.65],[79.332,27.637],[79.369,27.634],[79.41,27.647],[79.443,27.607],[79.465,27.587],[79.481,27.578],[79.493,27.573],[79.516,27.555],[79.529,27.55],[79.546,27.548],[79.555,27.542],[79.558,27.531],[79.562,27.487],[79.566,27.475],[79.576,27.463],[79.599,27.449],[79.611,27.438],[79.622,27.418],[79.626,27.395],[79.628,27.352],[79.632,27.341],[79.636,27.331],[79.649,27.311],[79.684,27.276],[79.69,27.266],[79.698,27.242],[79.717,27.225],[79.766,27.202],[79.819,27.157],[79.838,27.145],[79.851,27.141],[79.858,27.14],[79.865,27.14],[79.912,27.148],[79.93,27.144],[79.951,27.119],[79.99,27.05],[80.008,27.027],[80.012,27.017],[80.011,27.006],[80.007,26.996],[80.005,26.986],[80.009,26.971],[80.02,26.957],[80.09,26.897],[80.108,26.874],[80.115,26.848],[80.118,26.804],[80.122,26.781],[80.128,26.762],[80.142,26.742],[80.163,26.723],[80.186,26.707],[80.231,26.696],[80.245,26.682],[80.253,26.662],[80.262,26.63],[80.291,26.57],[80.297,26.549],[80.306,26.541],[80.318,26.537],[80.331,26.536],[80.336,26.53],[80.343,26.5],[80.348,26.488],[80.403,26.442],[80.415,26.436],[80.426,26.432],[80.51,26.381],[80.526,26.365],[80.533,26.349],[80.553,26.263],[80.554,26.252],[80.559,26.238],[80.571,26.233],[80.584,26.229],[80.595,26.222],[80.6,26.211],[80.599,26.202],[80.596,26.194],[80.595,26.184],[80.598,26.175],[80.605,26.169],[80.622,26.16],[80.673,26.115],[80.69,26.105],[80.701,26.104],[80.719,26.11],[80.728,26.112],[80.743,26.11],[80.75,26.106],[80.756,26.1],[80.766,26.091],[80.789,26.081],[80.797,26.073],[80.8,26.06],[80.798,26.049],[80.795,26.04],[80.798,26.034],[80.814,26.03],[80.832,26.048],[80.853,26.058],[80.878,26.063],[80.906,26.064],[80.926,26.067],[80.962,26.077],[80.985,26.077],[81.011,26.071],[81.033,26.061],[81.048,26.044],[81.054,26.019],[81.065,26],[81.09,25.984],[81.118,25.972],[81.136,25.967],[81.163,25.963],[81.187,25.955],[81.204,25.939],[81.214,25.883],[81.225,25.869],[81.244,25.86],[81.294,25.845],[81.302,25.841],[81.359,25.786],[81.367,25.781],[81.384,25.777],[81.393,25.772],[81.403,25.759],[81.4,25.75],[81.392,25.74],[81.382,25.728],[81.377,25.704],[81.383,25.682],[81.4,25.666],[81.441,25.655],[81.464,25.636],[81.479,25.632],[81.513,25.631],[81.515,25.629],[81.516,25.625],[81.526,25.609],[81.531,25.6],[81.539,25.591],[81.554,25.585],[81.566,25.584],[81.599,25.591],[81.63,25.587],[81.639,25.574],[81.643,25.555],[81.657,25.529],[81.664,25.524],[81.677,25.52],[81.684,25.516],[81.705,25.495],[81.717,25.494],[81.745,25.496],[81.756,25.491],[81.778,25.478],[81.799,25.481],[81.842,25.502],[81.886,25.513],[81.908,25.512],[81.917,25.498],[81.913,25.477],[81.905,25.458],[81.899,25.438],[81.903,25.413],[81.919,25.376],[81.938,25.345],[81.95,25.334],[81.97,25.324],[81.991,25.321],[82.009,25.327],[82.025,25.335],[82.043,25.336],[82.06,25.329],[82.075,25.317],[82.082,25.301],[82.083,25.288],[82.088,25.279],[82.112,25.276],[82.129,25.282],[82.159,25.31],[82.181,25.317],[82.192,25.315],[82.204,25.31],[82.215,25.302],[82.219,25.293],[82.217,25.28],[82.214,25.272],[82.209,25.265],[82.205,25.255],[82.196,25.219],[82.196,25.203],[82.202,25.19],[82.216,25.184],[82.237,25.186],[82.273,25.194],[82.264,25.204],[82.239,25.213],[82.225,25.22],[82.244,25.24],[82.254,25.258],[82.266,25.271],[82.291,25.276],[82.312,25.263],[82.328,25.215],[82.349,25.214],[82.36,25.225],[82.372,25.253],[82.383,25.262],[82.397,25.261],[82.414,25.253],[82.43,25.241],[82.441,25.231],[82.477,25.186],[82.497,25.17],[82.527,25.159],[82.551,25.158],[82.578,25.161],[82.593,25.173],[82.568,25.218],[82.586,25.225],[82.615,25.224],[82.637,25.22],[82.685,25.194],[82.73,25.156],[82.779,25.125],[82.836,25.119],[82.871,25.137],[82.92,25.195],[82.962,25.207],[82.996,25.205],[83.008,25.211],[83.02,25.228],[83.025,25.246],[83.023,25.262],[83.017,25.277],[83.006,25.289],[83.042,25.323],[83.135,25.326],[83.171,25.351],[83.18,25.379],[83.178,25.41],[83.163,25.436],[83.134,25.447],[83.123,25.452],[83.13,25.464],[83.154,25.484],[83.162,25.495],[83.174,25.519],[83.186,25.529],[83.213,25.535],[83.233,25.525],[83.253,25.51],[83.291,25.498],[83.312,25.479],[83.326,25.475],[83.342,25.478],[83.368,25.491],[83.383,25.495],[83.409,25.487],[83.437,25.467],[83.483,25.423],[83.507,25.407],[83.53,25.402],[83.544,25.412],[83.541,25.439],[83.503,25.489],[83.491,25.517],[83.51,25.529],[83.536,25.535],[83.559,25.548],[83.6,25.584],[83.617,25.598],[83.634,25.604],[83.664,25.611],[83.693,25.615],[83.706,25.608],[83.711,25.601],[83.723,25.595],[83.735,25.586],[83.74,25.574],[83.745,25.551],[83.749,25.538],[83.754,25.529],[83.772,25.517],[83.794,25.516],[83.84,25.522],[83.881,25.522],[83.898,25.524],[83.904,25.53],[83.908,25.538],[83.918,25.549],[83.982,25.589],[84.003,25.608],[84.058,25.674],[84.143,25.736],[84.18,25.746],[84.213,25.728],[84.217,25.714],[84.22,25.695],[84.23,25.681],[84.254,25.68],[84.272,25.693],[84.308,25.739],[84.326,25.749],[84.34,25.753],[84.356,25.761],[84.373,25.765],[84.388,25.759],[84.419,25.731],[84.438,25.719],[84.464,25.712],[84.48,25.703],[84.487,25.701],[84.499,25.699],[84.56,25.702],[84.577,25.7],[84.596,25.693],[84.617,25.702],[84.668,25.706],[84.689,25.717],[84.709,25.738],[84.729,25.75],[84.749,25.753],[84.775,25.749],[84.853,25.712],[84.881,25.708],[84.905,25.711],[84.949,25.73],[84.974,25.735],[84.996,25.735],[85.059,25.728],[85.086,25.721],[85.102,25.704],[85.124,25.659],[85.143,25.642],[85.163,25.638],[85.183,25.638],[85.21,25.626],[85.234,25.62],[85.237,25.618],[85.245,25.614],[85.252,25.603],[85.261,25.585],[85.272,25.567],[85.284,25.554],[85.299,25.546],[85.32,25.543],[85.333,25.538],[85.369,25.514],[85.388,25.508],[85.421,25.517],[85.456,25.538],[85.515,25.585],[85.56,25.523],[85.577,25.508],[85.621,25.482],[85.634,25.471],[85.652,25.463],[85.671,25.469],[85.722,25.504],[85.738,25.511],[85.756,25.515],[85.779,25.516],[85.831,25.505],[85.872,25.478],[85.946,25.413],[85.997,25.38],[86.019,25.359],[86.028,25.334],[86.039,25.33],[86.089,25.332],[86.104,25.33],[86.116,25.331],[86.162,25.326],[86.176,25.32],[86.186,25.319],[86.223,25.329],[86.241,25.33],[86.258,25.325],[86.274,25.318],[86.29,25.307],[86.306,25.293],[86.318,25.293],[86.378,25.31],[86.415,25.331],[86.446,25.362],[86.47,25.398],[86.488,25.433],[86.507,25.463],[86.534,25.483],[86.564,25.485],[86.591,25.461],[86.579,25.419],[86.58,25.375],[86.591,25.335],[86.611,25.304],[86.65,25.273],[86.694,25.256],[86.74,25.256],[86.782,25.276],[86.835,25.326],[86.858,25.341],[86.868,25.348],[86.89,25.35],[86.92,25.333],[86.974,25.289],[86.996,25.278],[87.047,25.269],[87.077,25.254],[87.088,25.256],[87.098,25.26],[87.108,25.262],[87.124,25.257],[87.147,25.235],[87.16,25.228],[87.19,25.23],[87.218,25.248],[87.239,25.275],[87.249,25.304],[87.282,25.356],[87.304,25.377],[87.332,25.387],[87.342,25.396],[87.351,25.399],[87.357,25.398],[87.372,25.393],[87.382,25.392],[87.401,25.394],[87.444,25.406],[87.478,25.404],[87.491,25.4],[87.502,25.392],[87.512,25.382],[87.518,25.371],[87.53,25.345],[87.536,25.32],[87.54,25.317],[87.55,25.315],[87.558,25.312],[87.57,25.304],[87.581,25.29],[87.589,25.277],[87.599,25.267],[87.66,25.255],[87.681,25.245],[87.726,25.252],[87.75,25.248],[87.76,25.244],[87.77,25.237],[87.779,25.228],[87.784,25.214],[87.783,25.2],[87.779,25.192],[87.773,25.185],[87.769,25.173],[87.769,25.159],[87.77,25.148],[87.776,25.125],[87.776,25.118],[87.775,25.103],[87.776,25.097],[87.781,25.09],[87.787,25.088],[87.793,25.087],[87.797,25.084],[87.836,25.047],[87.861,25.031],[87.886,25.022],[87.894,25.021],[87.913,25.004],[87.916,25.002],[87.935,25.004],[87.944,25.001],[87.954,24.988],[87.961,24.966],[87.958,24.944],[87.949,24.924],[87.937,24.909],[87.915,24.889],[87.909,24.878],[87.907,24.861],[87.911,24.844],[87.922,24.827],[87.948,24.796],[87.945,24.755],[87.959,24.717],[88.006,24.656],[88.021,24.646],[88.04,24.641],[88.057,24.634],[88.067,24.614],[88.081,24.6],[88.085,24.594],[88.085,24.542],[88.086,24.537],[88.09,24.533],[88.098,24.523],[88.111,24.502],[88.119,24.494],[88.133,24.482],[88.151,24.472],[88.171,24.464],[88.191,24.461],[88.225,24.461],[88.236,24.463],[88.251,24.472],[88.26,24.474],[88.272,24.475],[88.283,24.477],[88.293,24.481],[88.3,24.485],[88.308,24.486],[88.316,24.468],[88.322,24.463],[88.328,24.461],[88.379,24.402],[88.387,24.389],[88.405,24.372],[88.427,24.357],[88.444,24.351],[88.483,24.353],[88.506,24.358],[88.516,24.367],[88.681,24.334],[88.714,24.316],[88.737,24.287],[88.743,24.248],[88.745,24.244],[88.747,24.227],[88.749,24.223],[88.746,24.214],[88.734,24.199],[88.731,24.19],[88.732,24.182],[88.736,24.175],[88.751,24.153],[88.758,24.147],[88.782,24.136],[88.797,24.126],[88.805,24.122],[88.824,24.119],[88.843,24.123],[88.907,24.151],[88.921,24.159],[88.931,24.172],[88.941,24.172],[88.951,24.17],[88.96,24.167],[88.969,24.162],[88.977,24.156],[89,24.128],[89.023,24.107],[89.033,24.1],[89.037,24.095],[89.04,24.086],[89.042,24.078],[89.045,24.071],[89.052,24.062],[89.059,24.055],[89.066,24.047],[89.07,24.038],[89.07,24.027],[89.066,24.015],[89.065,24.005],[89.068,23.996],[89.078,23.986],[89.089,23.977]],[[87.938,24.806],[87.92,24.782],[87.92,24.727],[87.933,24.635],[87.941,24.619],[88.028,24.548],[88.057,24.516],[88.052,24.51],[88.05,24.505],[88.053,24.5],[88.065,24.483],[88.071,24.467],[88.071,24.464],[88.078,24.456],[88.109,24.451],[88.119,24.447],[88.12,24.433],[88.115,24.421],[88.113,24.409],[88.126,24.399],[88.142,24.408],[88.15,24.406],[88.153,24.397],[88.153,24.388],[88.156,24.372],[88.165,24.366],[88.177,24.362],[88.205,24.347],[88.212,24.341],[88.215,24.333],[88.217,24.324],[88.222,24.324],[88.229,24.326],[88.236,24.324],[88.239,24.323],[88.247,24.318],[88.252,24.312],[88.246,24.309],[88.239,24.307],[88.234,24.303],[88.231,24.296],[88.229,24.289],[88.253,24.271],[88.26,24.228],[88.257,24.141],[88.232,24.07],[88.221,24.061],[88.21,24.016],[88.195,24.001],[88.22,23.99],[88.229,23.988],[88.229,23.98],[88.203,23.981],[88.199,23.973],[88.208,23.95],[88.209,23.928],[88.221,23.871],[88.224,23.84],[88.228,23.827],[88.239,23.813],[88.24,23.799],[88.238,23.775],[88.228,23.756],[88.208,23.761],[88.2,23.742],[88.174,23.717],[88.16,23.7],[88.153,23.683],[88.147,23.658],[88.148,23.634],[88.163,23.624],[88.219,23.607],[88.229,23.607],[88.223,23.627],[88.224,23.635],[88.236,23.638],[88.239,23.633],[88.257,23.603],[88.248,23.59],[88.253,23.581],[88.264,23.577],[88.276,23.577],[88.288,23.582],[88.325,23.61],[88.33,23.592],[88.321,23.574],[88.304,23.559],[88.283,23.549],[88.295,23.536],[88.313,23.536],[88.334,23.538],[88.352,23.535],[88.365,23.524],[88.368,23.512],[88.357,23.469],[88.357,23.462],[88.355,23.457],[88.341,23.441],[88.341,23.438],[88.345,23.434],[88.352,23.426],[88.359,23.422],[88.368,23.419],[88.376,23.414],[88.379,23.402],[88.379,23.391],[88.377,23.384],[88.372,23.371],[88.37,23.36],[88.37,23.352],[88.367,23.346],[88.343,23.341],[88.341,23.334],[88.344,23.325],[88.345,23.316],[88.345,23.278],[88.348,23.27],[88.354,23.267],[88.36,23.265],[88.366,23.261],[88.382,23.225],[88.392,23.216],[88.413,23.212],[88.444,23.217],[88.457,23.212],[88.468,23.193],[88.447,23.154],[88.447,23.142],[88.461,23.13],[88.472,23.126],[88.484,23.124],[88.492,23.119],[88.496,23.107],[88.492,23.097],[88.474,23.074],[88.468,23.063],[88.482,23.062],[88.492,23.057],[88.495,23.049],[88.489,23.041],[88.475,23.038],[88.462,23.039],[88.451,23.039],[88.44,23.028],[88.448,23.021],[88.431,23.004],[88.418,22.987],[88.409,22.967],[88.407,22.946]],[[88.429,24.356],[88.422,24.333],[88.43,24.324],[88.442,24.315],[88.453,24.283],[88.466,24.27],[88.483,24.264],[88.499,24.272],[88.518,24.263],[88.537,24.23],[88.54,24.199],[88.509,24.199],[88.513,24.189],[88.519,24.185],[88.526,24.183],[88.53,24.18],[88.532,24.172],[88.531,24.168],[88.529,24.165],[88.53,24.158],[88.529,24.152],[88.525,24.148],[88.523,24.144],[88.53,24.138],[88.538,24.137],[88.556,24.146],[88.565,24.145],[88.567,24.139],[88.569,24.122],[88.571,24.117],[88.578,24.115],[88.585,24.116],[88.591,24.118],[88.599,24.117],[88.62,24.108],[88.626,24.098],[88.627,24.086],[88.633,24.07],[88.636,24.074],[88.643,24.079],[88.646,24.083],[88.649,24.067],[88.647,24.036],[88.641,24.006],[88.633,23.988],[88.654,23.984],[88.679,23.984],[88.701,23.98],[88.709,23.967],[88.747,23.967],[88.755,23.965],[88.763,23.96],[88.77,23.954],[88.787,23.962],[88.804,23.953],[88.822,23.94],[88.842,23.933],[88.853,23.925],[88.863,23.908],[88.863,23.89],[88.846,23.878],[88.859,23.872],[88.869,23.869],[88.873,23.871],[88.871,23.862],[88.866,23.858],[88.861,23.854],[88.859,23.851],[88.859,23.802],[88.87,23.714],[88.87,23.7],[88.86,23.685],[88.859,23.683],[88.856,23.678],[88.85,23.68],[88.844,23.684],[88.842,23.686],[88.827,23.681],[88.825,23.669],[88.832,23.641],[88.826,23.637],[88.812,23.631],[88.797,23.627],[88.787,23.628],[88.774,23.634],[88.764,23.627],[88.762,23.613],[88.77,23.597],[88.75,23.591],[88.74,23.586],[88.736,23.58],[88.74,23.564],[88.75,23.556],[88.759,23.549],[88.768,23.525],[88.786,23.506],[88.791,23.497],[88.794,23.485],[88.802,23.483],[88.828,23.487],[88.831,23.474],[88.828,23.448],[88.835,23.43],[88.866,23.439],[88.874,23.448],[88.885,23.462],[88.896,23.472],[88.907,23.473],[88.909,23.465],[88.906,23.436],[88.907,23.426],[88.9,23.424],[88.893,23.42],[88.889,23.413],[88.894,23.405],[88.9,23.403],[88.931,23.405],[88.939,23.397],[88.938,23.38],[88.929,23.369],[88.914,23.378],[88.905,23.362],[88.933,23.356],[88.97,23.358],[88.989,23.367],[88.995,23.382],[88.995,23.388],[88.985,23.391],[88.976,23.397],[88.971,23.401],[88.968,23.405],[88.974,23.417],[88.99,23.411],[89.007,23.397],[89.016,23.385],[89.017,23.38],[89.014,23.377],[89.011,23.373],[89.01,23.371],[89.012,23.367],[89.021,23.361],[89.023,23.357],[89.022,23.349],[89.018,23.34],[89.015,23.283],[89.02,23.271],[89.021,23.262],[89.013,23.252],[89.002,23.242],[88.996,23.234],[88.997,23.223],[89.003,23.213],[89.013,23.21],[89.023,23.22],[89.027,23.217],[89.03,23.215],[89.037,23.212],[89.041,23.205],[89.05,23.194],[89.055,23.183],[89.047,23.179],[89.041,23.174],[89.051,23.161],[89.075,23.141],[89.106,23.088],[89.119,23.076],[89.098,23.047],[89.091,23.033],[89.085,23.014],[89.078,22.999],[89.076,22.987],[89.082,22.977],[89.093,22.973],[89.104,22.977],[89.112,22.978],[89.119,22.967],[89.095,22.953],[89.091,22.949],[89.093,22.934],[89.098,22.93],[89.105,22.932],[89.112,22.932],[89.124,22.934],[89.13,22.93],[89.137,22.894],[89.133,22.89],[89.119,22.898],[89.117,22.894],[89.117,22.893],[89.116,22.893],[89.112,22.89],[89.122,22.878],[89.126,22.871],[89.127,22.864],[89.126,22.853],[89.129,22.838],[89.135,22.826],[89.144,22.822],[89.154,22.83],[89.16,22.823],[89.153,22.818],[89.15,22.812],[89.15,22.804],[89.154,22.795],[89.164,22.8],[89.174,22.808],[89.184,22.814],[89.191,22.812],[89.193,22.803],[89.178,22.78],[89.174,22.767],[89.181,22.767],[89.189,22.775],[89.194,22.768],[89.197,22.756],[89.201,22.747],[89.226,22.736],[89.242,22.732],[89.25,22.736],[89.256,22.737],[89.27,22.728],[89.284,22.717],[89.291,22.709],[89.296,22.705],[89.306,22.7],[89.312,22.693],[89.304,22.679],[89.263,22.706],[89.269,22.682],[89.279,22.668],[89.292,22.656],[89.304,22.638],[89.296,22.633],[89.292,22.625],[89.294,22.615],[89.293,22.6]],[[89.088,23.978],[89.089,23.977]],[[89.089,23.977],[89.116,23.956],[89.137,23.943],[89.159,23.934],[89.186,23.929],[89.269,23.937],[89.296,23.935],[89.321,23.93],[89.345,23.92],[89.378,23.9],[89.467,23.865],[89.49,23.853],[89.53,23.819],[89.556,23.815],[89.573,23.82],[89.603,23.838],[89.62,23.844],[89.675,23.848],[89.709,23.857],[89.723,23.856],[89.754,23.845],[89.749,23.848]],[[89.089,23.977],[89.096,23.956],[89.097,23.952],[89.097,23.949],[89.098,23.944],[89.105,23.934],[89.114,23.926],[89.157,23.898],[89.177,23.882],[89.183,23.873],[89.184,23.865],[89.188,23.859],[89.211,23.854],[89.22,23.847],[89.25,23.816],[89.255,23.807],[89.256,23.772],[89.262,23.752],[89.277,23.74],[89.311,23.72],[89.353,23.672],[89.381,23.673],[89.398,23.678],[89.411,23.679],[89.421,23.674],[89.48,23.593],[89.493,23.58],[89.499,23.57],[89.504,23.557],[89.51,23.547],[89.52,23.542],[89.526,23.537],[89.517,23.527],[89.503,23.518],[89.497,23.514],[89.496,23.507],[89.497,23.499],[89.499,23.493],[89.503,23.487],[89.519,23.508],[89.548,23.506],[89.579,23.49],[89.599,23.473],[89.608,23.453],[89.626,23.371],[89.614,23.376],[89.609,23.379],[89.606,23.385],[89.599,23.385],[89.598,23.353],[89.612,23.315],[89.638,23.288],[89.667,23.289],[89.656,23.273],[89.636,23.255],[89.628,23.24],[89.681,23.227],[89.683,23.21],[89.68,23.189],[89.695,23.171],[89.707,23.17],[89.716,23.176],[89.725,23.182],[89.736,23.185],[89.75,23.18],[89.756,23.171],[89.753,23.162],[89.74,23.158],[89.734,23.153],[89.718,23.133],[89.711,23.119],[89.701,23.123],[89.681,23.138],[89.68,23.127],[89.682,23.118],[89.685,23.11],[89.689,23.104],[89.698,23.097],[89.715,23.094],[89.723,23.09],[89.733,23.076],[89.757,23.028],[89.773,23.01],[89.805,22.983],[89.818,22.967],[89.823,22.957],[89.828,22.939],[89.833,22.932],[89.838,22.928],[89.853,22.922],[89.859,22.918],[89.88,22.897],[89.887,22.89],[89.928,22.87],[89.943,22.857],[89.999,22.769],[90.007,22.75],[90.011,22.726],[90.01,22.686],[90.013,22.667],[90.024,22.651],[90.016,22.628],[90.014,22.596],[90.018,22.566],[90.024,22.548],[90.02,22.538],[90.012,22.511],[90.01,22.49]],[[90.087,23.579],[90.084,23.558],[90.069,23.528],[90.068,23.52],[90.069,23.512],[90.071,23.504],[90.079,23.489],[90.112,23.439],[90.093,23.428],[90.082,23.389],[90.065,23.391],[90.074,23.378],[90.095,23.375],[90.116,23.369],[90.126,23.347],[90.127,23.335],[90.132,23.312],[90.134,23.298],[90.13,23.291],[90.121,23.29],[90.112,23.295],[90.106,23.302],[90.099,23.302],[90.099,23.261],[90.106,23.261],[90.108,23.275],[90.116,23.28],[90.128,23.278],[90.141,23.268],[90.145,23.254],[90.143,23.243],[90.145,23.237],[90.164,23.234],[90.18,23.234],[90.197,23.232],[90.213,23.225],[90.222,23.212],[90.22,23.205],[90.213,23.191]],[[90.213,23.191],[90.212,23.191],[90.202,23.177],[90.192,23.171],[90.176,23.174],[90.172,23.179],[90.175,23.196],[90.177,23.199],[90.184,23.2],[90.198,23.199],[90.209,23.197],[90.212,23.193],[90.213,23.191]],[[90.213,23.191],[90.213,23.188],[90.215,23.185],[90.236,23.183],[90.246,23.18],[90.25,23.175],[90.255,23.15],[90.253,23.139],[90.243,23.13],[90.243,23.124],[90.267,23.122],[90.294,23.117],[90.319,23.106],[90.332,23.09],[90.325,23.09],[90.331,23.075],[90.325,23.069],[90.312,23.066],[90.301,23.059],[90.292,23.043],[90.302,23.041],[90.317,23.043],[90.325,23.038],[90.326,23.021],[90.325,23.021],[90.324,23.016],[90.319,23.011],[90.317,23.005],[90.322,22.997],[90.335,22.989],[90.347,22.982],[90.356,22.975],[90.36,22.963],[90.365,22.955],[90.375,22.946],[90.385,22.934],[90.387,22.918],[90.385,22.915],[90.373,22.906],[90.37,22.905],[90.366,22.901],[90.365,22.846],[90.37,22.817],[90.379,22.793],[90.394,22.775]],[[88.407,22.946],[88.444,22.946],[88.456,22.943],[88.476,22.934],[88.485,22.932],[88.496,22.934],[88.504,22.94],[88.528,22.968],[88.537,22.98],[88.546,22.984],[88.556,22.985],[88.565,22.983],[88.574,22.977],[88.586,22.971],[88.599,22.97],[88.609,22.971],[88.616,22.97],[88.62,22.961],[88.621,22.952],[88.623,22.945],[88.633,22.939],[88.639,22.939],[88.645,22.941],[88.65,22.944],[88.654,22.946],[88.655,22.946],[88.668,22.946],[88.667,22.946],[88.704,22.946],[88.724,22.943],[88.739,22.935],[88.747,22.921],[88.751,22.884],[88.756,22.87],[88.773,22.855],[88.789,22.849],[88.828,22.849],[88.83,22.845],[88.839,22.837],[88.849,22.83],[88.853,22.83],[88.854,22.818],[88.852,22.811],[88.838,22.795],[88.85,22.789],[88.851,22.783],[88.848,22.778],[88.846,22.771],[88.841,22.746],[88.838,22.739],[88.83,22.737],[88.822,22.739],[88.814,22.74],[88.811,22.73],[88.813,22.721],[88.818,22.716],[88.825,22.712],[88.832,22.706],[88.868,22.664],[88.88,22.658],[88.9,22.658],[88.917,22.662],[88.93,22.659],[88.942,22.638],[88.952,22.612],[88.956,22.585],[88.95,22.562],[88.928,22.548],[88.959,22.537],[88.971,22.528],[88.98,22.491],[88.998,22.451],[89.002,22.428],[89,22.42],[88.992,22.407],[88.989,22.397],[88.989,22.387],[89.001,22.334],[89.006,22.322],[89.023,22.295],[89.009,22.286],[89.018,22.265],[89.062,22.212],[89.07,22.195],[89.076,22.175],[89.078,22.151],[89.06,22.131]],[[88.407,22.946],[88.404,22.917],[88.398,22.897],[88.379,22.857],[88.366,22.816],[88.348,22.788],[88.345,22.778],[88.349,22.758],[88.363,22.721],[88.366,22.699],[88.364,22.656],[88.357,22.613],[88.342,22.576],[88.317,22.555],[88.297,22.554],[88.272,22.556],[88.251,22.554],[88.242,22.538],[88.241,22.527],[88.238,22.522],[88.23,22.521],[88.218,22.521],[88.207,22.517],[88.2,22.507],[88.194,22.495],[88.187,22.487],[88.171,22.481],[88.15,22.476],[88.133,22.469],[88.126,22.456],[88.137,22.418],[88.14,22.399],[88.129,22.391],[88.107,22.384],[88.101,22.367],[88.105,22.329],[88.103,22.314],[88.099,22.299],[88.097,22.294],[88.082,22.272],[88.081,22.269],[88.08,22.265],[88.078,22.249],[88.076,22.241],[88.071,22.235]],[[88.406,22.946],[88.407,22.946]],[[89.293,22.6],[89.291,22.607],[89.288,22.616],[89.282,22.627],[89.273,22.636],[89.263,22.638],[89.257,22.633],[89.255,22.626],[89.256,22.607],[89.259,22.598],[89.266,22.589],[89.27,22.581],[89.267,22.573],[89.256,22.561],[89.251,22.553],[89.25,22.546],[89.25,22.535],[89.252,22.512],[89.261,22.495],[89.291,22.466],[89.271,22.459],[89.258,22.444],[89.255,22.424],[89.263,22.404],[89.252,22.393],[89.253,22.381],[89.262,22.369],[89.277,22.356],[89.266,22.337],[89.275,22.313],[89.296,22.291],[89.318,22.281],[89.307,22.26],[89.306,22.242],[89.342,22.131],[89.351,22.128],[89.359,22.121],[89.364,22.113],[89.366,22.106],[89.368,22.104],[89.384,22.092],[89.387,22.087],[89.386,22.084],[89.382,22.082],[89.38,22.079],[89.376,22.064],[89.367,22.049],[89.345,22.021],[89.351,22.012],[89.353,22],[89.352,21.972]],[[89.293,22.6],[89.293,22.598]],[[89.476,22.295],[89.454,22.317],[89.444,22.334],[89.441,22.352],[89.44,22.399],[89.431,22.465],[89.421,22.492],[89.422,22.503],[89.427,22.516],[89.426,22.534],[89.408,22.562],[89.394,22.576],[89.354,22.595],[89.345,22.603],[89.331,22.593],[89.313,22.587],[89.297,22.589],[89.293,22.6]]]}},{"type":"Feature","properties":{"name":"Penner","scalerank":7,"kind":"River"},"geometry":{"type":"MultiLineString","coordinates":[[[77.573,13.407],[77.597,13.42],[77.609,13.435],[77.613,13.452],[77.614,13.472],[77.61,13.478],[77.596,13.494],[77.593,13.5],[77.59,13.511],[77.582,13.516],[77.573,13.519],[77.565,13.523],[77.561,13.53],[77.555,13.545],[77.552,13.551],[77.533,13.562],[77.522,13.571],[77.518,13.582],[77.514,13.6],[77.487,13.663],[77.48,13.694],[77.474,13.76],[77.464,13.802],[77.463,13.825],[77.471,13.842],[77.485,13.863],[77.494,13.885],[77.487,13.903],[77.481,13.913],[77.478,13.935],[77.473,13.945],[77.465,13.953],[77.442,13.969],[77.429,13.984],[77.419,14.005],[77.415,14.027],[77.434,14.064],[77.434,14.084],[77.396,14.179],[77.391,14.188],[77.373,14.195],[77.365,14.212],[77.348,14.321],[77.343,14.335],[77.34,14.34],[77.339,14.35],[77.336,14.352],[77.332,14.353],[77.319,14.36],[77.315,14.363],[77.313,14.367],[77.312,14.372],[77.312,14.383],[77.31,14.391],[77.306,14.392],[77.301,14.392],[77.298,14.394],[77.284,14.44],[77.281,14.465],[77.288,14.476],[77.307,14.482],[77.313,14.496],[77.305,14.538],[77.285,14.578],[77.278,14.598],[77.285,14.613],[77.272,14.642],[77.266,14.669],[77.271,14.692],[77.292,14.709],[77.282,14.726],[77.283,14.739],[77.289,14.753],[77.293,14.788],[77.297,14.801],[77.311,14.833],[77.312,14.842],[77.328,14.867],[77.365,14.876],[77.407,14.881],[77.436,14.894],[77.442,14.888],[77.449,14.888],[77.463,14.894],[77.465,14.896],[77.502,14.914],[77.513,14.915],[77.535,14.914],[77.54,14.917],[77.559,14.936],[77.573,14.942],[77.595,14.949],[77.62,14.952],[77.638,14.945],[77.653,14.937],[77.697,14.933],[77.717,14.928],[77.757,14.904],[77.781,14.899],[77.792,14.918],[77.797,14.922],[77.821,14.928],[77.829,14.932],[77.867,14.955],[77.905,14.962],[77.931,14.964],[77.943,14.959],[77.951,14.945],[77.97,14.938],[78.011,14.928],[78.033,14.916],[78.052,14.901],[78.074,14.872],[78.076,14.867],[78.085,14.864],[78.111,14.852],[78.145,14.853],[78.155,14.852],[78.177,14.842],[78.218,14.811],[78.241,14.804],[78.248,14.807],[78.272,14.822],[78.277,14.824],[78.306,14.832],[78.345,14.862],[78.357,14.867],[78.364,14.862],[78.369,14.851],[78.373,14.838],[78.374,14.829],[78.377,14.823],[78.401,14.811],[78.433,14.789],[78.449,14.781],[78.467,14.777],[78.479,14.772],[78.539,14.736],[78.55,14.725],[78.567,14.701],[78.58,14.689],[78.594,14.68],[78.642,14.661],[78.673,14.637],[78.685,14.618],[78.689,14.613],[78.704,14.604],[78.716,14.603],[78.748,14.606],[78.757,14.602],[78.762,14.594],[78.766,14.585],[78.772,14.579],[78.778,14.577],[78.803,14.579],[78.815,14.575],[78.832,14.566],[78.847,14.556],[78.857,14.544],[78.878,14.507],[78.891,14.495],[78.929,14.469],[78.942,14.476],[78.965,14.472],[78.977,14.476],[78.992,14.466],[79.007,14.457],[79.024,14.451],[79.042,14.448],[79.084,14.465],[79.095,14.473],[79.105,14.473],[79.114,14.469],[79.121,14.462],[79.127,14.453],[79.129,14.444],[79.132,14.435],[79.142,14.428],[79.15,14.426],[79.156,14.429],[79.163,14.433],[79.173,14.435],[79.189,14.442],[79.206,14.476],[79.224,14.483],[79.234,14.48],[79.244,14.466],[79.251,14.462],[79.263,14.463],[79.273,14.467],[79.282,14.473],[79.289,14.48],[79.307,14.492],[79.346,14.509],[79.416,14.548],[79.426,14.561],[79.45,14.568],[79.498,14.571],[79.539,14.579],[79.55,14.576],[79.565,14.567],[79.57,14.565],[79.572,14.564],[79.579,14.557],[79.582,14.55],[79.587,14.552],[79.593,14.556],[79.597,14.558],[79.606,14.56],[79.651,14.583],[79.67,14.589],[79.689,14.592],[79.714,14.593],[79.735,14.588],[79.752,14.575],[79.779,14.551],[79.82,14.531],[79.84,14.515],[79.848,14.493],[79.917,14.476],[79.923,14.477],[79.938,14.482],[79.944,14.483],[79.952,14.48],[79.957,14.475],[79.963,14.471],[79.975,14.469],[79.999,14.471],[80.016,14.478],[80.046,14.503],[80.053,14.51],[80.061,14.519],[80.067,14.524],[80.076,14.527],[80.092,14.528],[80.101,14.53],[80.116,14.539],[80.134,14.557],[80.149,14.565]]]}},{"type":"Feature","properties":{"name":"Indus","scalerank":3,"kind":"River"},"geometry":{"type":"MultiLineString","coordinates":[[[72.707,34.086],[72.667,34.059],[72.652,34.044],[72.646,34.023],[72.633,34.014],[72.605,34.013],[72.51,34.023],[72.467,34.02],[72.431,34.011],[72.399,33.993],[72.367,33.969],[72.348,33.961],[72.255,33.944],[72.24,33.938],[72.226,33.901],[72.241,33.805],[72.234,33.766],[72.223,33.774],[72.211,33.776],[72.198,33.774],[72.186,33.766],[72.172,33.773],[72.153,33.777],[72.115,33.78],[72.087,33.79],[72.083,33.788],[72.063,33.766],[72.053,33.761],[72.032,33.754],[72.022,33.746],[72.01,33.716],[72.005,33.711],[71.999,33.703],[71.979,33.664],[71.974,33.65],[71.972,33.598],[71.953,33.571],[71.953,33.56],[71.956,33.547],[71.953,33.526],[71.945,33.516],[71.902,33.489],[71.897,33.482],[71.893,33.468],[71.888,33.461],[71.879,33.452],[71.874,33.443],[71.873,33.435],[71.878,33.423],[71.868,33.421],[71.863,33.415],[71.859,33.409],[71.851,33.404],[71.842,33.402],[71.813,33.404],[71.797,33.4],[71.741,33.376],[71.723,33.355],[71.722,33.336],[71.725,33.319],[71.717,33.304],[71.705,33.29],[71.699,33.273],[71.703,33.257],[71.721,33.246],[71.713,33.246],[71.727,33.231],[71.741,33.219],[71.751,33.205],[71.754,33.184],[71.75,33.163],[71.74,33.15],[71.73,33.14],[71.721,33.129],[71.713,33.111],[71.711,33.094],[71.713,33.054],[71.719,33.037],[71.718,33.029],[71.699,33.023],[71.694,33.015],[71.691,33.006],[71.685,32.999],[71.649,32.979],[71.611,32.964],[71.6,32.962],[71.573,32.961],[71.549,32.954],[71.552,32.956],[71.542,32.953],[71.534,32.949],[71.527,32.943],[71.513,32.92],[71.507,32.915],[71.498,32.911],[71.462,32.898],[71.448,32.887],[71.438,32.869],[71.43,32.843],[71.426,32.835],[71.409,32.816],[71.405,32.809],[71.403,32.79],[71.413,32.753],[71.414,32.734],[71.412,32.726],[71.408,32.719],[71.402,32.713],[71.396,32.709],[71.364,32.695],[71.355,32.689],[71.341,32.674],[71.331,32.656],[71.326,32.637],[71.323,32.616],[71.323,32.594],[71.33,32.574],[71.348,32.535],[71.351,32.525],[71.347,32.432],[71.341,32.415],[71.331,32.399],[71.294,32.356],[71.283,32.34],[71.279,32.322],[71.278,32.302],[71.276,32.293],[71.272,32.283],[71.252,32.255],[71.247,32.244],[71.237,32.202],[71.229,32.182],[71.216,32.165],[71.207,32.16],[71.178,32.147],[71.168,32.141],[71.132,32.106],[71.123,32.094],[71.117,32.081],[71.115,32.067],[71.114,32.047],[71.112,32.039],[71.107,32.031],[71.07,31.999],[71.055,31.982],[71.037,31.94],[71.023,31.926],[71.007,31.913],[70.993,31.898],[70.983,31.879],[70.974,31.839],[70.967,31.819],[70.924,31.744],[70.906,31.721],[70.899,31.71],[70.899,31.695],[70.904,31.679],[70.905,31.673],[70.903,31.664],[70.827,31.489],[70.801,31.454],[70.795,31.441],[70.791,31.426],[70.788,31.38],[70.768,31.264],[70.768,31.25],[70.771,31.236],[70.782,31.209],[70.784,31.195],[70.789,31.138],[70.793,31.125],[70.814,31.092],[70.819,31.078],[70.836,30.978],[70.835,30.948],[70.829,30.92],[70.819,30.884],[70.815,30.873],[70.797,30.847],[70.766,30.813],[70.757,30.802],[70.752,30.789],[70.75,30.774],[70.751,30.766],[70.76,30.744],[70.762,30.737],[70.766,30.695],[70.771,30.677],[70.781,30.661],[70.814,30.625],[70.83,30.599],[70.842,30.571],[70.848,30.542],[70.85,30.522],[70.849,30.503],[70.845,30.484],[70.836,30.457],[70.83,30.417],[70.815,30.364],[70.811,30.356],[70.805,30.35],[70.785,30.337],[70.78,30.331],[70.774,30.316],[70.775,30.298],[70.781,30.281],[70.802,30.238],[70.812,30.226],[70.816,30.22],[70.817,30.211],[70.816,30.202],[70.805,30.171],[70.804,30.162],[70.802,30.109],[70.806,30.094],[70.835,30.053],[70.839,30.018],[70.834,29.947],[70.835,29.939],[70.843,29.917],[70.845,29.908],[70.844,29.9],[70.83,29.855],[70.824,29.841],[70.813,29.829],[70.805,29.825],[70.789,29.819],[70.781,29.815],[70.775,29.809],[70.771,29.802],[70.768,29.795],[70.763,29.772],[70.761,29.765],[70.755,29.758],[70.728,29.732],[70.701,29.697],[70.689,29.686],[70.669,29.673],[70.663,29.668],[70.659,29.661],[70.653,29.637],[70.635,29.601],[70.634,29.592],[70.634,29.582],[70.636,29.564],[70.645,29.546],[70.659,29.537],[70.677,29.531],[70.693,29.521],[70.7,29.506],[70.702,29.486],[70.7,29.448],[70.701,29.438],[70.704,29.431],[70.715,29.417],[70.719,29.408],[70.72,29.4],[70.719,29.391],[70.716,29.381],[70.709,29.367],[70.681,29.325],[70.676,29.308],[70.675,29.272],[70.672,29.255],[70.669,29.248],[70.659,29.236],[70.648,29.215],[70.649,29.187],[70.652,29.174],[70.662,29.148],[70.668,29.124],[70.668,29.084],[70.665,29.071],[70.66,29.059],[70.652,29.05],[70.642,29.044],[70.63,29.04],[70.591,29.034],[70.578,29.03],[70.565,29.023],[70.555,29.015],[70.526,28.976],[70.476,28.923],[70.466,28.916],[70.437,28.912],[70.404,28.916],[70.374,28.915],[70.35,28.895],[70.345,28.883],[70.339,28.859],[70.334,28.848],[70.326,28.838],[70.276,28.793],[70.252,28.778],[70.157,28.745],[70.144,28.739],[70.133,28.729],[70.107,28.692],[70.096,28.683],[70.055,28.667],[70.043,28.659],[70.037,28.65],[70.036,28.639],[70.037,28.626],[70.029,28.598],[70.003,28.587],[69.941,28.582],[69.927,28.577],[69.915,28.57],[69.894,28.55],[69.882,28.542],[69.871,28.538],[69.824,28.534],[69.802,28.528],[69.781,28.52],[69.762,28.509],[69.753,28.5],[69.746,28.49],[69.725,28.416],[69.717,28.401],[69.708,28.392],[69.678,28.375],[69.669,28.366],[69.663,28.355],[69.653,28.332],[69.645,28.321],[69.585,28.259],[69.573,28.25],[69.561,28.246],[69.536,28.24],[69.524,28.235],[69.5,28.221],[69.488,28.216],[69.474,28.215],[69.433,28.232],[69.42,28.232],[69.411,28.226],[69.406,28.214],[69.4,28.19],[69.396,28.176],[69.389,28.163],[69.379,28.152],[69.366,28.146],[69.338,28.15],[69.312,28.164],[69.288,28.17],[69.267,28.151],[69.259,28.138],[69.251,28.129],[69.239,28.124],[69.224,28.122],[69.195,28.122],[69.181,28.119],[69.169,28.11],[69.163,28.098],[69.153,28.073],[69.145,28.063],[69.131,28.056],[69.117,28.055],[69.074,28.064],[69.061,28.066],[69.048,28.065],[69.035,28.063],[69.036,28.035],[69.036,28.031],[69.026,28.002],[69.022,27.992],[69.016,27.984],[68.999,27.972],[68.981,27.971],[68.933,27.986],[68.928,27.987],[68.923,27.984],[68.919,27.98],[68.917,27.974],[68.918,27.968],[68.92,27.963],[68.927,27.953],[68.943,27.936],[68.95,27.926],[68.954,27.915],[68.955,27.904],[68.954,27.88],[68.95,27.868],[68.943,27.862],[68.933,27.859],[68.895,27.854],[68.883,27.849],[68.873,27.843],[68.87,27.838],[68.863,27.82],[68.861,27.814],[68.861,27.808],[68.863,27.795],[68.878,27.783],[68.884,27.782],[68.891,27.78],[68.896,27.776],[68.898,27.771],[68.918,27.766],[68.941,27.759],[68.956,27.746],[68.952,27.726],[68.933,27.71],[68.882,27.691],[68.836,27.668],[68.813,27.663],[68.791,27.667],[68.769,27.681],[68.75,27.7],[68.734,27.722],[68.717,27.767],[68.699,27.785],[68.677,27.79],[68.658,27.782],[68.652,27.757],[68.655,27.733],[68.654,27.721],[68.647,27.711],[68.636,27.705],[68.623,27.703],[68.61,27.704],[68.576,27.71],[68.566,27.71],[68.555,27.706],[68.543,27.696],[68.522,27.674],[68.511,27.665],[68.489,27.662],[68.468,27.672],[68.45,27.677],[68.434,27.658],[68.424,27.635],[68.417,27.627],[68.405,27.624],[68.378,27.625],[68.365,27.623],[68.353,27.618],[68.345,27.61],[68.333,27.59],[68.325,27.581],[68.298,27.564],[68.291,27.557],[68.289,27.535],[68.326,27.499],[68.331,27.478],[68.325,27.465],[68.306,27.442],[68.298,27.43],[68.297,27.419],[68.301,27.41],[68.316,27.394],[68.327,27.374],[68.317,27.364],[68.297,27.361],[68.275,27.363],[68.247,27.368],[68.233,27.37],[68.219,27.368],[68.21,27.363],[68.153,27.301],[68.146,27.279],[68.162,27.26],[68.198,27.245],[68.205,27.236],[68.207,27.225],[68.202,27.215],[68.192,27.207],[68.182,27.202],[68.161,27.201],[68.134,27.202],[68.109,27.199],[68.094,27.186],[68.094,27.176],[68.099,27.165],[68.112,27.147],[68.118,27.134],[68.121,27.121],[68.12,27.107],[68.113,27.094],[68.074,27.053],[68.051,27.022],[68.041,27.013],[68,26.992],[67.976,26.97],[67.967,26.964],[67.955,26.962],[67.944,26.964],[67.922,26.972],[67.913,26.966],[67.909,26.957],[67.908,26.947],[67.917,26.914],[67.917,26.903],[67.914,26.891],[67.905,26.867],[67.902,26.862],[67.895,26.852],[67.893,26.847],[67.892,26.833],[67.903,26.794],[67.905,26.768],[67.905,26.742],[67.902,26.717],[67.901,26.711],[67.891,26.694],[67.885,26.682],[67.881,26.67],[67.879,26.657],[67.879,26.644],[67.881,26.633],[67.885,26.625],[67.891,26.617],[67.911,26.598],[67.92,26.587],[67.926,26.574],[67.927,26.558],[67.923,26.537],[67.922,26.53],[67.925,26.506],[67.927,26.499],[67.92,26.472],[67.919,26.461],[67.917,26.451],[67.914,26.442],[67.908,26.433],[67.89,26.41],[67.886,26.402],[67.89,26.386],[67.917,26.358],[67.927,26.344],[67.932,26.326],[67.935,26.287],[67.939,26.269],[67.953,26.255],[67.972,26.25],[67.994,26.246],[68.012,26.238],[68.019,26.231],[68.022,26.223],[68.028,26.205],[68.033,26.197],[68.04,26.191],[68.048,26.187],[68.094,26.175],[68.11,26.166],[68.124,26.152],[68.129,26.144],[68.132,26.135],[68.133,26.125],[68.133,26.115],[68.127,26.088],[68.127,26.079],[68.136,26.062],[68.153,26.047],[68.207,26.013],[68.221,26],[68.233,25.985],[68.242,25.966],[68.253,25.933],[68.26,25.917],[68.271,25.903],[68.287,25.893],[68.318,25.878],[68.332,25.866],[68.341,25.853],[68.347,25.848],[68.354,25.844],[68.383,25.833],[68.391,25.827],[68.398,25.81],[68.386,25.795],[68.366,25.784],[68.349,25.777],[68.331,25.766],[68.322,25.751],[68.323,25.733],[68.335,25.715],[68.353,25.703],[68.396,25.689],[68.416,25.679],[68.426,25.661],[68.416,25.647],[68.397,25.634],[68.382,25.621],[68.379,25.603],[68.394,25.568],[68.393,25.549],[68.38,25.535],[68.362,25.527],[68.343,25.521],[68.326,25.513],[68.314,25.499],[68.315,25.484],[68.328,25.451],[68.326,25.435],[68.311,25.409],[68.31,25.395],[68.316,25.385],[68.332,25.372],[68.339,25.364],[68.344,25.353],[68.349,25.279],[68.347,25.272],[68.344,25.266],[68.333,25.255],[68.314,25.241],[68.308,25.236],[68.304,25.228],[68.302,25.218],[68.301,25.208],[68.303,25.2],[68.312,25.188],[68.356,25.165],[68.361,25.16],[68.366,25.155],[68.37,25.148],[68.371,25.142],[68.366,25.135],[68.358,25.132],[68.349,25.131],[68.323,25.135],[68.307,25.136],[68.295,25.129],[68.289,25.111],[68.289,25.101],[68.287,25.093],[68.284,25.086],[68.273,25.07],[68.269,25.062],[68.266,25.054],[68.267,25.044],[68.273,25.01],[68.274,24.993],[68.267,24.976],[68.261,24.969],[68.253,24.965],[68.245,24.964],[68.237,24.968],[68.231,24.976],[68.223,24.995],[68.215,25.003],[68.198,25.006],[68.181,24.998],[68.165,24.984],[68.143,24.956],[68.135,24.941],[68.132,24.925],[68.137,24.907],[68.144,24.895],[68.146,24.889],[68.146,24.882],[68.141,24.874],[68.133,24.869],[68.124,24.866],[68.115,24.866],[68.079,24.876],[68.061,24.877],[68.044,24.868],[68.038,24.853],[68.042,24.839],[68.05,24.825],[68.053,24.81],[68.047,24.791],[68.036,24.775],[68.009,24.746],[68.001,24.732],[67.987,24.688],[67.97,24.656],[67.969,24.641],[67.978,24.625],[68.004,24.601],[68.011,24.587],[68.007,24.57],[68.002,24.562],[67.997,24.556],[67.99,24.551],[67.967,24.539],[67.961,24.533],[67.958,24.524],[67.958,24.517],[67.967,24.494],[67.972,24.479],[67.974,24.464],[67.974,24.457],[67.973,24.45],[67.97,24.443],[67.966,24.436],[67.957,24.431],[67.944,24.432],[67.92,24.437],[67.915,24.435],[67.901,24.427],[67.877,24.421],[67.859,24.419],[67.85,24.417],[67.843,24.412],[67.842,24.403],[67.846,24.396],[67.859,24.384],[67.864,24.376],[67.868,24.366],[67.871,24.356],[67.87,24.346],[67.855,24.333],[67.83,24.339],[67.805,24.348],[67.788,24.346],[67.785,24.336],[67.788,24.325],[67.794,24.315],[67.802,24.307],[67.819,24.293],[67.826,24.285],[67.83,24.274],[67.83,24.264],[67.825,24.255],[67.817,24.251],[67.807,24.252],[67.788,24.267],[67.778,24.271],[67.767,24.269],[67.758,24.261],[67.756,24.25],[67.756,24.227],[67.753,24.205],[67.75,24.195],[67.745,24.185],[67.738,24.174],[67.73,24.167],[67.72,24.164],[67.707,24.167],[67.687,24.175],[67.677,24.176],[67.666,24.172],[67.66,24.166],[67.655,24.159],[67.652,24.151],[67.651,24.143],[67.653,24.133],[67.662,24.114],[67.664,24.106]],[[79.437,32.738],[79.422,32.753],[79.399,32.793],[79.357,32.851],[79.336,32.86],[79.327,32.868],[79.318,32.908],[79.309,32.928],[79.289,32.937],[79.284,32.94],[79.274,32.955],[79.269,32.958],[79.224,32.971],[79.182,32.989],[79.152,33.015],[79.101,33.081],[78.955,33.201],[78.936,33.211],[78.924,33.213],[78.915,33.21],[78.907,33.207],[78.899,33.205],[78.798,33.153],[78.787,33.15],[78.772,33.15],[78.761,33.152],[78.734,33.163],[78.711,33.165],[78.592,33.208],[78.577,33.211],[78.571,33.216],[78.559,33.24],[78.549,33.246],[78.538,33.248],[78.511,33.26],[78.434,33.282],[78.406,33.299],[78.366,33.344],[78.353,33.355],[78.336,33.36],[78.31,33.362],[78.291,33.366],[78.277,33.374],[78.252,33.397],[78.196,33.433],[78.163,33.462],[78.152,33.469],[78.149,33.48],[78.158,33.525],[78.158,33.548],[78.15,33.567],[78.131,33.574],[78.101,33.578],[78.092,33.588],[78.091,33.606],[78.08,33.629],[78.067,33.638],[78.022,33.659],[78.008,33.664],[77.997,33.674],[77.959,33.723],[77.943,33.739],[77.884,33.769],[77.87,33.773],[77.858,33.78],[77.734,33.922],[77.66,34.029],[77.593,34.088],[77.556,34.113],[77.534,34.125],[77.505,34.131],[77.498,34.135],[77.489,34.137],[77.467,34.13],[77.434,34.128],[77.421,34.129],[77.339,34.16],[77.334,34.182],[77.32,34.196],[77.3,34.203],[77.277,34.204],[77.273,34.202],[77.269,34.193],[77.264,34.191],[77.257,34.192],[77.252,34.194],[77.248,34.196],[77.233,34.201],[77.217,34.21],[77.197,34.213],[77.184,34.216],[77.173,34.222],[77.168,34.229],[77.164,34.237],[77.155,34.237],[77.143,34.234],[77.134,34.232],[77.113,34.238],[77.071,34.256],[77.043,34.262],[77.036,34.269],[77.032,34.279],[77.032,34.291],[76.99,34.308],[76.904,34.308],[76.888,34.311],[76.843,34.33],[76.789,34.372],[76.773,34.39],[76.77,34.403],[76.738,34.424],[76.694,34.441],[76.685,34.448],[76.625,34.519],[76.612,34.543],[76.6,34.554],[76.584,34.563],[76.538,34.575],[76.523,34.583],[76.49,34.609],[76.449,34.631],[76.435,34.637],[76.387,34.644],[76.373,34.65],[76.373,34.644],[76.334,34.658],[76.317,34.668],[76.301,34.681],[76.243,34.746],[76.234,34.752],[76.221,34.76],[76.215,34.767],[76.21,34.777],[76.203,34.803],[76.19,34.83],[76.19,34.853],[76.195,34.875],[76.202,34.891],[76.206,34.897],[76.218,34.909],[76.223,34.917],[76.225,34.931],[76.222,34.941],[76.217,34.948],[76.215,34.955],[76.21,34.959],[76.186,34.965],[76.178,34.969],[76.15,34.989],[76.123,35.016],[76.076,35.051],[76.061,35.066],[76.053,35.073],[76.041,35.075],[76.038,35.077],[76.037,35.088],[76.034,35.092],[76.027,35.096],[76.011,35.095],[76.004,35.096],[75.957,35.148],[75.945,35.157],[75.922,35.166],[75.915,35.186],[75.916,35.209],[75.914,35.226],[75.908,35.234],[75.901,35.238],[75.894,35.241],[75.887,35.246],[75.882,35.254],[75.875,35.276],[75.859,35.303],[75.854,35.324],[75.843,35.341],[75.818,35.349],[75.797,35.343],[75.768,35.314],[75.746,35.308],[75.726,35.308],[75.721,35.311],[75.712,35.318],[75.7,35.323],[75.689,35.319],[75.679,35.312],[75.667,35.308],[75.636,35.314],[75.486,35.416],[75.469,35.431],[75.462,35.448],[75.452,35.46],[75.427,35.471],[75.4,35.477],[75.38,35.472],[75.363,35.486],[75.352,35.505],[75.347,35.528],[75.346,35.551],[75.339,35.575],[75.323,35.586],[75.105,35.603],[75.086,35.602],[75.08,35.604],[75.071,35.609],[75.062,35.619],[75.056,35.628],[75.048,35.635],[75.033,35.637],[74.989,35.64],[74.967,35.644],[74.948,35.651],[74.939,35.657],[74.921,35.678],[74.89,35.702],[74.872,35.712],[74.85,35.717],[74.773,35.718],[74.763,35.719],[74.745,35.724],[74.74,35.728],[74.742,35.75],[74.747,35.769],[74.747,35.777],[74.725,35.786],[74.723,35.798],[74.729,35.822],[74.727,35.836],[74.725,35.842],[74.657,35.843],[74.639,35.836],[74.63,35.821],[74.629,35.802],[74.632,35.787],[74.639,35.777],[74.645,35.776],[74.648,35.773],[74.647,35.76],[74.641,35.759],[74.629,35.75],[74.622,35.738],[74.629,35.732],[74.635,35.729],[74.644,35.72],[74.65,35.71],[74.65,35.702],[74.611,35.671],[74.609,35.661],[74.611,35.65],[74.624,35.62],[74.629,35.614],[74.632,35.606],[74.632,35.527],[74.607,35.496],[74.565,35.484],[74.517,35.478],[74.475,35.466],[74.46,35.454],[74.444,35.437],[74.426,35.424],[74.404,35.418],[74.318,35.418],[74.27,35.428],[74.247,35.427],[74.207,35.405],[74.183,35.403],[74.159,35.405],[74.14,35.411],[74.129,35.417],[74.109,35.434],[74.098,35.438],[74.088,35.438],[74.047,35.431],[74.03,35.434],[73.968,35.459],[73.923,35.49],[73.911,35.494],[73.862,35.493],[73.837,35.497],[73.756,35.527],[73.627,35.543],[73.564,35.542],[73.502,35.534],[73.463,35.558],[73.44,35.562],[73.396,35.544],[73.344,35.549],[73.323,35.548],[73.312,35.542],[73.308,35.534],[73.304,35.513],[73.304,35.512],[73.298,35.486],[73.297,35.483],[73.295,35.474],[73.285,35.453],[73.283,35.441],[73.28,35.435],[73.267,35.414],[73.263,35.404],[73.263,35.343],[73.26,35.337],[73.251,35.325],[73.249,35.318],[73.259,35.307],[73.276,35.298],[73.285,35.285],[73.269,35.26],[73.251,35.249],[73.202,35.233],[73.119,35.185],[73.053,35.127],[73.039,35.117],[73.004,35.099],[72.988,35.089],[72.951,35.051],[72.928,35.035],[72.909,35.038],[72.9,35.043],[72.892,35.037],[72.887,35.027],[72.885,35.017],[72.888,35.009],[72.894,35.002],[72.899,34.993],[72.899,34.979],[72.891,34.962],[72.869,34.929],[72.865,34.907],[72.872,34.892],[72.891,34.885],[72.934,34.876],[72.969,34.857],[72.986,34.84],[72.985,34.825],[72.976,34.822],[72.963,34.82],[72.952,34.818],[72.947,34.812],[72.944,34.807],[72.927,34.788],[72.919,34.781],[72.888,34.772],[72.855,34.769],[72.824,34.761],[72.803,34.732],[72.801,34.717],[72.81,34.674],[72.805,34.657],[72.785,34.637],[72.782,34.623]],[[79.735,32.444],[79.72,32.452],[79.676,32.512],[79.462,32.707],[79.43,32.745]],[[67.664,24.106],[67.661,24.108]],[[67.664,24.106],[67.664,24.105],[67.658,24.084],[67.64,24.071],[67.616,24.065],[67.573,24.069],[67.552,24.067],[67.532,24.06]],[[67.713,24.066],[67.702,24.079],[67.664,24.106]],[[67.713,24.066],[67.724,24.063],[67.738,24.057],[67.754,24.054],[67.76,24.053]],[[67.926,23.982],[67.943,23.987],[67.956,23.994],[67.955,24.004],[67.945,24.017],[67.933,24.046],[67.924,24.056],[67.911,24.063],[67.869,24.076],[67.854,24.075],[67.828,24.065],[67.811,24.063],[67.795,24.066],[67.778,24.072],[67.765,24.072],[67.76,24.059],[67.767,24.023],[67.787,24.003],[67.815,23.995],[67.883,23.994],[67.901,23.991],[67.914,23.984],[67.926,23.982],[67.926,23.982]],[[67.926,23.982],[67.927,23.985]],[[68.025,23.934],[68.022,23.949],[68.016,23.968],[68.017,23.979],[68.02,23.995],[68.019,24.001],[68.014,24.01],[68.007,24.016],[67.999,24.019],[67.991,24.019],[67.981,24.016],[67.973,24.011],[67.967,24.005],[67.956,23.999]],[[67.651,23.931],[67.669,23.944],[67.708,23.947],[67.726,23.954],[67.731,23.965],[67.729,23.98],[67.723,23.997],[67.719,24.015],[67.72,24.05],[67.713,24.066]],[[67.858,23.909],[67.858,23.915],[67.861,23.932],[67.863,23.938],[67.868,23.945],[67.876,23.949],[67.884,23.952],[67.91,23.958],[67.916,23.961],[67.92,23.965],[67.926,23.982]]]}},{"type":"Feature","properties":{"name":null,"scalerank":7,"kind":"River"},"geometry":{"type":"MultiLineString","coordinates":[[[90.64,22.953],[90.633,22.969],[90.61,22.986],[90.613,23],[90.597,23.011],[90.59,23.003],[90.589,22.985],[90.589,22.962]],[[90.463,22.823],[90.473,22.814],[90.496,22.811],[90.507,22.805],[90.516,22.798],[90.544,22.782]],[[90.662,22.804],[90.664,22.817],[90.652,22.825],[90.634,22.829],[90.616,22.83],[90.606,22.826],[90.596,22.815],[90.582,22.788]],[[90.67,22.473],[90.7,22.483],[90.711,22.479],[90.716,22.456],[90.713,22.436],[90.705,22.415],[90.694,22.399],[90.683,22.392]],[[90.716,22.452],[90.724,22.455],[90.731,22.449],[90.735,22.436],[90.737,22.422],[90.741,22.404],[90.751,22.4],[90.774,22.404],[90.783,22.4],[90.802,22.379],[90.811,22.37],[90.821,22.366],[90.834,22.363],[90.845,22.358],[90.86,22.342]]]}},{"type":"Feature","properties":{"name":"Brahmani","scalerank":7,"kind":"River"},"geometry":{"type":"MultiLineString","coordinates":[[[84.668,22.265],[84.679,22.247],[84.709,22.244],[84.773,22.252],[84.796,22.239],[84.817,22.21],[84.863,22.098],[84.868,22.092],[84.874,22.088],[84.879,22.083],[84.882,22.075],[84.88,22.069],[84.87,22.062],[84.867,22.059],[84.874,21.982],[84.876,21.973],[84.885,21.958],[84.887,21.95],[84.883,21.937],[84.876,21.93],[84.869,21.923],[84.864,21.913],[84.862,21.889],[84.872,21.869],[84.889,21.853],[84.915,21.837],[84.926,21.828],[84.932,21.826],[84.938,21.827],[84.944,21.831],[84.949,21.834],[84.952,21.836],[84.965,21.834],[84.97,21.833],[84.974,21.827],[84.988,21.799],[84.996,21.778],[84.999,21.757],[84.995,21.741],[84.968,21.729],[84.932,21.725],[84.904,21.713],[84.904,21.678],[84.926,21.655],[84.993,21.629],[85.01,21.604],[85.01,21.57],[85.001,21.535],[84.987,21.501],[84.971,21.473],[84.94,21.44],[84.934,21.424],[84.94,21.4],[84.963,21.356],[84.977,21.339],[84.998,21.32],[85.015,21.299],[85.042,21.25],[85.058,21.232],[85.075,21.224],[85.114,21.217],[85.129,21.204],[85.136,21.188],[85.133,21.172],[85.127,21.157],[85.122,21.139],[85.128,21.108],[85.149,21.088],[85.204,21.056],[85.23,21.03],[85.243,21.006],[85.246,20.979],[85.24,20.926],[85.241,20.916],[85.245,20.907],[85.254,20.898],[85.275,20.887],[85.283,20.879],[85.288,20.87],[85.292,20.852],[85.295,20.843],[85.311,20.825],[85.331,20.809],[85.355,20.796],[85.552,20.741],[85.58,20.74],[85.608,20.754],[85.623,20.774],[85.631,20.791],[85.641,20.806],[85.765,20.875],[85.812,20.887],[85.878,20.876],[85.921,20.868],[86.073,20.868],[86.111,20.876],[86.131,20.874],[86.197,20.848],[86.206,20.842],[86.221,20.826],[86.23,20.82],[86.266,20.804],[86.444,20.683],[86.474,20.673],[86.509,20.678],[86.558,20.7],[86.572,20.704],[86.592,20.701],[86.627,20.682],[86.647,20.682],[86.667,20.684],[86.689,20.683],[86.711,20.678],[86.729,20.67],[86.744,20.658],[86.75,20.646],[86.749,20.611],[86.762,20.622],[86.774,20.629],[86.787,20.633],[86.802,20.636],[86.811,20.641],[86.811,20.658],[86.818,20.665],[86.83,20.666],[86.843,20.663],[86.857,20.661],[86.873,20.666],[86.902,20.687],[86.918,20.695],[86.94,20.698]]]}},{"type":"Feature","properties":{"name":"Shiquan","scalerank":3,"kind":"River"},"geometry":{"type":"MultiLineString","coordinates":[[[81.64,31.45],[81.638,31.445],[81.619,31.419],[81.592,31.404],[81.556,31.393],[81.518,31.389],[81.489,31.394],[81.477,31.402],[81.446,31.432],[81.436,31.442],[81.42,31.466],[81.41,31.475],[81.397,31.481],[81.386,31.483],[81.361,31.484],[81.334,31.492],[81.315,31.506],[81.28,31.546],[81.27,31.554],[81.25,31.563],[81.242,31.57],[81.227,31.586],[81.218,31.601],[81.196,31.661],[81.175,31.7],[81.166,31.741],[81.166,31.751],[81.173,31.762],[81.181,31.771],[81.185,31.778],[81.205,31.841],[81.226,31.871],[81.251,31.895],[81.28,31.916],[81.361,31.956],[81.394,31.986],[81.376,32.019],[81.367,32.021],[81.344,32.018],[81.334,32.019],[81.307,32.037],[81.297,32.04],[81.281,32.049],[81.274,32.069],[81.272,32.092],[81.273,32.108],[81.282,32.151],[81.283,32.173],[81.276,32.183],[81.254,32.188],[81.244,32.201],[81.229,32.286],[81.212,32.321],[81.188,32.35],[81.156,32.375],[81.138,32.384],[81.118,32.391],[81.097,32.394],[81.078,32.396],[81.054,32.402],[81.038,32.417],[81.024,32.434],[81.006,32.448],[80.991,32.453],[80.905,32.464],[80.865,32.475],[80.736,32.539],[80.69,32.551],[80.648,32.553],[80.562,32.548],[80.477,32.556],[80.255,32.545],[80.232,32.547],[80.213,32.551],[80.196,32.552],[80.176,32.545],[80.136,32.523],[80.095,32.519],[80.07,32.503],[80.025,32.486],[80.005,32.482],[79.913,32.482],[79.889,32.479],[79.805,32.451],[79.759,32.445],[79.735,32.444]]]}},{"type":"Feature","properties":{"name":"Huang","scalerank":3,"kind":"River"},"geometry":{"type":"MultiLineString","coordinates":[[[96.164,35.13],[96.229,35.112],[96.249,35.109],[96.483,35.106],[96.534,35.096],[96.655,35.05],[96.705,35.048],[96.748,35.053],[96.811,35.061],[96.829,35.054],[96.868,35.019],[96.89,35.007],[96.947,35],[96.975,34.992],[96.987,34.976],[96.995,34.948],[97.015,34.937],[97.042,34.933],[97.072,34.931]],[[97.763,35.088],[97.796,35.111],[97.849,35.112],[97.952,35.096],[97.992,35.081],[98.018,35.049],[98.043,35.012],[98.076,34.979],[98.108,34.954],[98.124,34.937],[98.131,34.921],[98.131,34.91],[98.132,34.9],[98.137,34.893],[98.148,34.891],[98.162,34.889],[98.192,34.876],[98.264,34.861],[98.275,34.852],[98.285,34.842],[98.307,34.836],[98.35,34.828],[98.378,34.815],[98.392,34.797],[98.396,34.774],[98.396,34.747],[98.395,34.72],[98.402,34.667],[98.401,34.649],[98.395,34.635],[98.381,34.619],[98.362,34.61],[98.341,34.607],[98.327,34.598],[98.33,34.575],[98.345,34.563],[98.395,34.547],[98.406,34.537],[98.414,34.527],[98.452,34.503],[98.466,34.492],[98.467,34.488],[98.466,34.477],[98.466,34.472],[98.469,34.469],[98.478,34.46],[98.48,34.459],[98.49,34.424],[98.497,34.414],[98.515,34.401],[98.627,34.357],[98.641,34.355],[98.71,34.355],[98.724,34.369],[98.724,34.4],[98.721,34.433],[98.724,34.455],[98.734,34.458],[98.783,34.451],[98.798,34.456],[98.837,34.479],[98.868,34.479],[98.928,34.453],[98.953,34.459],[98.971,34.447],[98.979,34.439],[98.987,34.431]],[[97.288,34.835],[97.301,34.818],[97.316,34.817],[97.353,34.822],[97.406,34.818],[97.425,34.822],[97.437,34.828],[97.485,34.871],[97.502,34.876],[97.547,34.876]]]}},{"type":"Feature","properties":{"name":"Beas","scalerank":8,"kind":"River"},"geometry":{"type":"MultiLineString","coordinates":[[[77.195,32.259],[77.199,32.24],[77.203,32.194],[77.202,32.186],[77.2,32.181],[77.198,32.176],[77.157,32.117],[77.135,31.995],[77.121,31.953],[77.119,31.94],[77.121,31.93],[77.123,31.924],[77.14,31.909],[77.155,31.891],[77.161,31.88],[77.169,31.855],[77.172,31.85],[77.184,31.835],[77.188,31.827],[77.192,31.808],[77.196,31.794],[77.206,31.776],[77.21,31.766],[77.215,31.738],[77.2,31.722],[77.176,31.716],[77.106,31.716],[77.091,31.712],[77.067,31.701],[77.059,31.699],[77.05,31.702],[77.044,31.707],[77.039,31.712],[77.032,31.717],[77.009,31.72],[76.988,31.717],[76.967,31.711],[76.945,31.708],[76.94,31.709],[76.936,31.711],[76.935,31.714],[76.935,31.718],[76.935,31.722],[76.937,31.729],[76.939,31.739],[76.939,31.75],[76.938,31.759],[76.937,31.763],[76.935,31.768],[76.931,31.773],[76.856,31.821],[76.851,31.823],[76.782,31.836],[76.777,31.84],[76.77,31.848],[76.764,31.856],[76.761,31.863],[76.756,31.871],[76.747,31.877],[76.683,31.898],[76.594,31.904],[76.573,31.895],[76.555,31.882],[76.532,31.869],[76.525,31.863],[76.522,31.852],[76.518,31.849],[76.444,31.809],[76.423,31.804],[76.383,31.803],[76.369,31.8],[76.337,31.786],[76.321,31.782],[76.302,31.785],[76.297,31.787],[76.292,31.791],[76.289,31.796],[76.287,31.801],[76.283,31.819],[76.281,31.824],[76.277,31.828],[76.272,31.83],[76.25,31.838],[76.245,31.841],[76.241,31.845],[76.238,31.849],[76.235,31.854],[76.232,31.872],[76.23,31.878],[76.226,31.883],[76.221,31.885],[76.216,31.887],[76.2,31.886]],[[75.935,31.965],[75.918,31.959],[75.898,31.962],[75.861,31.983],[75.802,32.006],[75.753,32.032],[75.707,32.05],[75.688,32.067],[75.695,32.097],[75.694,32.106],[75.688,32.112],[75.679,32.112],[75.66,32.105],[75.643,32.102],[75.604,32.089],[75.595,32.085],[75.588,32.08],[75.569,32.053],[75.555,32.038],[75.55,32.027],[75.545,32.011],[75.535,31.94],[75.538,31.92],[75.56,31.87],[75.563,31.858],[75.562,31.851],[75.559,31.843],[75.551,31.829],[75.548,31.82],[75.549,31.809],[75.557,31.793],[75.559,31.784],[75.558,31.777],[75.545,31.766],[75.54,31.758],[75.538,31.743],[75.528,31.712],[75.396,31.594],[75.376,31.581],[75.371,31.575],[75.354,31.549],[75.32,31.51],[75.299,31.504],[75.294,31.497],[75.291,31.493],[75.276,31.483],[75.24,31.468],[75.227,31.457],[75.186,31.397],[75.174,31.369],[75.173,31.361],[75.169,31.347],[75.163,31.338],[75.141,31.323],[75.134,31.316],[75.128,31.308],[75.118,31.29],[75.037,31.198],[75.003,31.176]]]}},{"type":"Feature","properties":{"name":"Tungabhadra","scalerank":8,"kind":"River"},"geometry":{"type":"MultiLineString","coordinates":[[[76.318,15.271],[76.326,15.285],[76.331,15.306],[76.339,15.324],[76.356,15.333],[76.422,15.335],[76.506,15.36],[76.521,15.37],[76.536,15.393],[76.538,15.398],[76.543,15.402],[76.568,15.405],[76.579,15.408],[76.585,15.415],[76.59,15.425],[76.596,15.434],[76.606,15.441],[76.617,15.442],[76.642,15.441],[76.651,15.445],[76.678,15.477],[76.695,15.49],[76.716,15.497],[76.76,15.492],[76.782,15.494],[76.792,15.508],[76.796,15.525],[76.825,15.586],[76.836,15.63],[76.844,15.652],[76.856,15.661],[76.865,15.665],[76.875,15.684],[76.884,15.688],[76.897,15.691],[76.902,15.697],[76.908,15.716],[76.928,15.747],[77.073,15.921],[77.144,15.961],[77.163,15.967],[77.226,15.976],[77.235,15.975],[77.253,15.966],[77.264,15.962],[77.306,15.957],[77.429,15.956],[77.492,15.938],[77.563,15.932],[77.583,15.928],[77.641,15.901],[77.661,15.896],[77.686,15.894],[77.749,15.898],[77.795,15.889],[77.85,15.894],[77.858,15.896],[77.865,15.9],[77.877,15.912],[77.888,15.919],[77.896,15.918],[77.903,15.913],[77.915,15.908],[77.94,15.903],[77.95,15.9],[78.087,15.833],[78.1,15.83],[78.114,15.84],[78.124,15.85],[78.132,15.876],[78.141,15.888],[78.154,15.897],[78.166,15.901],[78.185,15.909],[78.213,15.928],[78.235,15.95],[78.237,15.97]],[[75.632,13.712],[75.646,13.72],[75.655,13.723],[75.661,13.726],[75.667,13.736],[75.664,13.744],[75.657,13.755],[75.657,13.761],[75.674,13.756],[75.696,13.775],[75.701,13.788],[75.701,13.811],[75.695,13.887],[75.699,13.94],[75.695,13.956],[75.687,13.966],[75.675,13.979],[75.665,13.993],[75.66,14.01],[75.665,14.031],[75.677,14.043],[75.693,14.052],[75.708,14.065],[75.715,14.069],[75.72,14.071],[75.721,14.074],[75.712,14.082],[75.691,14.111],[75.688,14.112],[75.686,14.121],[75.686,14.122],[75.69,14.123],[75.698,14.13],[75.707,14.142],[75.705,14.147],[75.696,14.149],[75.67,14.166],[75.667,14.171],[75.666,14.191],[75.664,14.2],[75.66,14.209],[75.673,14.209],[75.682,14.213],[75.686,14.221],[75.688,14.233],[75.681,14.242],[75.653,14.244],[75.647,14.253],[75.643,14.273],[75.619,14.338],[75.618,14.364],[75.63,14.408],[75.635,14.44],[75.64,14.448],[75.654,14.463],[75.672,14.482],[75.678,14.492],[75.682,14.503],[75.692,14.496],[75.7,14.483],[75.708,14.483],[75.717,14.49],[75.729,14.512],[75.753,14.522],[75.795,14.548],[75.805,14.558],[75.807,14.573],[75.805,14.583],[75.8,14.593],[75.798,14.606],[75.798,14.62],[75.804,14.639],[75.805,14.651],[75.798,14.674],[75.781,14.685],[75.735,14.695],[75.749,14.716],[75.753,14.727],[75.75,14.736],[75.738,14.74],[75.725,14.734],[75.714,14.726],[75.705,14.722],[75.701,14.729],[75.708,14.765],[75.708,14.777],[75.695,14.79],[75.682,14.798],[75.671,14.81],[75.667,14.835],[75.67,14.844],[75.676,14.854],[75.691,14.87],[75.696,14.88],[75.692,14.891],[75.682,14.914],[75.677,14.935],[75.679,14.946],[75.688,14.955],[75.698,14.958],[75.722,14.954],[75.732,14.959],[75.809,15.033],[75.827,15.042],[75.865,15.049],[75.881,15.057],[75.895,15.07],[75.897,15.084],[75.894,15.093]],[[75.318,13.229],[75.334,13.24],[75.341,13.246],[75.342,13.249],[75.376,13.249],[75.394,13.251],[75.456,13.27],[75.471,13.278],[75.482,13.289],[75.488,13.304],[75.49,13.321],[75.484,13.342],[75.475,13.355],[75.471,13.367],[75.482,13.386],[75.491,13.389],[75.5,13.387],[75.507,13.386],[75.51,13.396],[75.508,13.406],[75.499,13.426],[75.497,13.438],[75.501,13.45],[75.524,13.484],[75.531,13.496]]]}},{"type":"Feature","properties":{"name":"Mahaweli","scalerank":8,"kind":"River"},"geometry":{"type":"MultiLineString","coordinates":[[[81.142,7.999],[81.145,8.006],[81.146,8.033],[81.15,8.048],[81.177,8.083],[81.187,8.089],[81.219,8.1],[81.232,8.109],[81.234,8.116],[81.232,8.133],[81.235,8.14],[81.242,8.144],[81.254,8.146],[81.26,8.15],[81.269,8.176],[81.273,8.204],[81.28,8.231],[81.3,8.254],[81.327,8.263],[81.417,8.254]],[[80.807,7.233],[80.83,7.197],[80.867,7.194],[80.91,7.2],[80.951,7.192],[80.964,7.2],[80.985,7.206],[81.012,7.23],[81.014,7.263],[80.992,7.335],[80.978,7.568],[80.998,7.662],[80.996,7.682],[80.988,7.704],[80.992,7.801]],[[80.656,7.034],[80.657,7.051],[80.664,7.062],[80.664,7.069],[80.643,7.075],[80.628,7.074],[80.615,7.071],[80.601,7.07],[80.587,7.075],[80.574,7.087],[80.569,7.1],[80.573,7.113],[80.584,7.126],[80.587,7.132],[80.58,7.142],[80.581,7.151],[80.584,7.16],[80.587,7.164],[80.598,7.174],[80.606,7.188],[80.609,7.203],[80.608,7.236],[80.614,7.265],[80.627,7.299],[80.643,7.319],[80.656,7.308]]]}},{"type":"Feature","properties":{"name":"Qumar","scalerank":8,"kind":"River"},"geometry":{"type":"MultiLineString","coordinates":[[[90.949,35.245],[90.997,35.237],[91.159,35.245],[91.242,35.234],[91.277,35.216],[91.299,35.209],[91.342,35.205],[91.472,35.209],[91.602,35.186],[91.722,35.181],[91.74,35.184],[91.773,35.194],[91.79,35.197],[91.806,35.195],[91.846,35.176],[91.911,35.16],[91.977,35.155],[91.992,35.156],[92.005,35.16],[92.015,35.167],[92.018,35.179],[92.025,35.192],[92.057,35.202],[92.067,35.219]],[[92.299,35.223],[92.316,35.223],[92.335,35.221],[92.353,35.216],[92.368,35.209],[92.383,35.216],[92.402,35.218],[92.454,35.215],[92.488,35.205],[92.508,35.203],[92.573,35.209],[92.59,35.204],[92.61,35.181],[92.625,35.176],[92.65,35.185],[92.671,35.206],[92.695,35.225],[92.731,35.23],[92.769,35.217],[92.786,35.217],[92.911,35.255],[92.974,35.26],[93.012,35.271],[93.086,35.282],[93.104,35.289],[93.121,35.299],[93.139,35.304],[93.274,35.311],[93.315,35.319],[93.354,35.333],[93.361,35.339],[93.37,35.348],[93.38,35.357],[93.392,35.361],[93.402,35.359],[93.42,35.349],[93.426,35.347],[93.439,35.345],[93.47,35.333],[93.482,35.332],[93.506,35.334],[93.518,35.333],[93.633,35.297],[93.676,35.292],[93.769,35.299],[93.787,35.295],[93.827,35.274],[93.876,35.234],[93.896,35.222],[93.92,35.217],[94.012,35.223],[94.105,35.217],[94.129,35.212],[94.148,35.2],[94.221,35.14],[94.244,35.126],[94.284,35.113],[94.304,35.096],[94.321,35.078],[94.334,35.066],[94.377,35.052],[94.534,35.034],[94.558,35.028],[94.58,35.02],[94.598,35.007],[94.609,35.002],[94.621,35.006],[94.642,35.018],[94.654,35.02],[94.733,35.018],[94.752,35.011],[94.76,34.994],[94.77,34.979],[94.814,34.958],[94.828,34.945],[94.899,34.921],[94.93,34.905],[94.93,34.883],[94.946,34.862],[94.959,34.837],[94.966,34.807],[94.955,34.719],[94.945,34.695],[94.924,34.677]]]}},{"type":"Feature","properties":{"name":"Za’gya","scalerank":8,"kind":"River"},"geometry":{"type":"MultiLineString","coordinates":[[[91.148,33.071],[91.151,33.066],[91.172,33.043],[91.178,33.033],[91.179,33.022],[91.18,33.011],[91.182,32.999],[91.207,32.954],[91.21,32.939],[91.205,32.925],[91.183,32.897],[91.176,32.881],[91.175,32.867],[91.178,32.857],[91.185,32.847],[91.195,32.836],[91.201,32.831],[91.206,32.829],[91.21,32.826],[91.213,32.815],[91.213,32.806],[91.211,32.799],[91.133,32.657],[91.119,32.641],[91.103,32.627],[90.943,32.554],[90.902,32.526],[90.891,32.532],[90.881,32.533],[90.838,32.521],[90.823,32.519],[90.804,32.513],[90.743,32.471],[90.723,32.444],[90.724,32.433],[90.728,32.421],[90.731,32.41],[90.726,32.399],[90.714,32.38],[90.7,32.335],[90.688,32.314],[90.681,32.307],[90.667,32.298],[90.661,32.293],[90.656,32.283],[90.652,32.272],[90.645,32.263],[90.613,32.254],[90.574,32.231],[90.552,32.224],[90.532,32.225],[90.499,32.235],[90.48,32.238],[90.202,32.211],[90.155,32.211],[90.14,32.209],[90.109,32.2],[90.094,32.197],[90.074,32.197],[90.018,32.205],[89.998,32.204],[89.971,32.197],[89.895,32.161],[89.867,32.157],[89.781,32.153],[89.759,32.147],[89.735,32.136],[89.695,32.108],[89.691,32.102],[89.683,32.085],[89.678,32.077],[89.666,32.072],[89.653,32.074],[89.63,32.081],[89.614,32.073],[89.584,32.04],[89.568,32.032],[89.513,31.995],[89.498,31.988],[89.473,31.983],[89.448,31.982],[89.432,31.988],[89.423,31.992],[89.402,31.994],[89.394,31.998],[89.389,32.008],[89.389,32.03],[89.387,32.04],[89.374,32.057],[89.358,32.065],[89.339,32.063],[89.318,32.053],[89.311,32.047],[89.299,32.032],[89.291,32.026],[89.281,32.022],[89.25,32.026],[89.208,32.026],[89.198,32.028],[89.189,32.032],[89.179,32.032],[89.167,32.026],[89.148,32.041],[89.125,32.052],[89.1,32.058],[89.075,32.06],[88.996,32.038],[88.939,32.003],[88.932,31.99],[88.954,31.978],[88.966,31.977],[89.002,31.981],[89.001,31.95],[89.002,31.937]]]}},{"type":"Feature","properties":{"name":null,"scalerank":8,"kind":"River"},"geometry":{"type":"MultiLineString","coordinates":[[[86.012,34.391],[86.032,34.387],[86.071,34.369],[86.09,34.364],[86.141,34.366],[86.168,34.371],[86.179,34.38],[86.181,34.388],[86.187,34.393],[86.196,34.396],[86.207,34.398],[86.24,34.396],[86.343,34.368],[86.387,34.363],[86.433,34.364],[86.514,34.383],[86.55,34.378],[86.619,34.411],[86.654,34.416],[86.787,34.417],[86.82,34.41],[86.837,34.411],[86.848,34.416],[86.859,34.424],[86.873,34.431],[86.885,34.432],[86.913,34.426],[86.934,34.427],[86.949,34.44],[86.954,34.47],[86.961,34.47],[86.976,34.479],[86.99,34.489],[86.992,34.493],[87.005,34.5],[87.007,34.514],[87.004,34.528],[87.005,34.534],[87.007,34.535],[87.023,34.542],[87.029,34.543],[87.112,34.542],[87.169,34.534],[87.189,34.542],[87.194,34.569]]]}},{"type":"Feature","properties":{"name":null,"scalerank":8,"kind":"River"},"geometry":{"type":"MultiLineString","coordinates":[[[90.661,36.406],[90.608,36.407],[90.581,36.405],[90.542,36.388],[90.517,36.394],[90.469,36.414],[90.447,36.416],[90.284,36.414],[90.265,36.421],[90.223,36.443],[90.205,36.448],[90.184,36.45],[90.12,36.469],[90.088,36.471],[90.078,36.475],[90.071,36.483],[90.066,36.492],[90.06,36.499],[90.048,36.503],[90.003,36.506],[89.962,36.516],[89.853,36.56],[89.812,36.571],[89.742,36.566],[89.726,36.572],[89.715,36.589],[89.683,36.709],[89.681,36.73],[89.678,36.74],[89.664,36.753],[89.661,36.764],[89.662,36.777],[89.664,36.788],[89.668,36.799],[89.674,36.809],[89.686,36.817],[89.726,36.838],[89.74,36.843],[89.747,36.854],[89.757,36.926],[89.756,36.949],[89.739,37.02],[89.737,37.037],[89.737,37.055],[89.741,37.072],[89.749,37.09],[89.764,37.107],[89.782,37.123],[89.798,37.141],[89.81,37.184],[89.823,37.203],[89.925,37.292],[89.943,37.304],[90.011,37.329],[90.05,37.358],[90.062,37.39],[90.048,37.419],[90.011,37.439],[89.825,37.487],[89.813,37.493],[89.793,37.509],[89.781,37.512],[89.759,37.509],[89.749,37.508],[89.736,37.512],[89.657,37.564]]]}},{"type":"Feature","properties":{"name":"Harirud","scalerank":8,"kind":"River"},"geometry":{"type":"MultiLineString","coordinates":[[[66.612,34.63],[66.517,34.622],[66.498,34.616],[66.478,34.626],[66.472,34.63],[66.461,34.625],[66.451,34.63],[66.431,34.624],[66.408,34.632],[66.39,34.647],[66.382,34.66],[66.371,34.67],[66.345,34.673],[66.232,34.664],[66.172,34.648],[66.129,34.637],[66.109,34.629],[66.072,34.607],[66.057,34.602]]]}},{"type":"Feature","properties":{"name":"Yurungkax","scalerank":8,"kind":"River"},"geometry":{"type":"MultiLineString","coordinates":[[[81.507,35.47],[81.492,35.514],[81.495,35.564],[81.486,35.602],[81.436,35.613],[81.374,35.597],[81.279,35.584],[81.259,35.576],[81.247,35.575],[81.23,35.578],[81.179,35.596],[81.161,35.607],[81.132,35.635],[81.116,35.647],[81.091,35.655],[81.039,35.659],[81.014,35.669],[80.986,35.705],[80.945,35.796],[80.916,35.832],[80.901,35.839],[80.865,35.854],[80.851,35.863],[80.823,35.873],[80.692,35.873],[80.679,35.877],[80.646,35.897],[80.56,35.921],[80.502,35.952],[80.48,35.956],[80.439,35.958],[80.418,35.962],[80.401,35.97],[80.395,35.962],[80.388,35.97],[80.369,35.956],[80.345,35.955],[80.295,35.962],[80.273,35.961],[80.262,35.962],[80.221,35.98],[80.217,35.983],[80.198,35.98],[80.177,35.972],[80.156,35.967],[80.117,35.982],[80.061,35.985],[80.038,35.99],[80.004,36.011],[80.003,36.021],[80.004,36.035],[80.003,36.047],[79.977,36.059],[79.967,36.077],[79.959,36.098],[79.949,36.113],[79.93,36.125],[79.884,36.144],[79.836,36.179],[79.83,36.187],[79.812,36.216],[79.801,36.227],[79.785,36.238],[79.771,36.251],[79.765,36.268],[79.763,36.29],[79.752,36.333],[79.744,36.353],[79.733,36.372],[79.73,36.381],[79.73,36.394],[79.734,36.406],[79.747,36.421],[79.755,36.445],[79.804,36.513],[79.816,36.524],[79.832,36.53],[79.88,36.534],[79.904,36.543],[79.921,36.56],[79.922,36.586],[79.913,36.6],[79.899,36.613],[79.886,36.629],[79.875,36.672],[79.873,36.683],[79.877,36.689],[79.89,36.691],[79.901,36.697],[79.909,36.706],[79.915,36.716],[79.917,36.724],[79.916,36.734],[79.917,36.745],[79.922,36.757],[79.928,36.763],[79.935,36.769],[79.94,36.776],[79.943,36.788],[79.938,36.81],[79.927,36.824],[79.913,36.836],[79.902,36.853],[79.893,36.897],[79.9,36.941],[79.916,36.982],[79.943,37.031],[79.949,37.049],[79.954,37.069],[79.96,37.111],[79.971,37.155],[79.97,37.176],[79.934,37.231],[79.928,37.248],[79.93,37.287],[79.934,37.303],[79.971,37.366],[79.974,37.374],[79.98,37.386],[79.99,37.456],[80.015,37.485],[80.127,37.545],[80.204,37.598],[80.353,37.672],[80.371,37.686],[80.401,37.721],[80.414,37.741],[80.422,37.758],[80.424,37.768],[80.422,37.802],[80.424,37.811],[80.432,37.823],[80.436,37.833]]]}},{"type":"Feature","properties":{"name":"Dam","scalerank":8,"kind":"River"},"geometry":{"type":"MultiLineString","coordinates":[[[94.316,32.64],[94.237,32.688],[94.236,32.692],[94.238,32.704],[94.237,32.709],[94.232,32.714],[94.221,32.724],[94.217,32.729],[94.199,32.758],[94.193,32.775],[94.187,32.783],[94.183,32.792],[94.189,32.812],[94.186,32.823],[94.18,32.833],[94.175,32.839],[94.159,32.847],[94.109,32.858],[94.09,32.859],[94.07,32.866],[94.036,32.896],[94.018,32.905],[93.992,32.905],[93.949,32.889],[93.888,32.88],[93.875,32.882],[93.853,32.89],[93.834,32.9],[93.808,32.922],[93.731,33.003],[93.691,33.03],[93.668,33.04],[93.646,33.044],[93.624,33.05],[93.606,33.064],[93.59,33.081],[93.574,33.092],[93.517,33.107],[93.501,33.116],[93.482,33.142],[93.443,33.182],[93.391,33.223],[93.382,33.239],[93.377,33.26],[93.364,33.271],[93.327,33.284],[93.262,33.323],[93.255,33.329],[93.246,33.338],[93.237,33.343],[93.227,33.346],[93.214,33.346],[93.201,33.349],[93.194,33.355],[93.189,33.362],[93.183,33.367],[93.149,33.387],[93.132,33.392],[93.09,33.396],[93.071,33.402],[93.054,33.411],[93.039,33.421],[93.013,33.443],[92.997,33.452],[92.954,33.46],[92.938,33.47],[92.852,33.551],[92.837,33.558],[92.819,33.565],[92.812,33.582],[92.806,33.623],[92.801,33.627],[92.793,33.633],[92.787,33.639],[92.789,33.647],[92.795,33.657],[92.796,33.667],[92.793,33.688],[92.762,33.708],[92.764,33.712],[92.76,33.739],[92.759,33.742],[92.737,33.899],[92.732,33.919],[92.711,33.95],[92.711,33.971],[92.722,33.989],[92.74,34.006],[92.761,34.019],[92.779,34.027],[92.84,34.034],[92.86,34.04],[92.879,34.051],[92.929,34.095]]]}},{"type":"Feature","properties":{"name":"Mytinge","scalerank":8,"kind":"River"},"geometry":{"type":"MultiLineString","coordinates":[[[95.987,21.874],[95.988,21.86],[95.992,21.843],[95.998,21.828],[96.009,21.818],[96.023,21.814],[96.031,21.817],[96.039,21.824],[96.049,21.831],[96.068,21.835],[96.081,21.829],[96.092,21.812],[96.091,21.809],[96.087,21.804],[96.085,21.797],[96.089,21.791],[96.094,21.791],[96.107,21.801],[96.113,21.804],[96.125,21.806],[96.133,21.803],[96.139,21.797],[96.144,21.787],[96.155,21.773],[96.163,21.775],[96.204,21.828],[96.219,21.838],[96.24,21.835],[96.249,21.829],[96.276,21.803],[96.309,21.784],[96.319,21.777],[96.38,21.704],[96.392,21.697],[96.455,21.686],[96.477,21.685],[96.498,21.692],[96.512,21.709],[96.514,21.731],[96.511,21.777],[96.516,21.795],[96.527,21.805],[96.594,21.819],[96.604,21.823],[96.612,21.832],[96.624,21.854],[96.632,21.864],[96.644,21.872],[96.685,21.888],[96.717,21.899],[96.731,21.906],[96.743,21.917],[96.752,21.935],[96.75,21.975],[96.754,21.994],[96.765,22.008],[96.776,22.006],[96.801,21.985],[96.816,21.979],[96.847,21.972],[96.895,21.951],[96.93,21.954],[96.959,21.971],[96.974,22.004],[96.978,22.06],[96.975,22.112],[96.965,22.164],[96.947,22.218],[96.94,22.254],[96.954,22.273],[96.981,22.278],[97.059,22.257],[97.081,22.253],[97.149,22.252],[97.169,22.247],[97.19,22.236],[97.24,22.221],[97.293,22.233],[97.331,22.268],[97.341,22.32],[97.316,22.386],[97.306,22.403],[97.281,22.432],[97.242,22.525],[97.238,22.56],[97.26,22.596],[97.303,22.618],[97.355,22.637],[97.389,22.663],[97.379,22.704],[97.377,22.703],[97.355,22.716],[97.352,22.718],[97.326,22.726],[97.315,22.731],[97.303,22.74],[97.287,22.756],[97.273,22.775],[97.265,22.795],[97.269,22.817],[97.277,22.825],[97.298,22.839],[97.307,22.847],[97.311,22.854],[97.318,22.874],[97.323,22.882],[97.362,22.931],[97.373,22.949],[97.38,22.972],[97.379,22.993],[97.369,23.036],[97.376,23.066],[97.399,23.081],[97.422,23.093],[97.432,23.11],[97.427,23.123],[97.406,23.146],[97.402,23.159],[97.41,23.179],[97.429,23.194],[97.452,23.201],[97.474,23.201],[97.513,23.193],[97.556,23.19],[97.598,23.192],[97.637,23.202],[97.801,23.28],[97.859,23.295],[97.893,23.296],[97.926,23.297],[97.944,23.301],[97.994,23.32],[98.032,23.327],[98.109,23.328],[98.146,23.335],[98.217,23.36],[98.255,23.366],[98.289,23.357]]]}},{"type":"Feature","properties":{"name":"Wainganga","scalerank":8,"kind":"River"},"geometry":{"type":"MultiLineString","coordinates":[[[79.532,22.014],[79.524,22.028],[79.515,22.04],[79.507,22.055],[79.502,22.092],[79.495,22.094],[79.474,22.089],[79.471,22.095],[79.459,22.173],[79.463,22.191],[79.491,22.204],[79.503,22.216],[79.513,22.233],[79.521,22.251],[79.525,22.264],[79.525,22.27],[79.525,22.274],[79.513,22.29],[79.493,22.305],[79.473,22.315],[79.464,22.319],[79.469,22.339],[79.481,22.359],[79.499,22.375],[79.519,22.384],[79.533,22.386],[79.54,22.384],[79.56,22.37],[79.578,22.354],[79.589,22.349],[79.594,22.36],[79.599,22.363],[79.632,22.381],[79.64,22.389],[79.645,22.394],[79.646,22.4],[79.649,22.411],[79.65,22.434],[79.655,22.443],[79.669,22.452],[79.681,22.457],[79.692,22.458],[79.703,22.456],[79.714,22.449],[79.743,22.418],[79.758,22.406],[79.779,22.397],[79.813,22.391],[79.839,22.379],[79.851,22.378],[79.862,22.38],[79.881,22.389],[79.892,22.391],[79.904,22.39],[79.93,22.384],[79.942,22.383],[79.949,22.385],[79.988,22.399],[80.001,22.402],[80.008,22.401],[80.016,22.397],[80.027,22.396],[80.05,22.397],[80.062,22.393],[80.067,22.385],[80.07,22.374],[80.073,22.363],[80.078,22.358],[80.091,22.348],[80.094,22.342],[80.093,22.336],[80.088,22.326],[80.087,22.322],[80.094,22.278],[80.09,22.25],[80.081,22.235],[80.065,22.224],[80.046,22.205],[80.037,22.185],[80.036,22.162],[80.042,22.139],[80.067,22.104],[80.087,22.041],[80.092,22.036],[80.097,22.031],[80.103,22.024],[80.108,22.014],[80.111,22.001],[80.108,21.969],[80.116,21.952],[80.157,21.919],[80.17,21.905],[80.173,21.884],[80.163,21.819],[80.166,21.809],[80.18,21.796],[80.183,21.785],[80.19,21.654],[80.189,21.646],[80.187,21.64],[80.182,21.633],[80.175,21.627],[80.164,21.621],[80.108,21.604],[80.089,21.592],[80.08,21.572],[80.005,21.548],[79.99,21.548],[79.985,21.548],[79.98,21.551],[79.979,21.556],[79.979,21.56],[79.978,21.562],[79.965,21.563],[79.945,21.556],[79.934,21.555],[79.927,21.552],[79.924,21.544],[79.923,21.524],[79.924,21.502],[79.92,21.494],[79.88,21.443],[79.858,21.421],[79.842,21.409],[79.807,21.392],[79.793,21.376],[79.793,21.373],[79.779,21.321],[79.775,21.312],[79.764,21.297],[79.754,21.272],[79.752,21.263],[79.748,21.258],[79.739,21.254],[79.727,21.251],[79.694,21.235],[79.69,21.232],[79.688,21.225],[79.69,21.209],[79.681,21.189],[79.679,21.174],[79.675,21.162],[79.637,21.149],[79.614,21.129],[79.599,21.105],[79.601,21.082],[79.598,21.071],[79.616,21.036],[79.622,21.017],[79.626,21.006],[79.645,20.987],[79.649,20.976],[79.648,20.962],[79.645,20.952],[79.635,20.931],[79.611,20.898],[79.606,20.88],[79.623,20.851],[79.627,20.833],[79.632,20.825],[79.648,20.803],[79.656,20.794],[79.689,20.768],[79.817,20.691],[79.835,20.686],[79.904,20.682],[79.924,20.672],[79.937,20.65],[79.926,20.585],[79.924,20.55],[79.94,20.534],[79.943,20.516],[79.94,20.435],[79.954,20.417],[79.964,20.401],[79.959,20.366],[79.944,20.308],[79.953,20.283],[79.972,20.253],[79.984,20.225],[79.972,20.205],[79.959,20.208],[79.948,20.204],[79.938,20.194],[79.93,20.184],[79.922,20.17],[79.92,20.162],[79.923,20.139],[79.947,20.125],[79.954,20.122],[79.961,20.118],[79.966,20.109],[79.972,20.088],[79.976,20.048],[79.965,20.012],[79.942,19.985],[79.91,19.972],[79.885,19.978],[79.876,19.997],[79.869,20.017],[79.851,20.026],[79.841,20.03],[79.831,20.037],[79.82,20.041],[79.81,20.037],[79.778,20.008],[79.772,19.999],[79.77,19.98],[79.773,19.952],[79.782,19.927],[79.796,19.917],[79.798,19.907],[79.785,19.862],[79.779,19.848],[79.773,19.845],[79.757,19.838],[79.752,19.834],[79.748,19.827],[79.746,19.819],[79.745,19.797],[79.748,19.772],[79.755,19.755],[79.772,19.725],[79.783,19.682],[79.789,19.643],[79.798,19.607],[79.864,19.514],[79.879,19.506],[79.903,19.502],[79.92,19.494],[79.932,19.48],[79.962,19.435],[79.969,19.416],[79.972,19.393],[79.968,19.374],[79.96,19.355],[79.957,19.336],[79.964,19.314],[79.943,19.28],[79.936,19.265],[79.931,19.249],[79.929,19.231],[79.931,19.212],[79.935,19.192],[79.944,19.169],[79.919,19.158],[79.894,19.137],[79.873,19.11],[79.862,19.081],[79.865,19.048],[79.882,19.042],[79.934,19.053],[79.942,19.038],[79.954,18.968],[79.965,18.935],[79.964,18.886],[79.96,18.867],[79.95,18.855],[79.917,18.827]]]}},{"type":"Feature","properties":{"name":"Banas","scalerank":8,"kind":"River"},"geometry":{"type":"MultiLineString","coordinates":[[[73.542,24.867],[73.577,24.879],[73.669,24.93],[73.851,24.969],[73.871,24.978],[73.901,25.003],[73.918,25.014],[74.049,25.063],[74.059,25.065],[74.076,25.065],[74.085,25.062],[74.093,25.056],[74.108,25.049],[74.14,25.043],[74.284,25.042],[74.31,25.048],[74.411,25.112],[74.432,25.13],[74.473,25.179],[74.492,25.191],[74.542,25.207],[74.555,25.209],[74.581,25.208],[74.594,25.209],[74.606,25.215],[74.624,25.233],[74.634,25.241],[74.66,25.249],[74.679,25.244],[74.697,25.236],[74.721,25.233],[74.823,25.256],[74.86,25.258],[74.905,25.247],[74.919,25.248],[74.926,25.256],[74.932,25.266],[74.941,25.274],[74.955,25.272],[75.019,25.249],[75.039,25.254],[75.055,25.275],[75.065,25.303],[75.069,25.325],[75.067,25.333],[75.059,25.349],[75.057,25.358],[75.059,25.371],[75.069,25.397],[75.07,25.41],[75.059,25.444],[75.062,25.456],[75.078,25.476],[75.189,25.581],[75.217,25.625],[75.22,25.636],[75.222,25.644],[75.224,25.653],[75.23,25.663],[75.241,25.672],[75.252,25.679],[75.262,25.688],[75.271,25.702],[75.275,25.713],[75.279,25.736],[75.283,25.747],[75.384,25.878],[75.423,25.915],[75.458,25.925],[75.462,25.921],[75.475,25.902],[75.481,25.895],[75.491,25.892],[75.513,25.889],[75.523,25.886],[75.543,25.885],[75.55,25.901],[75.548,25.924],[75.543,25.943],[75.542,25.964],[75.549,25.982],[75.564,25.99],[75.606,25.98],[75.627,25.986],[75.645,25.999],[75.659,26.017],[75.666,26.057],[75.657,26.101],[75.654,26.141],[75.679,26.17],[75.692,26.174],[75.717,26.176],[75.73,26.182],[75.763,26.206],[75.782,26.216],[75.801,26.218],[75.819,26.213],[75.856,26.194],[75.875,26.186],[75.928,26.173],[75.943,26.165],[75.956,26.15],[75.965,26.134],[75.976,26.12],[75.995,26.11],[76.02,26.11],[76.045,26.119],[76.089,26.143],[76.171,26.176],[76.316,26.211],[76.376,26.191],[76.412,26.199],[76.449,26.212],[76.486,26.219],[76.581,26.216],[76.606,26.207],[76.616,26.191],[76.613,26.175],[76.607,26.16],[76.608,26.145],[76.618,26.138],[76.646,26.135],[76.659,26.127],[76.666,26.117],[76.671,26.102],[76.675,26.087],[76.677,26.075],[76.673,26.06],[76.659,26.029],[76.657,26.012],[76.66,25.997],[76.667,25.985],[76.677,25.976],[76.69,25.97],[76.704,25.96],[76.723,25.934],[76.74,25.926]]]}},{"type":"Feature","properties":{"name":"Tel","scalerank":8,"kind":"River"},"geometry":{"type":"MultiLineString","coordinates":[[[82.063,19.746],[82.1,19.766],[82.123,19.767],[82.146,19.758],[82.181,19.75],[82.22,19.752],[82.257,19.764],[82.291,19.784],[82.373,19.862],[82.393,19.877],[82.43,19.897],[82.462,19.903],[82.494,19.899],[82.555,19.877],[82.584,19.873],[82.646,19.874],[82.821,19.909],[82.863,19.924],[82.933,19.933],[82.943,19.938],[82.948,19.945],[82.955,19.951],[82.993,19.968],[83.007,19.979],[83.022,19.999],[83.086,20.124],[83.112,20.146],[83.181,20.182],[83.208,20.2],[83.263,20.263],[83.369,20.336],[83.392,20.357],[83.428,20.402],[83.489,20.454],[83.502,20.462],[83.514,20.465],[83.537,20.464],[83.548,20.467],[83.562,20.475],[83.601,20.51],[83.675,20.551],[83.719,20.597],[83.723,20.609],[83.718,20.631],[83.72,20.654],[83.761,20.727],[83.783,20.784],[83.803,20.808],[83.834,20.814],[83.86,20.813],[83.894,20.817],[83.928,20.826],[83.951,20.84]]]}},{"type":"Feature","properties":{"name":"Zayü","scalerank":8,"kind":"River"},"geometry":{"type":"MultiLineString","coordinates":[[[97.148,29.439],[97.143,29.415],[97.142,29.393],[97.147,29.371],[97.172,29.325],[97.192,29.264],[97.207,29.167],[97.218,29.136],[97.243,29.11],[97.263,29.102],[97.306,29.099],[97.328,29.092],[97.343,29.083],[97.357,29.072],[97.379,29.048],[97.397,29.023],[97.434,28.94],[97.476,28.875],[97.486,28.851],[97.491,28.824],[97.486,28.801],[97.47,28.752],[97.472,28.689],[97.465,28.67],[97.435,28.643],[97.4,28.632],[97.326,28.626],[97.268,28.607],[97.247,28.608],[97.227,28.612],[97.213,28.613],[97.2,28.61],[97.14,28.585],[97.108,28.56],[97.084,28.528]]]}},{"type":"Feature","properties":{"name":"Palar","scalerank":8,"kind":"River"},"geometry":{"type":"MultiLineString","coordinates":[[[77.904,13.244],[77.919,13.238],[77.93,13.243],[77.941,13.251],[77.955,13.255],[77.965,13.254],[77.976,13.249],[77.995,13.237],[78.026,13.227],[78.158,13.215],[78.175,13.209],[78.19,13.201],[78.242,13.161],[78.256,13.148],[78.267,13.132],[78.282,13.098],[78.301,13.057],[78.324,13.02],[78.353,12.991],[78.391,12.973],[78.414,12.973],[78.424,12.97],[78.429,12.958],[78.426,12.945],[78.414,12.934],[78.402,12.924],[78.394,12.914],[78.393,12.894],[78.407,12.83],[78.405,12.827],[78.396,12.817],[78.394,12.811],[78.395,12.804],[78.402,12.793],[78.405,12.787],[78.417,12.75],[78.428,12.727],[78.448,12.705],[78.472,12.688],[78.496,12.676],[78.53,12.673],[78.561,12.683],[78.647,12.741],[78.666,12.763],[78.703,12.814],[78.713,12.825],[78.799,12.878],[78.879,12.913],[78.963,12.934],[79.003,12.936],[79.082,12.933],[79.121,12.936],[79.148,12.946],[79.172,12.96],[79.197,12.97],[79.226,12.969],[79.25,12.959],[79.386,12.878],[79.402,12.873],[79.521,12.862],[79.642,12.814],[79.762,12.777],[79.778,12.774],[79.835,12.777],[79.872,12.769],[79.913,12.751],[79.946,12.724],[79.963,12.688],[79.963,12.609],[79.97,12.573],[80,12.535],[80.048,12.503],[80.15,12.462]]]}},{"type":"Feature","properties":{"name":null,"scalerank":8,"kind":"River"},"geometry":{"type":"MultiLineString","coordinates":[[[90.365,29.119],[90.336,29.131],[90.327,29.131],[90.32,29.124],[90.317,29.117],[90.311,29.112],[90.301,29.111],[90.292,29.113],[90.278,29.122],[90.271,29.124],[90.261,29.125],[90.211,29.116],[90.2,29.116],[90.192,29.119],[90.19,29.123],[90.188,29.132],[90.186,29.135],[90.182,29.138],[90.177,29.14],[90.168,29.142],[90.15,29.141],[90.135,29.132],[90.12,29.12],[90.105,29.11],[90.087,29.105],[90.071,29.106],[90.057,29.113],[90.036,29.13],[90.004,29.149],[89.959,29.197],[89.942,29.209],[89.927,29.217],[89.873,29.226],[89.856,29.234],[89.848,29.241],[89.791,29.318]]]}},{"type":"Feature","properties":{"name":"Luhit","scalerank":8,"kind":"River"},"geometry":{"type":"MultiLineString","coordinates":[[[97.084,28.528],[97.065,28.485],[97.051,28.435],[97.041,28.38],[97.038,28.323],[97.052,28.186],[97.044,28.147],[96.994,28.048],[96.988,28.027],[96.985,27.975],[96.98,27.959],[96.959,27.936],[96.928,27.914],[96.893,27.899],[96.864,27.896],[96.846,27.904],[96.822,27.929],[96.807,27.94],[96.784,27.949],[96.711,27.966],[96.686,27.98],[96.591,28.073],[96.574,28.085],[96.552,28.092],[96.514,28.089],[96.48,28.074],[96.453,28.048],[96.433,28.016],[96.426,27.984],[96.424,27.947],[96.417,27.915],[96.397,27.894],[96.377,27.89],[96.319,27.902],[96.301,27.902],[96.251,27.896],[96.191,27.903],[96.16,27.906],[96.145,27.906],[96.129,27.904],[96.095,27.896],[95.913,27.822],[95.888,27.817],[95.877,27.818],[95.869,27.821],[95.861,27.823],[95.85,27.82],[95.796,27.795],[95.765,27.77],[95.752,27.766],[95.739,27.768],[95.733,27.772],[95.728,27.778],[95.72,27.783],[95.641,27.809],[95.624,27.81],[95.569,27.807],[95.553,27.812],[95.539,27.819],[95.52,27.823],[95.501,27.821],[95.487,27.816],[95.477,27.818],[95.472,27.835],[95.459,27.844]]]}},{"type":"Feature","properties":{"name":"Kolidam","scalerank":8,"kind":"River"},"geometry":{"type":"MultiLineString","coordinates":[[[78.678,10.869],[78.718,10.862],[78.732,10.853],[78.741,10.851],[78.786,10.851],[78.827,10.845],[78.865,10.845],[78.886,10.848],[78.959,10.879],[78.975,10.883],[79.015,10.885],[79.036,10.883],[79.045,10.886],[79.069,10.907],[79.079,10.913],[79.152,10.937],[79.195,10.942],[79.209,10.948],[79.398,11.074],[79.413,11.087],[79.443,11.133],[79.467,11.144],[79.512,11.179],[79.542,11.191],[79.555,11.197],[79.57,11.211],[79.578,11.216],[79.598,11.222],[79.608,11.228],[79.61,11.231],[79.613,11.245],[79.614,11.248],[79.628,11.255],[79.63,11.253],[79.636,11.25],[79.643,11.247],[79.649,11.248],[79.651,11.253],[79.651,11.261],[79.65,11.267],[79.649,11.269],[79.655,11.282],[79.665,11.291],[79.676,11.296]]]}},{"type":"Feature","properties":{"name":null,"scalerank":9,"kind":"River"},"geometry":{"type":"MultiLineString","coordinates":[[[81.546,7.214],[81.589,7.23],[81.626,7.234],[81.633,7.24],[81.637,7.25],[81.65,7.266],[81.681,7.279],[81.749,7.275],[81.773,7.287],[81.792,7.281],[81.824,7.284],[81.883,7.301]],[[81.311,7.016],[81.307,7.023],[81.296,7.061],[81.295,7.08],[81.294,7.086],[81.283,7.112],[81.286,7.122],[81.322,7.154],[81.329,7.166],[81.332,7.18],[81.344,7.186],[81.356,7.193],[81.369,7.198],[81.387,7.198]]]}}]}