{"type":"FeatureCollection","features":[{"type":"Feature","properties":{"type":"Road","scalerank":3,"name":null},"geometry":{"type":"MultiLineString","coordinates":[[[95.067,37.997],[95.084,37.98]]]}},{"type":"Feature","properties":{"type":"Road","scalerank":3,"name":null},"geometry":{"type":"MultiLineString","coordinates":[[[93.995,37.993],[94.024,37.96],[94.073,37.955],[94.09,37.964],[94.11,37.997]],[[94.304,37.997],[94.333,37.984],[94.391,37.98],[94.436,37.984]]]}},{"type":"Feature","properties":{"type":"Road","scalerank":4,"name":null},"geometry":{"type":"MultiLineString","coordinates":[[[67.739,37.955],[67.755,37.96],[67.776,37.984]]]}},{"type":"Feature","properties":{"type":"Road","scalerank":3,"name":null},"geometry":{"type":"MultiLineString","coordinates":[[[71.323,37.972],[71.31,37.947],[71.31,37.939],[71.323,37.927],[71.347,37.918],[71.36,37.918],[71.397,37.927],[71.418,37.931],[71.488,37.968],[71.504,37.972],[71.595,37.955],[71.607,37.955]]]}},{"type":"Feature","properties":{"type":"Road","scalerank":3,"name":null},"geometry":{"type":"MultiLineString","coordinates":[[[77.41,37.881],[77.373,37.922],[77.332,37.976]]]}},{"type":"Feature","properties":{"type":"Road","scalerank":3,"name":null},"geometry":{"type":"MultiLineString","coordinates":[[[93.739,37.997],[93.702,37.984],[93.681,37.968],[93.669,37.943],[93.656,37.927],[93.628,37.91],[93.611,37.873],[93.599,37.869],[93.553,37.885],[93.537,37.894],[93.5,37.91],[93.438,37.918],[93.368,37.918],[93.343,37.918],[93.289,37.947],[93.252,37.972],[93.228,37.984]]]}},{"type":"Feature","properties":{"type":"Road","scalerank":3,"name":null},"geometry":{"type":"MultiLineString","coordinates":[[[95.084,37.98],[95.137,37.951],[95.207,37.918],[95.253,37.906],[95.286,37.898],[95.327,37.881],[95.352,37.861],[95.368,37.852],[95.385,37.828]]]}},{"type":"Feature","properties":{"type":"Road","scalerank":4,"name":null},"geometry":{"type":"MultiLineString","coordinates":[[[67.578,37.815],[67.586,37.848],[67.598,37.885],[67.611,37.906],[67.635,37.927],[67.681,37.939],[67.739,37.955]]]}},{"type":"Feature","properties":{"type":"Road","scalerank":3,"name":null},"geometry":{"type":"MultiLineString","coordinates":[[[95.385,37.828],[95.368,37.79],[95.335,37.733],[95.335,37.708]]]}},{"type":"Feature","properties":{"type":"Road","scalerank":4,"name":null},"geometry":{"type":"MultiLineString","coordinates":[[[67.037,37.997],[67.033,37.943],[67.042,37.922],[67.058,37.881],[67.062,37.869],[67.058,37.848],[67.025,37.807],[66.992,37.749],[66.988,37.724],[66.992,37.712],[67.009,37.675],[67.021,37.663]]]}},{"type":"Feature","properties":{"type":"Major Highway","scalerank":3,"name":null},"geometry":{"type":"MultiLineString","coordinates":[[[73.067,37.613],[73.125,37.63],[73.158,37.65],[73.203,37.663],[73.245,37.683],[73.253,37.696],[73.253,37.716],[73.278,37.729],[73.327,37.737],[73.377,37.749],[73.451,37.766],[73.488,37.77],[73.55,37.786],[73.616,37.795],[73.645,37.799],[73.719,37.807],[73.806,37.828],[73.851,37.844],[73.867,37.856],[73.876,37.898],[73.892,37.927],[73.929,37.931],[73.958,37.939],[73.954,37.951],[73.942,37.972],[73.954,37.997]]]}},{"type":"Feature","properties":{"type":"Road","scalerank":3,"name":null},"geometry":{"type":"MultiLineString","coordinates":[[[77.41,37.881],[77.427,37.881],[77.497,37.865],[77.542,37.852],[77.563,37.844],[77.592,37.823],[77.666,37.782],[77.711,37.766],[77.798,37.72],[77.843,37.7],[77.893,37.679],[77.947,37.654],[77.971,37.646],[78.07,37.609],[78.136,37.593],[78.19,37.576],[78.239,37.555]]]}},{"type":"Feature","properties":{"type":"Road","scalerank":3,"name":null},"geometry":{"type":"MultiLineString","coordinates":[[[71.607,37.955],[71.628,37.943],[71.632,37.931],[71.62,37.906],[71.624,37.877],[71.636,37.852],[71.632,37.819],[71.616,37.786],[71.57,37.729],[71.574,37.692],[71.562,37.634],[71.554,37.605],[71.545,37.568],[71.541,37.535],[71.55,37.514]]]}},{"type":"Feature","properties":{"type":"Road","scalerank":3,"name":null},"geometry":{"type":"MultiLineString","coordinates":[[[71.55,37.514],[71.566,37.506],[71.599,37.498]]]}},{"type":"Feature","properties":{"type":"Road","scalerank":4,"name":null},"geometry":{"type":"MultiLineString","coordinates":[[[67.578,37.815],[67.623,37.749],[67.611,37.733],[67.57,37.692],[67.528,37.626],[67.524,37.584],[67.508,37.547],[67.487,37.518],[67.462,37.494],[67.45,37.481]]]}},{"type":"Feature","properties":{"type":"Road","scalerank":4,"name":null},"geometry":{"type":"MultiLineString","coordinates":[[[66.01,37.506],[66.064,37.481]]]}},{"type":"Feature","properties":{"type":"Road","scalerank":3,"name":null},"geometry":{"type":"MultiLineString","coordinates":[[[71.599,37.498],[71.661,37.51],[71.702,37.522],[71.723,37.535],[71.735,37.547],[71.76,37.584],[71.801,37.634],[71.818,37.654],[71.855,37.679],[71.888,37.687],[71.929,37.692],[71.987,37.7],[72.028,37.712],[72.04,37.712],[72.094,37.724],[72.131,37.72],[72.16,37.712],[72.176,37.696],[72.201,37.683],[72.218,37.683],[72.251,37.696],[72.284,37.7],[72.362,37.696],[72.412,37.687],[72.457,37.675],[72.482,37.663],[72.515,37.642],[72.564,37.588],[72.593,37.568],[72.663,37.539],[72.692,37.51],[72.717,37.494],[72.746,37.481],[72.783,37.473],[72.812,37.473],[72.845,37.498],[72.915,37.522],[72.944,37.531],[72.968,37.531],[72.981,37.535],[73.043,37.593],[73.067,37.613]]]}},{"type":"Feature","properties":{"type":"Road","scalerank":3,"name":null},"geometry":{"type":"MultiLineString","coordinates":[[[78.239,37.555],[78.285,37.539],[78.33,37.518],[78.371,37.494],[78.466,37.44],[78.479,37.436],[78.545,37.419],[78.569,37.407]]]}},{"type":"Feature","properties":{"type":"Road","scalerank":4,"name":null},"geometry":{"type":"MultiLineString","coordinates":[[[67.178,37.378],[67.141,37.469],[67.132,37.489],[67.099,37.555],[67.058,37.609],[67.021,37.663]]]}},{"type":"Feature","properties":{"type":"Road","scalerank":4,"name":null},"geometry":{"type":"MultiLineString","coordinates":[[[66.064,37.481],[66.134,37.436],[66.18,37.403],[66.196,37.395],[66.237,37.382],[66.27,37.378],[66.299,37.382],[66.349,37.386],[66.464,37.382],[66.518,37.39]]]}},{"type":"Feature","properties":{"type":"Road","scalerank":4,"name":null},"geometry":{"type":"MultiLineString","coordinates":[[[67.178,37.378],[67.165,37.374],[67.141,37.374],[67.124,37.378],[67.095,37.39],[67.037,37.411],[66.967,37.428],[66.934,37.428],[66.794,37.419],[66.716,37.415],[66.609,37.399],[66.518,37.39]]]}},{"type":"Feature","properties":{"type":"Road","scalerank":4,"name":null},"geometry":{"type":"MultiLineString","coordinates":[[[67.318,37.242],[67.33,37.254],[67.38,37.287],[67.405,37.312],[67.421,37.349],[67.438,37.386],[67.458,37.428],[67.466,37.448],[67.466,37.469],[67.45,37.481]]]}},{"type":"Feature","properties":{"type":"Road","scalerank":4,"name":null},"geometry":{"type":"MultiLineString","coordinates":[[[67.264,37.23],[67.219,37.25],[67.198,37.279],[67.19,37.324],[67.186,37.353],[67.178,37.378]]]}},{"type":"Feature","properties":{"type":"Road","scalerank":3,"name":null},"geometry":{"type":"MultiLineString","coordinates":[[[78.569,37.407],[78.627,37.382],[78.685,37.357],[78.71,37.349],[78.738,37.345],[78.78,37.333],[78.837,37.308],[78.866,37.291],[78.908,37.254],[78.936,37.234],[79.007,37.221]]]}},{"type":"Feature","properties":{"type":"Road","scalerank":4,"name":null},"geometry":{"type":"MultiLineString","coordinates":[[[79.749,37.25],[79.761,37.25],[79.811,37.213]]]}},{"type":"Feature","properties":{"type":"Major Highway","scalerank":4,"name":null},"geometry":{"type":"MultiLineString","coordinates":[[[75.109,37.993],[75.15,37.939],[75.187,37.914],[75.2,37.898],[75.216,37.865],[75.224,37.79],[75.233,37.77],[75.249,37.745],[75.282,37.712],[75.299,37.7],[75.319,37.675],[75.336,37.63],[75.369,37.588],[75.377,37.568],[75.377,37.555],[75.365,37.518],[75.356,37.481],[75.361,37.444],[75.369,37.423],[75.394,37.357],[75.394,37.333],[75.381,37.3],[75.373,37.263],[75.377,37.209],[75.381,37.197]]]}},{"type":"Feature","properties":{"type":"Road","scalerank":3,"name":null},"geometry":{"type":"MultiLineString","coordinates":[[[79.007,37.221],[79.031,37.221],[79.101,37.23],[79.13,37.225],[79.184,37.209],[79.213,37.209],[79.246,37.205],[79.361,37.168],[79.402,37.159],[79.497,37.131],[79.547,37.131],[79.572,37.139],[79.596,37.159],[79.638,37.213],[79.666,37.234],[79.687,37.242],[79.728,37.25],[79.749,37.25]]]}},{"type":"Feature","properties":{"type":"Road","scalerank":4,"name":null},"geometry":{"type":"MultiLineString","coordinates":[[[79.811,37.213],[79.848,37.188],[79.914,37.143],[79.939,37.122]]]}},{"type":"Feature","properties":{"type":"Road","scalerank":4,"name":null},"geometry":{"type":"MultiLineString","coordinates":[[[70.494,37.102],[70.498,37.085],[70.539,37.073],[70.584,37.085],[70.605,37.085],[70.638,37.069],[70.679,37.081],[70.708,37.081]]]}},{"type":"Feature","properties":{"type":"Road","scalerank":4,"name":null},"geometry":{"type":"MultiLineString","coordinates":[[[79.939,37.122],[79.968,37.106],[80.001,37.085],[80.038,37.073],[80.083,37.069],[80.17,37.06],[80.194,37.052],[80.219,37.044],[80.24,37.032]]]}},{"type":"Feature","properties":{"type":"Road","scalerank":4,"name":null},"geometry":{"type":"MultiLineString","coordinates":[[[70.708,37.081],[70.725,37.077],[70.77,37.06],[70.782,37.04],[70.84,37.027],[70.857,37.023],[70.877,37.007],[70.91,36.99]]]}},{"type":"Feature","properties":{"type":"Road","scalerank":4,"name":null},"geometry":{"type":"MultiLineString","coordinates":[[[80.776,36.928],[80.801,36.937],[80.797,36.961],[80.809,37.007]]]}},{"type":"Feature","properties":{"type":"Road","scalerank":4,"name":null},"geometry":{"type":"MultiLineString","coordinates":[[[80.24,37.032],[80.26,37.019],[80.31,36.99],[80.351,36.966],[80.38,36.945],[80.516,36.871],[80.541,36.862],[80.574,36.858],[80.603,36.862],[80.652,36.879],[80.685,36.895],[80.718,36.908],[80.776,36.928]]]}},{"type":"Feature","properties":{"type":"Major Highway","scalerank":4,"name":null},"geometry":{"type":"MultiLineString","coordinates":[[[75.381,37.197],[75.389,37.18],[75.41,37.168],[75.435,37.159],[75.451,37.143],[75.468,37.126],[75.501,37.073],[75.534,37.015],[75.554,36.961],[75.554,36.937],[75.538,36.912],[75.526,36.879],[75.513,36.862],[75.493,36.85]]]}},{"type":"Feature","properties":{"type":"Road","scalerank":4,"name":null},"geometry":{"type":"MultiLineString","coordinates":[[[80.809,37.007],[80.821,37.011],[80.863,37.019],[80.908,37.023],[80.941,37.019],[81.032,36.99],[81.077,36.97],[81.11,36.97],[81.159,36.966],[81.197,36.953],[81.225,36.949],[81.267,36.957],[81.296,36.957],[81.308,36.953],[81.436,36.871],[81.481,36.85],[81.51,36.842]]]}},{"type":"Feature","properties":{"type":"Road","scalerank":4,"name":null},"geometry":{"type":"MultiLineString","coordinates":[[[81.51,36.842],[81.539,36.838],[81.621,36.85],[81.667,36.85]]]}},{"type":"Feature","properties":{"type":"Road","scalerank":4,"name":null},"geometry":{"type":"MultiLineString","coordinates":[[[81.667,36.85],[81.708,36.85],[81.737,36.842],[81.799,36.809],[81.828,36.801],[81.84,36.805],[81.865,36.825],[81.885,36.838],[81.906,36.838]]]}},{"type":"Feature","properties":{"type":"Road","scalerank":4,"name":null},"geometry":{"type":"MultiLineString","coordinates":[[[81.906,36.838],[81.927,36.834],[81.939,36.813],[81.993,36.784],[82.026,36.768]]]}},{"type":"Feature","properties":{"type":"Major Highway","scalerank":4,"name":null},"geometry":{"type":"MultiLineString","coordinates":[[[75.493,36.85],[75.402,36.825],[75.373,36.817],[75.34,36.817],[75.328,36.821],[75.266,36.842],[75.208,36.85],[75.154,36.879],[75.138,36.879],[75.121,36.862],[75.109,36.858],[75.043,36.862],[75.022,36.854],[74.993,36.858],[74.977,36.838],[74.981,36.829],[74.94,36.805],[74.915,36.797],[74.87,36.792],[74.849,36.78],[74.837,36.764],[74.824,36.751]]]}},{"type":"Feature","properties":{"type":"Road","scalerank":4,"name":null},"geometry":{"type":"MultiLineString","coordinates":[[[67.392,37.263],[67.425,37.213],[67.413,37.201],[67.405,37.188],[67.388,37.176],[67.363,37.164],[67.318,37.159],[67.297,37.147],[67.281,37.131],[67.268,37.069],[67.256,37.036],[67.256,37.003],[67.268,36.974],[67.252,36.924],[67.256,36.895],[67.281,36.858],[67.289,36.842],[67.289,36.809],[67.301,36.759],[67.31,36.751]]]}},{"type":"Feature","properties":{"type":"Major Highway","scalerank":5,"name":null},"geometry":{"type":"MultiLineString","coordinates":[[[74.824,36.751],[74.804,36.735]]]}},{"type":"Feature","properties":{"type":"Road","scalerank":4,"name":null},"geometry":{"type":"MultiLineString","coordinates":[[[82.026,36.768],[82.054,36.751],[82.092,36.735],[82.12,36.731],[82.17,36.726],[82.199,36.731],[82.232,36.743],[82.285,36.772],[82.339,36.792],[82.368,36.801],[82.467,36.813],[82.533,36.825],[82.578,36.842],[82.599,36.85],[82.62,36.879],[82.632,36.912],[82.648,36.928],[82.653,36.941],[82.64,36.974],[82.644,36.986],[82.653,37.011],[82.677,37.048],[82.69,37.06]]]}},{"type":"Feature","properties":{"type":"Road","scalerank":3,"name":null},"geometry":{"type":"MultiLineString","coordinates":[[[98.89,36.722],[98.907,36.718],[98.944,36.726],[98.993,36.747]]]}},{"type":"Feature","properties":{"type":"Road","scalerank":4,"name":null},"geometry":{"type":"MultiLineString","coordinates":[[[67.31,36.751],[67.355,36.768],[67.429,36.764],[67.45,36.759],[67.508,36.743],[67.57,36.731],[67.607,36.722],[67.677,36.71]]]}},{"type":"Feature","properties":{"type":"Road","scalerank":4,"name":null},"geometry":{"type":"MultiLineString","coordinates":[[[71.57,36.706],[71.624,36.739]]]}},{"type":"Feature","properties":{"type":"Road","scalerank":4,"name":null},"geometry":{"type":"MultiLineString","coordinates":[[[67.677,36.71],[67.743,36.702],[67.788,36.698],[67.809,36.698],[67.895,36.706],[67.978,36.706],[68.019,36.706],[68.064,36.706]]]}},{"type":"Feature","properties":{"type":"Road","scalerank":4,"name":null},"geometry":{"type":"MultiLineString","coordinates":[[[66.893,36.747],[66.951,36.743],[67.009,36.722],[67.029,36.718],[67.046,36.706],[67.095,36.693]]]}},{"type":"Feature","properties":{"type":"Road","scalerank":4,"name":null},"geometry":{"type":"MultiLineString","coordinates":[[[67.095,36.693],[67.12,36.693],[67.161,36.702],[67.227,36.714],[67.248,36.722],[67.285,36.722],[67.306,36.739],[67.31,36.751]]]}},{"type":"Feature","properties":{"type":"Major Highway","scalerank":4,"name":null},"geometry":{"type":"MultiLineString","coordinates":[[[74.816,36.693],[74.804,36.731],[74.804,36.735]]]}},{"type":"Feature","properties":{"type":"Road","scalerank":4,"name":null},"geometry":{"type":"MultiLineString","coordinates":[[[71.624,36.739],[71.661,36.702],[71.673,36.698],[71.706,36.693],[71.768,36.693],[71.785,36.698],[71.834,36.714],[71.871,36.739],[71.925,36.78],[71.962,36.809],[71.987,36.825],[72.065,36.858],[72.098,36.879],[72.139,36.912],[72.205,36.953],[72.251,36.978],[72.308,37.003],[72.358,37.019],[72.412,37.023],[72.445,37.019],[72.473,37.015],[72.502,37.019],[72.556,37.048],[72.618,37.048],[72.647,37.056],[72.663,37.089],[72.692,37.122],[72.721,37.168],[72.737,37.205],[72.766,37.246],[72.783,37.254],[72.82,37.263],[72.845,37.267],[72.874,37.275],[72.915,37.291],[72.956,37.324],[72.981,37.329],[73.01,37.333],[73.051,37.329],[73.067,37.337],[73.084,37.353],[73.071,37.386],[73.071,37.419],[73.08,37.465],[73.084,37.51],[73.084,37.56],[73.067,37.613]]]}},{"type":"Feature","properties":{"type":"Road","scalerank":4,"name":null},"geometry":{"type":"MultiLineString","coordinates":[[[69.12,36.685],[69.157,36.693],[69.19,36.722],[69.211,36.726],[69.248,36.726],[69.265,36.743],[69.318,36.772],[69.339,36.776],[69.384,36.772]]]}},{"type":"Feature","properties":{"type":"Road","scalerank":4,"name":null},"geometry":{"type":"MultiLineString","coordinates":[[[66.027,36.797],[66.072,36.813],[66.114,36.834],[66.13,36.846],[66.151,36.875],[66.167,36.924],[66.188,36.92],[66.204,36.908],[66.237,36.887],[66.258,36.879],[66.32,36.871],[66.353,36.854],[66.435,36.842],[66.481,36.834],[66.538,36.813],[66.559,36.805],[66.6,36.792],[66.625,36.784],[66.646,36.78],[66.683,36.772],[66.732,36.759],[66.778,36.759],[66.852,36.755],[66.872,36.755],[66.893,36.747]]]}},{"type":"Feature","properties":{"type":"Road","scalerank":4,"name":null},"geometry":{"type":"MultiLineString","coordinates":[[[68.873,36.706],[68.943,36.681],[68.984,36.673],[69.05,36.677],[69.091,36.685],[69.12,36.685]]]}},{"type":"Feature","properties":{"type":"Road","scalerank":4,"name":null},"geometry":{"type":"MultiLineString","coordinates":[[[69.384,36.772],[69.483,36.747],[69.496,36.743],[69.508,36.726],[69.529,36.722],[69.574,36.722],[69.59,36.718],[69.607,36.706],[69.632,36.669],[69.652,36.66],[69.714,36.648],[69.755,36.652],[69.776,36.665],[69.801,36.693],[69.83,36.722],[69.867,36.747],[69.941,36.78],[69.982,36.797],[70.044,36.809],[70.085,36.805],[70.098,36.817],[70.09,36.85],[70.069,36.904],[70.061,36.937],[70.077,36.966],[70.102,36.99],[70.135,37.019],[70.147,37.036],[70.172,37.093],[70.189,37.118],[70.217,37.147],[70.238,37.159],[70.267,37.184],[70.349,37.197],[70.411,37.197],[70.469,37.168],[70.481,37.151],[70.494,37.118],[70.494,37.102]]]}},{"type":"Feature","properties":{"type":"Road","scalerank":4,"name":null},"geometry":{"type":"MultiLineString","coordinates":[[[68.064,36.706],[68.114,36.706],[68.209,36.702],[68.287,36.693],[68.353,36.677],[68.394,36.665],[68.473,36.644],[68.514,36.644],[68.535,36.644],[68.609,36.665],[68.687,36.677],[68.728,36.681],[68.79,36.698],[68.856,36.722]]]}},{"type":"Feature","properties":{"type":"Road","scalerank":3,"name":null},"geometry":{"type":"MultiLineString","coordinates":[[[95.335,37.708],[95.343,37.696],[95.352,37.667],[95.356,37.642],[95.372,37.593],[95.397,37.555],[95.413,37.506],[95.434,37.465],[95.446,37.448],[95.488,37.37],[95.5,37.341],[95.508,37.304],[95.504,37.263],[95.496,37.221],[95.479,37.176],[95.459,37.131],[95.455,37.102],[95.434,37.056],[95.426,37.052],[95.409,37.019],[95.393,36.982],[95.389,36.949],[95.38,36.928],[95.347,36.879],[95.335,36.838],[95.314,36.817],[95.281,36.792],[95.24,36.772],[95.195,36.755],[95.137,36.726],[95.112,36.71],[95.079,36.681],[95.034,36.619]]]}},{"type":"Feature","properties":{"type":"Road","scalerank":4,"name":null},"geometry":{"type":"MultiLineString","coordinates":[[[71.343,36.578],[71.368,36.59],[71.397,36.627],[71.438,36.652],[71.484,36.673],[71.554,36.693],[71.57,36.706]]]}},{"type":"Feature","properties":{"type":"Road","scalerank":4,"name":null},"geometry":{"type":"MultiLineString","coordinates":[[[70.91,36.99],[70.96,36.99],[70.976,36.978],[71.018,36.97],[71.018,36.957],[71.042,36.949],[71.042,36.937],[71.059,36.928],[71.067,36.908],[71.067,36.891],[71.079,36.871],[71.079,36.85],[71.071,36.838],[71.067,36.813],[71.071,36.797],[71.051,36.759],[71.063,36.722],[71.096,36.689],[71.112,36.673],[71.166,36.644],[71.248,36.611],[71.286,36.59],[71.302,36.586],[71.343,36.578]]]}},{"type":"Feature","properties":{"type":"Road","scalerank":3,"name":null},"geometry":{"type":"MultiLineString","coordinates":[[[77.006,36.467],[76.998,36.479],[76.994,36.504],[76.977,36.545],[76.986,36.57],[77.002,36.582],[77.031,36.582],[77.068,36.57],[77.101,36.566],[77.122,36.578],[77.138,36.59],[77.142,36.615],[77.13,36.632],[77.093,36.66],[77.076,36.673],[77.027,36.731],[77.027,36.768],[76.994,36.813],[76.977,36.854],[76.973,36.891],[76.977,36.928],[76.969,36.966],[76.953,36.99],[76.907,37.04],[76.878,37.06],[76.878,37.073],[76.887,37.081],[76.915,37.081],[76.948,37.098],[76.994,37.114],[77.01,37.122]]]}},{"type":"Feature","properties":{"type":"Major Highway","scalerank":4,"name":null},"geometry":{"type":"MultiLineString","coordinates":[[[74.882,36.462],[74.87,36.479],[74.849,36.504],[74.804,36.541],[74.795,36.553],[74.795,36.57],[74.804,36.578],[74.833,36.586],[74.853,36.599],[74.861,36.615],[74.816,36.693]]]}},{"type":"Feature","properties":{"type":"Road","scalerank":3,"name":null},"geometry":{"type":"MultiLineString","coordinates":[[[95.034,36.619],[95.005,36.574],[94.997,36.549],[94.964,36.512],[94.923,36.471],[94.906,36.45],[94.898,36.425]]]}},{"type":"Feature","properties":{"type":"Road","scalerank":3,"name":null},"geometry":{"type":"MultiLineString","coordinates":[[[77.501,36.417],[77.46,36.421],[77.427,36.438],[77.41,36.442],[77.349,36.438],[77.324,36.442],[77.303,36.454],[77.274,36.462],[77.208,36.458],[77.151,36.454],[77.118,36.454],[77.093,36.462],[77.047,36.467],[77.006,36.467]]]}},{"type":"Feature","properties":{"type":"Road","scalerank":3,"name":null},"geometry":{"type":"MultiLineString","coordinates":[[[98.094,36.405],[98.115,36.405],[98.152,36.413],[98.185,36.434],[98.259,36.462],[98.292,36.467],[98.354,36.462],[98.416,36.454],[98.457,36.45],[98.494,36.446],[98.519,36.446],[98.548,36.438],[98.573,36.434],[98.61,36.442],[98.622,36.454],[98.622,36.483],[98.626,36.512],[98.643,36.528],[98.672,36.549],[98.701,36.561],[98.721,36.574],[98.763,36.619],[98.775,36.648],[98.787,36.681],[98.8,36.698],[98.816,36.706],[98.866,36.718],[98.89,36.722]]]}},{"type":"Feature","properties":{"type":"Road","scalerank":3,"name":null},"geometry":{"type":"MultiLineString","coordinates":[[[94.898,36.425],[94.956,36.396],[95.022,36.368],[95.1,36.355],[95.228,36.326],[95.31,36.318],[95.389,36.322],[95.467,36.339],[95.545,36.359],[95.591,36.368],[95.702,36.38],[95.764,36.38],[95.954,36.376],[96.127,36.359],[96.172,36.359],[96.259,36.372],[96.35,36.376],[96.457,36.368]]]}},{"type":"Feature","properties":{"type":"Major Highway","scalerank":4,"name":null},"geometry":{"type":"MultiLineString","coordinates":[[[74.651,36.318],[74.684,36.326],[74.725,36.326],[74.828,36.318],[74.853,36.318],[74.861,36.326],[74.849,36.359],[74.857,36.376],[74.874,36.401],[74.874,36.425],[74.882,36.442],[74.882,36.462]]]}},{"type":"Feature","properties":{"type":"Road","scalerank":3,"name":null},"geometry":{"type":"MultiLineString","coordinates":[[[96.457,36.368],[96.552,36.363],[96.593,36.355],[96.692,36.326],[96.779,36.302],[96.853,36.277],[96.96,36.24],[97.001,36.223],[97.08,36.203],[97.154,36.178],[97.228,36.145],[97.356,36.104],[97.373,36.095],[97.422,36.083],[97.434,36.079]]]}},{"type":"Feature","properties":{"type":"Road","scalerank":3,"name":null},"geometry":{"type":"MultiLineString","coordinates":[[[97.892,36],[97.905,36.005],[97.962,36.025],[98.004,36.038],[98.02,36.054],[98.061,36.062],[98.136,36.062],[98.169,36.071],[98.181,36.083],[98.181,36.099],[98.177,36.12],[98.185,36.165],[98.181,36.186],[98.189,36.211],[98.156,36.227],[98.152,36.24],[98.144,36.244],[98.119,36.252],[98.115,36.256],[98.111,36.281],[98.098,36.31],[98.098,36.359],[98.09,36.38],[98.094,36.405]]]}},{"type":"Feature","properties":{"type":"Road","scalerank":3,"name":null},"geometry":{"type":"MultiLineString","coordinates":[[[97.434,36.079],[97.484,36.066],[97.517,36.046],[97.55,36.013],[97.579,35.992],[97.595,35.988],[97.624,35.992],[97.645,36.009],[97.674,36.021],[97.69,36.021],[97.736,36.021],[97.793,36.025],[97.814,36.021],[97.835,36],[97.863,35.988],[97.892,36]]]}},{"type":"Feature","properties":{"type":"Road","scalerank":4,"name":null},"geometry":{"type":"MultiLineString","coordinates":[[[67.677,36.71],[67.681,36.689],[67.689,36.669],[67.714,36.632],[67.763,36.586],[67.784,36.561],[67.805,36.528],[67.821,36.508],[67.838,36.495],[67.866,36.458],[67.875,36.425],[67.871,36.392],[67.875,36.372],[67.895,36.339],[67.928,36.302],[67.961,36.277],[68.056,36.231],[68.114,36.211],[68.13,36.198],[68.168,36.182],[68.201,36.174],[68.246,36.17],[68.337,36.17],[68.399,36.165],[68.44,36.153],[68.46,36.141],[68.493,36.116],[68.526,36.087],[68.559,36.05],[68.592,36.021],[68.609,36.013],[68.638,36],[68.679,35.98],[68.691,35.976]]]}},{"type":"Feature","properties":{"type":"Major Highway","scalerank":4,"name":null},"geometry":{"type":"MultiLineString","coordinates":[[[74.4,35.889],[74.379,35.918],[74.371,35.963],[74.362,35.976],[74.317,36],[74.301,36.021],[74.292,36.038],[74.288,36.071],[74.292,36.104],[74.284,36.132],[74.276,36.149],[74.288,36.182],[74.288,36.203],[74.296,36.223],[74.309,36.244],[74.325,36.256],[74.354,36.256],[74.437,36.24],[74.47,36.24],[74.486,36.24],[74.515,36.256],[74.548,36.252],[74.565,36.256],[74.585,36.285],[74.598,36.293],[74.651,36.318]]]}},{"type":"Feature","properties":{"type":"Major Highway","scalerank":4,"name":null},"geometry":{"type":"MultiLineString","coordinates":[[[74.585,35.77],[74.556,35.819],[74.523,35.84],[74.433,35.869],[74.412,35.877],[74.4,35.889]]]}},{"type":"Feature","properties":{"type":"Major Highway","scalerank":4,"name":null},"geometry":{"type":"MultiLineString","coordinates":[[[74.581,35.691],[74.593,35.712],[74.61,35.716],[74.598,35.749],[74.585,35.77]]]}},{"type":"Feature","properties":{"type":"Road","scalerank":4,"name":null},"geometry":{"type":"MultiLineString","coordinates":[[[68.691,35.613],[68.737,35.666],[68.753,35.704],[68.761,35.741],[68.782,35.794],[68.782,35.819],[68.794,35.831],[68.79,35.848],[68.79,35.864],[68.77,35.877],[68.749,35.902],[68.733,35.926],[68.691,35.976]]]}},{"type":"Feature","properties":{"type":"Road","scalerank":4,"name":null},"geometry":{"type":"MultiLineString","coordinates":[[[68.885,35.596],[68.873,35.609],[68.836,35.613],[68.778,35.609],[68.753,35.609],[68.691,35.613]]]}},{"type":"Feature","properties":{"type":"Major Highway","scalerank":4,"name":null},"geometry":{"type":"MultiLineString","coordinates":[[[74.144,35.382],[74.16,35.374],[74.181,35.374],[74.206,35.378],[74.251,35.394],[74.272,35.398],[74.292,35.398],[74.309,35.39],[74.354,35.378],[74.375,35.386],[74.404,35.411],[74.437,35.456],[74.453,35.473],[74.494,35.489],[74.532,35.493],[74.577,35.51],[74.593,35.522],[74.598,35.534],[74.598,35.555],[74.585,35.592],[74.573,35.646],[74.573,35.675],[74.581,35.691]]]}},{"type":"Feature","properties":{"type":"Road","scalerank":3,"name":null},"geometry":{"type":"MultiLineString","coordinates":[[[77.501,36.417],[77.518,36.417],[77.559,36.425],[77.588,36.417],[77.612,36.409],[77.641,36.405],[77.703,36.405],[77.724,36.417],[77.744,36.429],[77.773,36.425],[77.794,36.417],[77.831,36.401],[77.864,36.384],[77.876,36.38],[77.918,36.388],[77.938,36.396],[77.955,36.413],[77.971,36.409],[77.963,36.384],[77.971,36.363],[77.996,36.343],[78.033,36.33],[78.062,36.322],[78.145,36.314],[78.293,36.293],[78.326,36.289],[78.437,36.264],[78.483,36.256],[78.594,36.231],[78.681,36.215],[78.726,36.207],[78.767,36.215],[78.784,36.215],[78.829,36.207],[78.858,36.203],[78.912,36.178],[78.949,36.145],[79.031,36.087],[79.077,36.054],[79.122,36.021],[79.172,35.992],[79.18,35.984],[79.205,35.976],[79.225,35.963],[79.308,35.906],[79.345,35.881],[79.398,35.823],[79.423,35.79],[79.435,35.757],[79.452,35.728],[79.485,35.687],[79.506,35.65],[79.514,35.617],[79.518,35.588],[79.514,35.551],[79.518,35.51],[79.53,35.493],[79.563,35.464],[79.576,35.444],[79.576,35.431],[79.567,35.411],[79.563,35.386],[79.534,35.353]]]}},{"type":"Feature","properties":{"type":"Road","scalerank":3,"name":null},"geometry":{"type":"MultiLineString","coordinates":[[[93.256,35.308],[93.327,35.345],[93.401,35.365],[93.442,35.378],[93.491,35.39],[93.574,35.423],[93.64,35.468],[93.665,35.485],[93.71,35.501],[93.76,35.51],[93.797,35.518],[93.838,35.53],[93.9,35.534],[93.912,35.547],[93.958,35.555],[93.995,35.576],[94.011,35.588],[94.036,35.625],[94.036,35.646],[94.015,35.658],[94.015,35.675],[94.028,35.691],[94.061,35.704],[94.098,35.712],[94.222,35.732],[94.3,35.737],[94.316,35.745],[94.337,35.77],[94.341,35.798],[94.337,35.831],[94.341,35.881],[94.345,35.889],[94.366,35.893],[94.419,35.889],[94.469,35.881],[94.543,35.881],[94.58,35.885],[94.65,35.91],[94.671,35.91],[94.729,35.889],[94.754,35.885],[94.774,35.893],[94.795,35.918],[94.828,35.922],[94.832,35.984],[94.824,36.038],[94.824,36.066],[94.82,36.087],[94.84,36.099],[94.844,36.112],[94.832,36.124],[94.807,36.128],[94.795,36.141],[94.782,36.19],[94.791,36.223],[94.803,36.269],[94.82,36.302],[94.848,36.339],[94.869,36.359],[94.894,36.409],[94.898,36.425]]]}},{"type":"Feature","properties":{"type":"Road","scalerank":3,"name":null},"geometry":{"type":"MultiLineString","coordinates":[[[79.534,35.353],[79.53,35.328],[79.534,35.279],[79.543,35.242]]]}},{"type":"Feature","properties":{"type":"Major Highway","scalerank":5,"name":null},"geometry":{"type":"MultiLineString","coordinates":[[[75.876,35.217],[75.864,35.233],[75.839,35.287],[75.827,35.303],[75.806,35.303],[75.74,35.279],[75.695,35.27],[75.657,35.275],[75.625,35.283],[75.583,35.303],[75.53,35.336],[75.484,35.369],[75.406,35.44],[75.389,35.448],[75.352,35.456],[75.336,35.473],[75.319,35.522],[75.303,35.543],[75.299,35.555],[75.286,35.572],[75.257,35.576],[75.229,35.58],[75.187,35.576],[75.134,35.584],[75.092,35.58],[75.064,35.584],[75.051,35.605],[75.051,35.642],[75.039,35.65],[75.006,35.646],[74.981,35.65],[74.952,35.671],[74.936,35.691],[74.894,35.716],[74.861,35.724],[74.841,35.732],[74.833,35.732],[74.816,35.741],[74.783,35.741],[74.771,35.745],[74.762,35.77],[74.75,35.782],[74.746,35.827],[74.742,35.848],[74.725,35.86],[74.701,35.856],[74.68,35.848],[74.659,35.848],[74.639,35.84],[74.614,35.819],[74.614,35.794],[74.622,35.774],[74.585,35.77]]]}},{"type":"Feature","properties":{"type":"Road","scalerank":4,"name":null},"geometry":{"type":"MultiLineString","coordinates":[[[69.228,35.13],[69.228,35.163],[69.223,35.196],[69.203,35.229],[69.182,35.237],[69.149,35.254],[69.112,35.279],[69.058,35.303],[69.038,35.316],[69.009,35.349],[68.988,35.386],[68.984,35.407],[68.98,35.444],[68.976,35.46],[68.943,35.489],[68.926,35.506],[68.898,35.559],[68.885,35.596]]]}},{"type":"Feature","properties":{"type":"Road","scalerank":3,"name":null},"geometry":{"type":"MultiLineString","coordinates":[[[79.633,35.101],[79.629,35.085]]]}},{"type":"Feature","properties":{"type":"Road","scalerank":3,"name":null},"geometry":{"type":"MultiLineString","coordinates":[[[79.543,35.242],[79.559,35.2],[79.592,35.143],[79.629,35.085]]]}},{"type":"Feature","properties":{"type":"Road","scalerank":3,"name":null},"geometry":{"type":"MultiLineString","coordinates":[[[79.629,35.085],[79.642,35.072]]]}},{"type":"Feature","properties":{"type":"Major Highway","scalerank":4,"name":null},"geometry":{"type":"MultiLineString","coordinates":[[[72.758,34.875],[72.791,34.879],[72.816,34.887],[72.828,34.903],[72.849,34.932],[72.861,34.965],[72.857,35.015],[72.861,35.027],[72.869,35.039],[72.915,35.056],[72.96,35.077],[72.997,35.118],[73.034,35.143],[73.051,35.159],[73.084,35.188],[73.129,35.213],[73.179,35.225],[73.22,35.237],[73.261,35.254],[73.282,35.266],[73.286,35.283],[73.286,35.295],[73.278,35.316],[73.269,35.374],[73.265,35.39],[73.282,35.431],[73.298,35.46],[73.311,35.493],[73.315,35.526],[73.335,35.539],[73.426,35.555],[73.443,35.551],[73.472,35.522],[73.488,35.514],[73.533,35.514],[73.616,35.522],[73.657,35.518],[73.806,35.473],[73.851,35.468],[73.905,35.46],[73.946,35.435],[74.024,35.407],[74.061,35.394],[74.103,35.394],[74.144,35.382]]]}},{"type":"Feature","properties":{"type":"Road","scalerank":3,"name":null},"geometry":{"type":"MultiLineString","coordinates":[[[69.694,34.598],[69.718,34.594],[69.747,34.573]]]}},{"type":"Feature","properties":{"type":"Road","scalerank":4,"name":null},"geometry":{"type":"MultiLineString","coordinates":[[[69.141,34.532],[69.096,34.565],[69.067,34.602],[69.063,34.635],[69.067,34.664],[69.096,34.726],[69.108,34.743],[69.137,34.8],[69.153,34.846],[69.157,34.895],[69.157,34.945],[69.17,35.044],[69.178,35.072],[69.195,35.101]]]}},{"type":"Feature","properties":{"type":"Road","scalerank":3,"name":null},"geometry":{"type":"MultiLineString","coordinates":[[[69.141,34.532],[69.157,34.524]]]}},{"type":"Feature","properties":{"type":"Road","scalerank":3,"name":null},"geometry":{"type":"MultiLineString","coordinates":[[[69.157,34.524],[69.178,34.52],[69.199,34.52],[69.261,34.528],[69.302,34.54],[69.368,34.565],[69.405,34.569],[69.479,34.561],[69.5,34.557],[69.541,34.557],[69.586,34.565],[69.661,34.594],[69.694,34.598]]]}},{"type":"Feature","properties":{"type":"Road","scalerank":3,"name":null},"geometry":{"type":"MultiLineString","coordinates":[[[69.747,34.573],[69.764,34.557],[69.78,34.536],[69.809,34.503],[69.842,34.487],[69.92,34.491],[69.97,34.495],[70.036,34.491],[70.073,34.483],[70.143,34.491],[70.209,34.491],[70.246,34.487],[70.283,34.474],[70.349,34.458]]]}},{"type":"Feature","properties":{"type":"Road","scalerank":3,"name":null},"geometry":{"type":"MultiLineString","coordinates":[[[70.349,34.458],[70.399,34.446]]]}},{"type":"Feature","properties":{"type":"Road","scalerank":3,"name":null},"geometry":{"type":"MultiLineString","coordinates":[[[70.399,34.446],[70.436,34.433]]]}},{"type":"Feature","properties":{"type":"Road","scalerank":3,"name":null},"geometry":{"type":"MultiLineString","coordinates":[[[68.852,34.396],[68.869,34.408],[68.898,34.437],[68.959,34.479],[68.98,34.491],[69.046,34.52],[69.087,34.528],[69.141,34.532]]]}},{"type":"Feature","properties":{"type":"Road","scalerank":3,"name":null},"geometry":{"type":"MultiLineString","coordinates":[[[79.629,35.085],[79.621,35.048],[79.6,34.994],[79.58,34.953],[79.563,34.924],[79.534,34.887],[79.468,34.813],[79.423,34.759],[79.402,34.73],[79.394,34.705],[79.39,34.664],[79.394,34.602],[79.402,34.565],[79.423,34.507],[79.427,34.479],[79.46,34.371]]]}},{"type":"Feature","properties":{"type":"Road","scalerank":4,"name":null},"geometry":{"type":"MultiLineString","coordinates":[[[73.212,34.334],[73.22,34.355],[73.241,34.392],[73.261,34.421],[73.274,34.454],[73.274,34.483],[73.265,34.507],[73.249,34.52],[73.228,34.524],[73.187,34.524],[73.17,34.532],[73.133,34.557],[73.1,34.59],[73.059,34.639],[73.01,34.697],[72.956,34.738],[72.927,34.771],[72.927,34.792],[72.948,34.821],[72.948,34.837],[72.935,34.85],[72.898,34.862],[72.857,34.862],[72.799,34.858],[72.779,34.862],[72.758,34.875]]]}},{"type":"Feature","properties":{"type":"Road","scalerank":3,"name":null},"geometry":{"type":"MultiLineString","coordinates":[[[68.733,34.037],[68.745,34.062],[68.766,34.112],[68.79,34.173],[68.807,34.231],[68.832,34.293],[68.844,34.342],[68.848,34.38],[68.852,34.396]]]}},{"type":"Feature","properties":{"type":"Road","scalerank":3,"name":null},"geometry":{"type":"MultiLineString","coordinates":[[[71.537,34.004],[71.587,34.013],[71.603,34.013],[71.743,34.008],[71.809,34.004],[71.929,34.008],[71.979,34.004]]]}},{"type":"Feature","properties":{"type":"Road","scalerank":3,"name":null},"geometry":{"type":"MultiLineString","coordinates":[[[70.436,34.433],[70.531,34.392],[70.56,34.342],[70.597,34.322],[70.704,34.285],[70.791,34.256],[70.848,34.239],[70.952,34.235],[70.989,34.227],[71.022,34.215],[71.055,34.19],[71.084,34.136],[71.1,34.12],[71.15,34.103],[71.187,34.087],[71.22,34.066],[71.265,34.025],[71.281,34.013],[71.319,34.004],[71.405,34.017],[71.475,34.025],[71.517,34.025],[71.537,34.021],[71.537,34.004]]]}},{"type":"Feature","properties":{"type":"Road","scalerank":3,"name":null},"geometry":{"type":"MultiLineString","coordinates":[[[72.486,33.843],[72.42,33.864],[72.321,33.893],[72.284,33.897],[72.247,33.897],[72.23,33.914],[72.23,33.947],[72.222,33.963],[72.205,33.975],[72.172,33.992],[72.135,34.004],[72.077,34.008],[71.979,34.004]]]}},{"type":"Feature","properties":{"type":"Road","scalerank":4,"name":null},"geometry":{"type":"MultiLineString","coordinates":[[[72.791,33.74],[72.836,33.815],[72.836,33.848],[72.853,33.893],[72.849,33.926],[72.853,33.938],[72.869,33.959],[72.902,33.984],[72.927,33.996],[72.944,33.996],[72.985,33.988],[73.026,33.996],[73.067,34.017],[73.088,34.029],[73.125,34.054],[73.154,34.083],[73.191,34.128],[73.208,34.14],[73.22,34.157],[73.224,34.173],[73.232,34.19],[73.236,34.223],[73.228,34.239],[73.228,34.256],[73.216,34.276],[73.212,34.297],[73.212,34.334]]]}},{"type":"Feature","properties":{"type":"Road","scalerank":3,"name":null},"geometry":{"type":"MultiLineString","coordinates":[[[72.486,33.843],[72.515,33.815],[72.531,33.81],[72.552,33.81],[72.614,33.839],[72.634,33.843],[72.655,33.839],[72.696,33.794],[72.77,33.761],[72.791,33.74]]]}},{"type":"Feature","properties":{"type":"Road","scalerank":4,"name":null},"geometry":{"type":"MultiLineString","coordinates":[[[74.919,34.008],[74.948,33.98],[74.981,33.959],[74.998,33.947],[75.022,33.914],[75.035,33.893],[75.051,33.876],[75.072,33.839],[75.088,33.769],[75.117,33.728],[75.117,33.716]]]}},{"type":"Feature","properties":{"type":"Road","scalerank":3,"name":null},"geometry":{"type":"MultiLineString","coordinates":[[[72.791,33.74],[72.803,33.716],[72.816,33.699],[72.849,33.674],[72.882,33.658],[72.907,33.637]]]}},{"type":"Feature","properties":{"type":"Road","scalerank":3,"name":null},"geometry":{"type":"MultiLineString","coordinates":[[[79.46,34.371],[79.473,34.334],[79.506,34.248],[79.518,34.223],[79.501,34.161],[79.485,34.128],[79.477,34.083],[79.481,34.05],[79.489,34.041],[79.51,34.029],[79.526,34.025],[79.576,34.029],[79.765,34.041],[79.831,34.041],[79.877,34.041],[79.939,34.037],[79.959,34.033],[79.988,34.021],[80.005,34.004],[80.017,33.971],[80.017,33.914],[79.996,33.848],[80.001,33.827],[80.021,33.794],[80.034,33.761],[80.029,33.736],[80.021,33.716],[79.988,33.687],[79.935,33.654],[79.885,33.637],[79.831,33.617],[79.794,33.608]]]}},{"type":"Feature","properties":{"type":"Road","scalerank":3,"name":null},"geometry":{"type":"MultiLineString","coordinates":[[[72.907,33.637],[72.923,33.625],[72.968,33.608],[73.022,33.6],[73.063,33.592]]]}},{"type":"Feature","properties":{"type":"Road","scalerank":3,"name":null},"geometry":{"type":"MultiLineString","coordinates":[[[79.794,33.608],[79.827,33.604],[79.881,33.596],[79.918,33.584],[79.951,33.571],[79.959,33.563]]]}},{"type":"Feature","properties":{"type":"Road","scalerank":3,"name":null},"geometry":{"type":"MultiLineString","coordinates":[[[73.063,33.592],[73.096,33.563],[73.158,33.534]]]}},{"type":"Feature","properties":{"type":"Road","scalerank":3,"name":null},"geometry":{"type":"MultiLineString","coordinates":[[[79.959,33.563],[79.947,33.555],[79.935,33.534],[79.906,33.472],[79.881,33.452],[79.852,33.447],[79.836,33.435],[79.794,33.427],[79.765,33.431],[79.741,33.423],[79.724,33.394],[79.699,33.353]]]}},{"type":"Feature","properties":{"type":"Road","scalerank":3,"name":null},"geometry":{"type":"MultiLineString","coordinates":[[[79.699,33.353],[79.687,33.315],[79.699,33.287],[79.732,33.258],[79.778,33.237],[79.794,33.225],[79.815,33.188]]]}},{"type":"Feature","properties":{"type":"Road","scalerank":4,"name":null},"geometry":{"type":"MultiLineString","coordinates":[[[75.117,33.716],[75.117,33.695],[75.109,33.666],[75.113,33.645],[75.125,33.625],[75.138,33.608],[75.167,33.584],[75.191,33.546],[75.187,33.501],[75.179,33.456],[75.196,33.419],[75.196,33.402],[75.196,33.369],[75.187,33.34],[75.196,33.324],[75.183,33.278],[75.191,33.262],[75.22,33.241],[75.253,33.212],[75.282,33.188],[75.303,33.179]]]}},{"type":"Feature","properties":{"type":"Road","scalerank":3,"name":null},"geometry":{"type":"MultiLineString","coordinates":[[[73.158,33.534],[73.175,33.513],[73.212,33.464],[73.216,33.431],[73.245,33.402],[73.253,33.381],[73.257,33.332],[73.319,33.241],[73.348,33.184],[73.377,33.151]]]}},{"type":"Feature","properties":{"type":"Road","scalerank":4,"name":null},"geometry":{"type":"MultiLineString","coordinates":[[[81.007,33.043],[80.966,33.043],[80.916,33.047],[80.887,33.047],[80.863,33.023],[80.85,33.019],[80.825,33.027],[80.805,33.047],[80.792,33.056],[80.759,33.056],[80.652,33.06],[80.623,33.064],[80.549,33.064],[80.446,33.072],[80.429,33.072],[80.413,33.064],[80.388,33.068],[80.363,33.093],[80.351,33.097],[80.314,33.097],[80.24,33.105],[80.203,33.097],[80.178,33.097],[80.128,33.101],[80.112,33.105],[80.075,33.138],[80.05,33.151],[80.021,33.155],[79.996,33.155],[79.972,33.159],[79.959,33.171],[79.922,33.179],[79.897,33.184],[79.864,33.179],[79.815,33.188]]]}},{"type":"Feature","properties":{"type":"Road","scalerank":3,"name":null},"geometry":{"type":"MultiLineString","coordinates":[[[73.377,33.151],[73.393,33.134],[73.41,33.122],[73.455,33.085],[73.492,33.072],[73.55,33.064],[73.595,33.047],[73.632,33.027],[73.645,33.014],[73.674,32.981],[73.686,32.965],[73.715,32.936]]]}},{"type":"Feature","properties":{"type":"Road","scalerank":3,"name":null},"geometry":{"type":"MultiLineString","coordinates":[[[73.715,32.936],[73.723,32.928]]]}},{"type":"Feature","properties":{"type":"Road","scalerank":3,"name":null},"geometry":{"type":"MultiLineString","coordinates":[[[79.815,33.188],[79.827,33.159],[79.831,33.122],[79.823,33.043],[79.803,32.99],[79.803,32.953],[79.798,32.936],[79.782,32.878]]]}},{"type":"Feature","properties":{"type":"Road","scalerank":3,"name":null},"geometry":{"type":"MultiLineString","coordinates":[[[91.891,32.746],[91.899,32.779],[91.904,32.821],[91.904,32.858],[91.908,32.887],[91.924,32.92],[91.937,32.936],[91.978,32.99],[91.978,33.01],[91.974,33.023],[91.949,33.052],[91.895,33.105],[91.871,33.146],[91.862,33.175],[91.866,33.221],[91.879,33.266],[91.883,33.303],[91.891,33.315],[91.904,33.336],[91.924,33.365],[91.941,33.398],[91.945,33.46],[91.949,33.48],[91.965,33.501],[91.994,33.542],[92.06,33.584],[92.069,33.592],[92.073,33.621],[92.052,33.645],[92.056,33.67],[92.085,33.699],[92.114,33.711],[92.168,33.732],[92.267,33.786],[92.287,33.794],[92.353,33.839],[92.361,33.856],[92.366,33.889],[92.366,33.93],[92.353,33.967],[92.345,33.98],[92.341,34.004],[92.333,34.017],[92.333,34.05],[92.337,34.062],[92.37,34.099],[92.378,34.124],[92.403,34.161],[92.415,34.173],[92.452,34.206],[92.485,34.243],[92.518,34.272],[92.588,34.326],[92.601,34.363],[92.613,34.371],[92.683,34.392],[92.708,34.408],[92.716,34.417],[92.728,34.446],[92.733,34.483],[92.72,34.52],[92.724,34.569],[92.741,34.59],[92.786,34.615],[92.885,34.656],[92.91,34.664],[92.914,34.693],[92.898,34.73],[92.898,34.747],[92.902,34.771],[92.918,34.804],[92.926,34.813],[92.947,34.85],[92.951,34.87],[92.951,34.903],[92.964,34.982],[92.98,35.015],[93.009,35.044],[93.025,35.068],[93.038,35.11],[93.046,35.184],[93.067,35.225],[93.096,35.25],[93.129,35.27],[93.211,35.291],[93.256,35.308]]]}},{"type":"Feature","properties":{"type":"Road","scalerank":3,"name":null},"geometry":{"type":"MultiLineString","coordinates":[[[79.782,32.878],[79.778,32.87],[79.786,32.833],[79.811,32.746]]]}},{"type":"Feature","properties":{"type":"Road","scalerank":4,"name":null},"geometry":{"type":"MultiLineString","coordinates":[[[75.303,33.179],[75.299,33.142],[75.328,33.105],[75.315,33.093],[75.286,33.068],[75.278,33.052],[75.216,33.019],[75.183,32.994],[75.154,32.953],[75.13,32.928],[75.109,32.915],[75.068,32.899],[75.047,32.895],[75.026,32.899],[74.993,32.907],[74.977,32.92],[74.956,32.957],[74.948,32.944],[74.952,32.911],[74.944,32.866],[74.927,32.837],[74.878,32.779],[74.866,32.767],[74.857,32.75],[74.845,32.701]]]}},{"type":"Feature","properties":{"type":"Road","scalerank":4,"name":null},"geometry":{"type":"MultiLineString","coordinates":[[[81.011,33.031],[81.114,32.994],[81.139,32.977],[81.197,32.953],[81.234,32.94],[81.254,32.928],[81.291,32.924],[81.382,32.903],[81.428,32.87],[81.419,32.829],[81.415,32.8],[81.411,32.783],[81.407,32.759],[81.411,32.746],[81.395,32.717],[81.395,32.672]]]}},{"type":"Feature","properties":{"type":"Road","scalerank":4,"name":null},"geometry":{"type":"MultiLineString","coordinates":[[[74.845,32.701],[74.833,32.697],[74.8,32.668],[74.758,32.643],[74.697,32.606],[74.61,32.561],[74.593,32.552],[74.556,32.519]]]}},{"type":"Feature","properties":{"type":"Road","scalerank":4,"name":null},"geometry":{"type":"MultiLineString","coordinates":[[[81.395,32.672],[81.444,32.672],[81.469,32.676],[81.485,32.676],[81.527,32.651],[81.568,32.618],[81.588,32.61],[81.626,32.585],[81.65,32.577],[81.683,32.561],[81.729,32.544],[81.758,32.524],[81.782,32.519],[81.828,32.519],[81.844,32.532],[81.869,32.569],[81.881,32.602],[81.877,32.639],[81.881,32.651],[81.922,32.66],[81.951,32.656],[81.988,32.631],[82.067,32.598],[82.158,32.573],[82.257,32.544],[82.298,32.536],[82.372,32.524],[82.455,32.528]]]}},{"type":"Feature","properties":{"type":"Road","scalerank":3,"name":null},"geometry":{"type":"MultiLineString","coordinates":[[[79.811,32.746],[79.836,32.726],[79.889,32.701],[79.922,32.672],[79.959,32.631],[79.976,32.618],[80.009,32.606],[80.029,32.581],[80.046,32.552],[80.079,32.524],[80.083,32.515]]]}},{"type":"Feature","properties":{"type":"Road","scalerank":3,"name":null},"geometry":{"type":"MultiLineString","coordinates":[[[80.083,32.515],[80.083,32.503],[80.071,32.482],[80.054,32.47],[80.021,32.445],[79.996,32.437],[79.988,32.441],[79.972,32.453],[79.947,32.462],[79.91,32.453],[79.864,32.453],[79.836,32.449],[79.803,32.433]]]}},{"type":"Feature","properties":{"type":"Road","scalerank":3,"name":null},"geometry":{"type":"MultiLineString","coordinates":[[[91.693,32.268],[91.71,32.322],[91.714,32.342],[91.71,32.383],[91.718,32.4],[91.726,32.408],[91.759,32.408],[91.772,32.412],[91.784,32.429],[91.8,32.478],[91.838,32.548],[91.862,32.577],[91.858,32.61],[91.858,32.647],[91.875,32.676],[91.883,32.73],[91.891,32.746]]]}},{"type":"Feature","properties":{"type":"Road","scalerank":4,"name":null},"geometry":{"type":"MultiLineString","coordinates":[[[74.556,32.519],[74.532,32.482],[74.49,32.441],[74.428,32.387],[74.383,32.346],[74.338,32.326],[74.309,32.301],[74.276,32.26],[74.206,32.19],[74.189,32.157]]]}},{"type":"Feature","properties":{"type":"Road","scalerank":3,"name":null},"geometry":{"type":"MultiLineString","coordinates":[[[74.189,32.157],[74.164,32.218],[74.14,32.268],[74.115,32.322],[74.107,32.359],[74.107,32.375],[74.111,32.42],[74.111,32.437],[74.098,32.474],[74.074,32.511],[74.074,32.577],[74.065,32.598],[74.032,32.623],[74.004,32.651],[73.95,32.717],[73.88,32.804],[73.847,32.829],[73.769,32.882],[73.723,32.928]]]}},{"type":"Feature","properties":{"type":"Major Highway","scalerank":5,"name":null},"geometry":{"type":"MultiLineString","coordinates":[[[72.614,32.354],[72.63,32.342],[72.634,32.322],[72.643,32.305],[72.659,32.293],[72.671,32.243],[72.659,32.198],[72.647,32.185],[72.638,32.157],[72.63,32.144]]]}},{"type":"Feature","properties":{"type":"Road","scalerank":3,"name":null},"geometry":{"type":"MultiLineString","coordinates":[[[66.893,32.099],[66.955,32.14],[67,32.177],[67.091,32.251],[67.145,32.293],[67.198,32.338],[67.223,32.367],[67.268,32.408],[67.301,32.433],[67.351,32.474],[67.396,32.515],[67.429,32.544],[67.508,32.618],[67.553,32.664],[67.594,32.701],[67.631,32.73],[67.714,32.779],[67.763,32.825],[67.796,32.849],[67.846,32.895],[67.887,32.957],[67.949,33.035],[67.982,33.068],[68.023,33.109],[68.056,33.134],[68.135,33.188],[68.184,33.229],[68.225,33.27],[68.279,33.324],[68.341,33.402],[68.399,33.489],[68.432,33.53],[68.46,33.575],[68.469,33.608],[68.477,33.641],[68.485,33.67],[68.506,33.703],[68.535,33.749],[68.642,33.889],[68.671,33.93],[68.708,33.992],[68.733,34.037]]]}},{"type":"Feature","properties":{"type":"Road","scalerank":3,"name":null},"geometry":{"type":"MultiLineString","coordinates":[[[79.803,32.433],[79.807,32.425],[79.836,32.379],[79.885,32.35],[79.897,32.334],[79.918,32.322],[79.959,32.301],[79.984,32.28],[80.017,32.239],[80.034,32.21],[80.062,32.152],[80.071,32.119],[80.075,32.095]]]}},{"type":"Feature","properties":{"type":"Road","scalerank":4,"name":null},"geometry":{"type":"MultiLineString","coordinates":[[[84.888,32.091],[84.909,32.091]]]}},{"type":"Feature","properties":{"type":"Road","scalerank":3,"name":null},"geometry":{"type":"MultiLineString","coordinates":[[[80.141,31.987],[80.132,32.004],[80.083,32.074],[80.075,32.095]]]}},{"type":"Feature","properties":{"type":"Road","scalerank":4,"name":null},"geometry":{"type":"MultiLineString","coordinates":[[[90.778,31.95],[90.86,31.967],[90.897,31.975],[90.963,32],[91.042,32.029],[91.07,32.045],[91.099,32.062],[91.174,32.091],[91.202,32.099],[91.244,32.099],[91.281,32.107],[91.33,32.132],[91.355,32.136],[91.4,32.136],[91.425,32.14],[91.454,32.157],[91.487,32.181],[91.561,32.218],[91.607,32.235],[91.636,32.251],[91.656,32.26],[91.693,32.268]]]}},{"type":"Feature","properties":{"type":"Road","scalerank":3,"name":null},"geometry":{"type":"MultiLineString","coordinates":[[[80.124,31.95],[80.141,31.963],[80.141,31.987]]]}},{"type":"Feature","properties":{"type":"Major Highway","scalerank":5,"name":null},"geometry":{"type":"MultiLineString","coordinates":[[[72.63,32.144],[72.659,32.136],[72.717,32.128],[72.775,32.115],[72.812,32.103],[72.878,32.074],[72.931,32.045],[72.985,32.012],[73.018,31.996],[73.109,31.959],[73.179,31.938],[73.245,31.905],[73.269,31.897]]]}},{"type":"Feature","properties":{"type":"Road","scalerank":4,"name":null},"geometry":{"type":"MultiLineString","coordinates":[[[84.909,32.091],[84.954,32.07],[84.995,32.033],[85.003,32.029],[85.065,32.02],[85.09,32.012],[85.115,32.004],[85.144,31.987],[85.168,31.987],[85.21,32.025],[85.234,32.029],[85.263,32.029],[85.288,32.02],[85.321,32.02],[85.342,32.029],[85.371,32.033],[85.383,32.029],[85.424,32.008],[85.465,32],[85.548,31.996],[85.589,31.992],[85.618,31.983],[85.667,31.954],[85.713,31.938],[85.779,31.934],[85.837,31.926],[85.89,31.913],[85.927,31.901],[85.964,31.884]]]}},{"type":"Feature","properties":{"type":"Road","scalerank":4,"name":null},"geometry":{"type":"MultiLineString","coordinates":[[[85.964,31.884],[86.014,31.86],[86.063,31.843],[86.092,31.843],[86.113,31.847],[86.142,31.868],[86.167,31.888],[86.212,31.917],[86.253,31.938],[86.299,31.938],[86.327,31.934],[86.352,31.926],[86.381,31.921],[86.414,31.921],[86.48,31.93],[86.562,31.942],[86.674,31.95],[86.715,31.959],[86.756,31.959],[86.831,31.959],[86.864,31.954],[86.884,31.946],[86.917,31.946],[86.971,31.934],[87,31.934],[87.037,31.917],[87.115,31.872],[87.177,31.839],[87.239,31.806],[87.264,31.798],[87.297,31.794],[87.367,31.802],[87.42,31.806],[87.486,31.814],[87.528,31.818],[87.618,31.814],[87.684,31.827],[87.709,31.831],[87.783,31.864],[87.862,31.872],[87.907,31.893],[87.948,31.897],[87.977,31.897],[88.018,31.905],[88.043,31.921],[88.076,31.934],[88.117,31.938],[88.208,31.938],[88.233,31.942],[88.299,31.971],[88.332,31.979],[88.373,31.983],[88.398,31.975],[88.418,31.963],[88.451,31.95],[88.493,31.938],[88.555,31.93],[88.616,31.926],[88.645,31.917],[88.687,31.917],[88.736,31.93],[88.757,31.942],[88.827,31.992],[88.86,32.004],[88.938,32.004],[88.963,32.008],[89,32.012],[89.058,32.02],[89.087,32.016],[89.144,32.004],[89.169,31.996],[89.21,31.987],[89.26,31.983],[89.297,31.971],[89.346,31.938],[89.384,31.926],[89.433,31.913],[89.458,31.901],[89.511,31.876],[89.582,31.843]]]}},{"type":"Feature","properties":{"type":"Road","scalerank":4,"name":null},"geometry":{"type":"MultiLineString","coordinates":[[[89.582,31.843],[89.726,31.773]]]}},{"type":"Feature","properties":{"type":"Road","scalerank":4,"name":null},"geometry":{"type":"MultiLineString","coordinates":[[[89.726,31.773],[89.742,31.765],[89.788,31.756],[89.829,31.761],[89.854,31.765],[89.899,31.798],[89.92,31.818],[89.944,31.843],[89.969,31.847],[89.994,31.851],[90.039,31.851],[90.122,31.86],[90.159,31.868],[90.175,31.88],[90.221,31.93],[90.25,31.959],[90.279,31.975],[90.303,31.983],[90.345,31.983],[90.402,31.971],[90.468,31.967],[90.543,31.963],[90.654,31.946],[90.712,31.946],[90.778,31.95]]]}},{"type":"Feature","properties":{"type":"Road","scalerank":3,"name":null},"geometry":{"type":"MultiLineString","coordinates":[[[80.124,31.95],[80.132,31.913],[80.186,31.835],[80.211,31.814],[80.223,31.798],[80.269,31.752]]]}},{"type":"Feature","properties":{"type":"Major Highway","scalerank":5,"name":null},"geometry":{"type":"MultiLineString","coordinates":[[[73.269,31.897],[73.282,31.893],[73.34,31.893],[73.364,31.893],[73.406,31.893],[73.484,31.876],[73.558,31.855],[73.595,31.839],[73.67,31.81],[73.715,31.789],[73.756,31.777],[73.835,31.765],[73.909,31.74],[73.942,31.723],[73.975,31.711]]]}},{"type":"Feature","properties":{"type":"Road","scalerank":3,"name":null},"geometry":{"type":"MultiLineString","coordinates":[[[80.269,31.752],[80.273,31.74],[80.285,31.695],[80.297,31.666],[80.335,31.629]]]}},{"type":"Feature","properties":{"type":"Road","scalerank":3,"name":null},"geometry":{"type":"MultiLineString","coordinates":[[[91.755,31.62],[91.767,31.637],[91.809,31.657],[91.829,31.682],[91.833,31.707],[91.821,31.723],[91.751,31.789],[91.718,31.831],[91.706,31.872],[91.706,31.897],[91.718,31.93],[91.718,31.954],[91.702,32.004],[91.681,32.053],[91.673,32.074],[91.677,32.086],[91.71,32.115],[91.718,32.124],[91.718,32.148],[91.706,32.177],[91.689,32.19],[91.677,32.21],[91.677,32.223],[91.689,32.26],[91.693,32.268]]]}},{"type":"Feature","properties":{"type":"Road","scalerank":3,"name":null},"geometry":{"type":"MultiLineString","coordinates":[[[66.023,31.633],[66.064,31.645],[66.142,31.695],[66.184,31.715],[66.246,31.744],[66.27,31.756],[66.336,31.794],[66.423,31.839],[66.497,31.868],[66.555,31.893],[66.596,31.909],[66.683,31.95],[66.745,31.987],[66.794,32.029],[66.893,32.099]]]}},{"type":"Feature","properties":{"type":"Major Highway","scalerank":5,"name":null},"geometry":{"type":"MultiLineString","coordinates":[[[73.975,31.711],[73.995,31.711],[74.032,31.695],[74.065,31.682],[74.136,31.662],[74.152,31.653],[74.202,31.624],[74.251,31.604],[74.272,31.596]]]}},{"type":"Feature","properties":{"type":"Major Highway","scalerank":3,"name":null},"geometry":{"type":"MultiLineString","coordinates":[[[74.189,32.157],[74.206,32.115],[74.21,32.078],[74.21,32.012],[74.21,31.979],[74.222,31.876],[74.23,31.822],[74.255,31.732],[74.268,31.653],[74.28,31.616],[74.292,31.596]]]}},{"type":"Feature","properties":{"type":"Road","scalerank":3,"name":null},"geometry":{"type":"MultiLineString","coordinates":[[[74.292,31.596],[74.334,31.596],[74.375,31.596],[74.478,31.608],[74.581,31.616],[74.626,31.62],[74.701,31.637],[74.746,31.645],[74.808,31.649],[74.845,31.645],[74.87,31.633]]]}},{"type":"Feature","properties":{"type":"Road","scalerank":3,"name":null},"geometry":{"type":"MultiLineString","coordinates":[[[91.974,31.538],[91.937,31.55],[91.904,31.554],[91.842,31.575],[91.796,31.583],[91.767,31.591],[91.755,31.608],[91.755,31.62]]]}},{"type":"Feature","properties":{"type":"Road","scalerank":3,"name":null},"geometry":{"type":"MultiLineString","coordinates":[[[92.052,31.484],[92.048,31.501],[92.036,31.517],[92.015,31.53],[91.974,31.538]]]}},{"type":"Feature","properties":{"type":"Major Highway","scalerank":5,"name":null},"geometry":{"type":"MultiLineString","coordinates":[[[92.052,31.476],[92.085,31.484],[92.13,31.501],[92.168,31.521],[92.192,31.542],[92.238,31.579],[92.267,31.591],[92.316,31.649],[92.345,31.666],[92.399,31.69],[92.419,31.703],[92.448,31.732],[92.477,31.748],[92.506,31.761],[92.568,31.777],[92.596,31.773],[92.642,31.765],[92.687,31.756],[92.749,31.752],[92.766,31.765],[92.794,31.798],[92.815,31.81],[92.86,31.827],[92.922,31.851],[92.959,31.876],[93.013,31.897],[93.034,31.901]]]}},{"type":"Feature","properties":{"type":"Road","scalerank":4,"name":null},"geometry":{"type":"MultiLineString","coordinates":[[[92.052,31.476],[92.052,31.484]]]}},{"type":"Feature","properties":{"type":"Major Highway","scalerank":3,"name":null},"geometry":{"type":"MultiLineString","coordinates":[[[91.974,31.414],[92.052,31.476]]]}},{"type":"Feature","properties":{"type":"Major Highway","scalerank":5,"name":null},"geometry":{"type":"MultiLineString","coordinates":[[[75.612,32.272],[75.637,32.235],[75.645,32.214],[75.645,32.198],[75.616,32.152],[75.596,32.082],[75.6,32.045],[75.616,32.008],[75.629,31.954],[75.645,31.888],[75.666,31.847],[75.67,31.814],[75.653,31.752],[75.649,31.686],[75.649,31.649],[75.645,31.62],[75.633,31.558],[75.616,31.509],[75.612,31.48],[75.616,31.422],[75.612,31.377],[75.612,31.328],[75.608,31.315]]]}},{"type":"Feature","properties":{"type":"Road","scalerank":3,"name":null},"geometry":{"type":"MultiLineString","coordinates":[[[74.87,31.633],[74.874,31.629],[74.96,31.6],[75.039,31.579],[75.092,31.571],[75.113,31.571],[75.13,31.567],[75.146,31.567],[75.22,31.55],[75.253,31.542],[75.319,31.501],[75.356,31.505],[75.394,31.497],[75.439,31.476],[75.497,31.455],[75.509,31.447],[75.53,31.414],[75.546,31.356],[75.554,31.34],[75.592,31.323],[75.608,31.315]]]}},{"type":"Feature","properties":{"type":"Road","scalerank":3,"name":null},"geometry":{"type":"MultiLineString","coordinates":[[[97.979,31.303],[97.991,31.315],[98.028,31.328],[98.061,31.348],[98.09,31.34],[98.115,31.344],[98.136,31.361],[98.144,31.385],[98.131,31.439],[98.136,31.451],[98.164,31.464],[98.177,31.476],[98.21,31.521],[98.23,31.542],[98.259,31.558],[98.292,31.579],[98.329,31.587],[98.354,31.596],[98.358,31.641],[98.379,31.653],[98.42,31.657],[98.449,31.645],[98.482,31.633],[98.503,31.616],[98.536,31.596],[98.56,31.6],[98.581,31.608],[98.589,31.624],[98.593,31.641],[98.585,31.674],[98.556,31.769],[98.556,31.785],[98.565,31.81],[98.577,31.831],[98.573,31.847],[98.577,31.868],[98.602,31.913],[98.622,31.934],[98.676,31.975],[98.688,31.979],[98.758,31.963],[98.804,31.934],[98.812,31.934],[98.841,31.963],[98.853,31.967],[98.89,31.963],[98.927,31.946]]]}},{"type":"Feature","properties":{"type":"Road","scalerank":3,"name":null},"geometry":{"type":"MultiLineString","coordinates":[[[80.335,31.629],[80.347,31.612],[80.38,31.542],[80.405,31.497],[80.417,31.476],[80.479,31.406],[80.52,31.369],[80.553,31.344],[80.59,31.303],[80.615,31.286],[80.673,31.249],[80.693,31.241],[80.714,31.229],[80.735,31.204],[80.747,31.2]]]}},{"type":"Feature","properties":{"type":"Road","scalerank":3,"name":null},"geometry":{"type":"MultiLineString","coordinates":[[[97.187,31.142],[97.22,31.146],[97.257,31.154],[97.278,31.163],[97.29,31.179],[97.302,31.2],[97.311,31.241],[97.315,31.253],[97.335,31.266],[97.377,31.278],[97.393,31.278],[97.422,31.262],[97.451,31.253],[97.476,31.257],[97.505,31.278],[97.529,31.274],[97.554,31.266],[97.579,31.27],[97.604,31.29],[97.657,31.311],[97.69,31.34],[97.711,31.348],[97.736,31.352],[97.764,31.352],[97.802,31.356],[97.822,31.365],[97.863,31.385],[97.888,31.389],[97.905,31.377],[97.917,31.348],[97.934,31.323],[97.954,31.311],[97.979,31.303]]]}},{"type":"Feature","properties":{"type":"Road","scalerank":3,"name":null},"geometry":{"type":"MultiLineString","coordinates":[[[97.158,31.134],[97.17,31.138],[97.187,31.142]]]}},{"type":"Feature","properties":{"type":"Major Highway","scalerank":5,"name":null},"geometry":{"type":"MultiLineString","coordinates":[[[93.034,31.901],[93.067,31.909],[93.108,31.909],[93.141,31.909],[93.211,31.913],[93.265,31.913],[93.331,31.921],[93.409,31.93],[93.463,31.926],[93.504,31.917],[93.549,31.897],[93.57,31.893],[93.632,31.897],[93.652,31.893],[93.677,31.884],[93.743,31.851],[93.772,31.851],[93.784,31.868],[93.797,31.897],[93.83,31.917],[93.892,31.934],[93.958,31.942],[94.024,31.942],[94.069,31.934],[94.114,31.917],[94.18,31.893],[94.3,31.855],[94.329,31.847],[94.374,31.839],[94.399,31.843],[94.444,31.855],[94.477,31.851],[94.494,31.839],[94.502,31.814],[94.527,31.723],[94.535,31.707],[94.56,31.699],[94.58,31.686],[94.597,31.662],[94.609,31.633],[94.613,31.596],[94.617,31.575],[94.655,31.546],[94.663,31.554],[94.704,31.591],[94.749,31.624],[94.787,31.662],[94.803,31.674],[94.869,31.682],[94.91,31.699],[94.956,31.695],[94.98,31.699],[95.038,31.695],[95.051,31.686],[95.075,31.653],[95.092,31.604],[95.096,31.596],[95.137,31.583],[95.166,31.575],[95.216,31.558],[95.249,31.542],[95.269,31.53],[95.298,31.509],[95.327,31.492],[95.364,31.476],[95.393,31.472],[95.434,31.459],[95.463,31.455],[95.529,31.435],[95.57,31.418],[95.611,31.402],[95.64,31.385],[95.673,31.356],[95.702,31.336],[95.748,31.315],[95.801,31.299],[95.875,31.27],[95.921,31.249],[95.941,31.241],[95.991,31.22],[96.016,31.212],[96.078,31.212],[96.094,31.208],[96.131,31.196],[96.164,31.167],[96.242,31.13],[96.271,31.121],[96.321,31.105],[96.366,31.097],[96.374,31.088],[96.395,31.068],[96.412,31.064],[96.436,31.068],[96.453,31.064],[96.473,31.072],[96.478,31.084],[96.465,31.113],[96.465,31.138],[96.473,31.163],[96.498,31.2],[96.519,31.224],[96.539,31.233],[96.597,31.233],[96.61,31.224]]]}},{"type":"Feature","properties":{"type":"Road","scalerank":3,"name":null},"geometry":{"type":"MultiLineString","coordinates":[[[73.826,31.035],[73.81,31.055],[73.764,31.092],[73.752,31.109],[73.756,31.121],[73.802,31.158],[73.938,31.216],[74.004,31.249],[74.037,31.278],[74.057,31.307],[74.103,31.348],[74.136,31.377],[74.144,31.389],[74.173,31.435],[74.189,31.447],[74.23,31.472],[74.263,31.501],[74.288,31.53],[74.317,31.554]]]}},{"type":"Feature","properties":{"type":"Road","scalerank":3,"name":null},"geometry":{"type":"MultiLineString","coordinates":[[[80.747,31.2],[80.776,31.183],[80.817,31.175],[80.871,31.163],[80.904,31.15],[80.924,31.138],[80.949,31.117],[80.986,31.092],[81.052,31.055],[81.081,31.035],[81.139,31.002],[81.205,30.973],[81.221,30.969]]]}},{"type":"Feature","properties":{"type":"Road","scalerank":4,"name":null},"geometry":{"type":"MultiLineString","coordinates":[[[74.317,31.554],[74.338,31.513],[74.342,31.492],[74.358,31.373],[74.379,31.315],[74.404,31.274],[74.445,31.183],[74.461,31.134],[74.47,31.113],[74.499,31.08],[74.548,31.006],[74.598,30.96]]]}},{"type":"Feature","properties":{"type":"Major Highway","scalerank":3,"name":null},"geometry":{"type":"MultiLineString","coordinates":[[[75.608,31.315],[75.686,31.266],[75.74,31.249],[75.756,31.233],[75.769,31.212],[75.773,31.196],[75.773,31.163],[75.769,31.113],[75.777,31.076],[75.777,31.047],[75.769,31.006],[75.773,30.989],[75.789,30.977],[75.822,30.96],[75.851,30.903]]]}},{"type":"Feature","properties":{"type":"Road","scalerank":3,"name":null},"geometry":{"type":"MultiLineString","coordinates":[[[97.158,31.134],[97.166,31.125],[97.191,31.055],[97.199,31.039],[97.216,31.022],[97.257,31.002],[97.294,30.973],[97.315,30.952],[97.327,30.911],[97.323,30.886]]]}},{"type":"Feature","properties":{"type":"Road","scalerank":3,"name":null},"geometry":{"type":"MultiLineString","coordinates":[[[81.221,30.969],[81.246,30.969],[81.275,30.952],[81.3,30.927],[81.329,30.911],[81.366,30.899],[81.407,30.878],[81.419,30.861],[81.428,30.866]]]}},{"type":"Feature","properties":{"type":"Road","scalerank":3,"name":null},"geometry":{"type":"MultiLineString","coordinates":[[[73.455,30.804],[73.542,30.841],[73.562,30.849],[73.649,30.89],[73.719,30.927],[73.748,30.952],[73.748,30.969],[73.756,30.985],[73.773,30.998],[73.814,31.022],[73.826,31.035]]]}},{"type":"Feature","properties":{"type":"Road","scalerank":3,"name":null},"geometry":{"type":"MultiLineString","coordinates":[[[97.323,30.886],[97.323,30.841],[97.331,30.808],[97.331,30.762]]]}},{"type":"Feature","properties":{"type":"Road","scalerank":3,"name":null},"geometry":{"type":"MultiLineString","coordinates":[[[81.428,30.866],[81.448,30.866],[81.469,30.857],[81.498,30.824],[81.51,30.808],[81.535,30.8],[81.555,30.812],[81.572,30.808],[81.634,30.725],[81.65,30.721]]]}},{"type":"Feature","properties":{"type":"Road","scalerank":3,"name":null},"geometry":{"type":"MultiLineString","coordinates":[[[97.331,30.762],[97.331,30.721],[97.327,30.713],[97.261,30.701],[97.253,30.696],[97.257,30.676],[97.253,30.663],[97.228,30.659],[97.183,30.668],[97.142,30.672],[97.113,30.668],[97.092,30.663]]]}},{"type":"Feature","properties":{"type":"Major Highway","scalerank":3,"name":null},"geometry":{"type":"MultiLineString","coordinates":[[[91.491,30.577],[91.516,30.606],[91.537,30.647],[91.541,30.659],[91.59,30.771],[91.615,30.82],[91.631,30.882],[91.656,30.956],[91.669,31.022],[91.681,31.051],[91.693,31.088],[91.706,31.109],[91.743,31.146],[91.755,31.167],[91.767,31.204],[91.78,31.237],[91.796,31.266],[91.805,31.274],[91.862,31.307],[91.904,31.34],[91.928,31.361],[91.974,31.414]]]}},{"type":"Feature","properties":{"type":"Road","scalerank":3,"name":null},"geometry":{"type":"MultiLineString","coordinates":[[[72.692,30.536],[72.717,30.54],[72.799,30.552],[72.845,30.564],[72.911,30.589],[72.927,30.593],[72.977,30.614],[73.047,30.639],[73.113,30.651],[73.175,30.659],[73.216,30.672],[73.307,30.713],[73.352,30.738],[73.414,30.771],[73.43,30.787],[73.455,30.804]]]}},{"type":"Feature","properties":{"type":"Road","scalerank":3,"name":null},"geometry":{"type":"MultiLineString","coordinates":[[[66.01,31.249],[66.031,31.237],[66.081,31.204],[66.147,31.163],[66.184,31.146],[66.258,31.117],[66.295,31.101],[66.324,31.072],[66.365,31.022],[66.406,30.973],[66.444,30.944],[66.477,30.915],[66.518,30.866],[66.534,30.853],[66.596,30.841],[66.613,30.833],[66.637,30.8],[66.654,30.746],[66.666,30.729],[66.699,30.709],[66.716,30.696],[66.72,30.647],[66.749,30.614],[66.765,30.606],[66.798,30.602],[66.856,30.597],[66.885,30.589],[66.918,30.56],[66.938,30.523],[66.955,30.507]]]}},{"type":"Feature","properties":{"type":"Major Highway","scalerank":3,"name":null},"geometry":{"type":"MultiLineString","coordinates":[[[75.851,30.903],[75.913,30.87],[75.942,30.853],[76.132,30.75],[76.165,30.738],[76.231,30.701],[76.305,30.655],[76.371,30.622],[76.421,30.589],[76.454,30.569],[76.487,30.552],[76.557,30.523],[76.606,30.49]]]}},{"type":"Feature","properties":{"type":"Major Highway","scalerank":3,"name":null},"geometry":{"type":"MultiLineString","coordinates":[[[91.091,30.466],[91.136,30.482],[91.219,30.499],[91.264,30.515],[91.31,30.532],[91.339,30.548],[91.359,30.556],[91.384,30.56],[91.429,30.556],[91.471,30.564],[91.491,30.577]]]}},{"type":"Feature","properties":{"type":"Road","scalerank":4,"name":null},"geometry":{"type":"MultiLineString","coordinates":[[[66.955,30.507],[66.976,30.49],[66.984,30.457],[67.013,30.433],[66.992,30.395]]]}},{"type":"Feature","properties":{"type":"Major Highway","scalerank":3,"name":null},"geometry":{"type":"MultiLineString","coordinates":[[[76.606,30.49],[76.672,30.457],[76.734,30.412],[76.8,30.379]]]}},{"type":"Feature","properties":{"type":"Road","scalerank":4,"name":null},"geometry":{"type":"MultiLineString","coordinates":[[[73.991,30.371],[74.016,30.404]]]}},{"type":"Feature","properties":{"type":"Road","scalerank":3,"name":null},"geometry":{"type":"MultiLineString","coordinates":[[[71.863,30.416],[71.921,30.309],[71.999,30.325],[72.077,30.346],[72.143,30.367],[72.292,30.404],[72.313,30.412],[72.329,30.424],[72.341,30.445],[72.374,30.466],[72.469,30.503],[72.486,30.503],[72.531,30.494],[72.585,30.503],[72.647,30.523],[72.692,30.536]]]}},{"type":"Feature","properties":{"type":"Road","scalerank":3,"name":null},"geometry":{"type":"MultiLineString","coordinates":[[[97.092,30.663],[97.076,30.647],[97.071,30.622],[97.08,30.585],[97.096,30.552],[97.133,30.503],[97.183,30.433],[97.203,30.408],[97.224,30.375],[97.241,30.338],[97.253,30.296],[97.282,30.218]]]}},{"type":"Feature","properties":{"type":"Road","scalerank":4,"name":null},"geometry":{"type":"MultiLineString","coordinates":[[[74.622,30.936],[74.614,30.87],[74.602,30.8],[74.569,30.663],[74.56,30.63],[74.523,30.523],[74.519,30.486],[74.515,30.433],[74.515,30.362],[74.515,30.346],[74.503,30.288],[74.474,30.214]]]}},{"type":"Feature","properties":{"type":"Road","scalerank":3,"name":null},"geometry":{"type":"MultiLineString","coordinates":[[[71.438,30.189],[71.459,30.197],[71.525,30.222],[71.545,30.235],[71.677,30.305],[71.785,30.371],[71.842,30.408],[71.863,30.416]]]}},{"type":"Feature","properties":{"type":"Road","scalerank":4,"name":null},"geometry":{"type":"MultiLineString","coordinates":[[[72.692,30.169],[72.729,30.181],[72.775,30.206],[72.836,30.239],[72.878,30.259],[72.989,30.305],[73.051,30.317],[73.113,30.338],[73.154,30.358],[73.195,30.371],[73.232,30.379],[73.294,30.383],[73.348,30.387],[73.447,30.383],[73.529,30.404],[73.571,30.404],[73.591,30.412],[73.641,30.441],[73.674,30.453],[73.74,30.428],[73.814,30.404],[73.851,30.4],[73.884,30.379],[73.921,30.371],[73.958,30.367],[73.991,30.371]]]}},{"type":"Feature","properties":{"type":"Road","scalerank":4,"name":null},"geometry":{"type":"MultiLineString","coordinates":[[[74.189,30.152],[74.136,30.222],[74.09,30.301],[74.074,30.338],[74.049,30.371],[74.024,30.404],[74.016,30.404]]]}},{"type":"Feature","properties":{"type":"Road","scalerank":3,"name":null},"geometry":{"type":"MultiLineString","coordinates":[[[81.65,30.721],[81.654,30.717],[81.704,30.717],[81.725,30.709],[81.741,30.692],[81.758,30.692],[81.906,30.717],[81.935,30.717],[81.968,30.705],[81.997,30.705],[82.021,30.709],[82.034,30.705],[82.054,30.692],[82.17,30.651],[82.207,30.643],[82.232,30.635],[82.261,30.618],[82.285,30.61],[82.298,30.61],[82.323,30.614],[82.389,30.626],[82.417,30.63],[82.446,30.626],[82.459,30.622],[82.492,30.597],[82.504,30.581],[82.516,30.577],[82.545,30.544],[82.587,30.511],[82.611,30.474],[82.624,30.461],[82.681,30.437],[82.706,30.433],[82.739,30.433],[82.764,30.424],[82.793,30.424],[82.822,30.42],[82.875,30.408],[82.896,30.4],[82.908,30.383],[82.945,30.321],[82.966,30.268],[82.991,30.235],[83.011,30.222],[83.04,30.202],[83.061,30.193],[83.114,30.185],[83.226,30.164],[83.271,30.144],[83.292,30.14]]]}},{"type":"Feature","properties":{"type":"Road","scalerank":3,"name":null},"geometry":{"type":"MultiLineString","coordinates":[[[66.992,30.395],[66.943,30.342],[66.934,30.325],[66.938,30.309],[66.955,30.288],[66.988,30.268],[67,30.251],[67.004,30.222],[66.984,30.202],[66.967,30.16],[66.959,30.127],[66.959,30.082]]]}},{"type":"Feature","properties":{"type":"Major Highway","scalerank":3,"name":null},"geometry":{"type":"MultiLineString","coordinates":[[[90.543,30.074],[90.547,30.123],[90.559,30.16],[90.571,30.189],[90.588,30.206],[90.609,30.218],[90.65,30.235],[90.67,30.243],[90.724,30.263],[90.819,30.317],[90.856,30.342],[90.877,30.35],[90.947,30.4],[91.009,30.433],[91.091,30.466]]]}},{"type":"Feature","properties":{"type":"Road","scalerank":4,"name":null},"geometry":{"type":"MultiLineString","coordinates":[[[71.195,30.074],[71.261,30.065],[71.298,30.065],[71.319,30.082],[71.343,30.14],[71.36,30.156],[71.376,30.169],[71.401,30.181],[71.438,30.189]]]}},{"type":"Feature","properties":{"type":"Road","scalerank":4,"name":null},"geometry":{"type":"MultiLineString","coordinates":[[[97.282,30.218],[97.302,30.193],[97.373,30.14],[97.401,30.123],[97.414,30.107],[97.43,30.078],[97.439,30.037],[97.447,29.999]]]}},{"type":"Feature","properties":{"type":"Road","scalerank":4,"name":null},"geometry":{"type":"MultiLineString","coordinates":[[[71.438,30.189],[71.471,30.177],[71.525,30.152],[71.611,30.107],[71.694,30.061],[71.71,30.049],[71.781,30.012],[71.859,29.975]]]}},{"type":"Feature","properties":{"type":"Road","scalerank":4,"name":null},"geometry":{"type":"MultiLineString","coordinates":[[[71.859,29.975],[71.875,29.966],[71.892,29.979],[71.937,29.991],[71.999,30.02],[72.061,30.041],[72.102,30.045],[72.164,30.045],[72.201,30.032],[72.267,30.037],[72.313,30.045],[72.395,30.078],[72.42,30.082],[72.535,30.115],[72.597,30.14],[72.68,30.164],[72.692,30.169]]]}},{"type":"Feature","properties":{"type":"Major Highway","scalerank":3,"name":null},"geometry":{"type":"MultiLineString","coordinates":[[[76.8,30.379],[76.816,30.367],[76.841,30.334],[76.845,30.317],[76.854,30.276],[76.854,30.222],[76.858,30.181],[76.87,30.144],[76.874,30.107],[76.887,30.02],[76.895,29.983],[76.895,29.966]]]}},{"type":"Feature","properties":{"type":"Road","scalerank":3,"name":null},"geometry":{"type":"MultiLineString","coordinates":[[[66.959,30.082],[66.976,30.061],[66.988,30.028],[67,30.008],[67.013,29.999],[67.054,29.979],[67.07,29.971],[67.083,29.95],[67.087,29.917],[67.103,29.913]]]}},{"type":"Feature","properties":{"type":"Road","scalerank":3,"name":null},"geometry":{"type":"MultiLineString","coordinates":[[[95.067,30.094],[95.092,30.086],[95.162,30.07],[95.174,30.065],[95.191,30.049],[95.211,30.041],[95.24,30.037],[95.269,30.028],[95.306,30.004],[95.352,29.971],[95.38,29.95],[95.405,29.95],[95.43,29.925],[95.455,29.917],[95.5,29.917],[95.541,29.892],[95.558,29.892],[95.599,29.905],[95.616,29.909]]]}},{"type":"Feature","properties":{"type":"Road","scalerank":3,"name":null},"geometry":{"type":"MultiLineString","coordinates":[[[66.633,29.884],[66.695,29.88],[66.72,29.884],[66.782,29.913],[66.819,29.913],[66.848,29.921],[66.852,29.925]]]}},{"type":"Feature","properties":{"type":"Major Highway","scalerank":3,"name":null},"geometry":{"type":"MultiLineString","coordinates":[[[76.895,29.966],[76.915,29.888],[76.936,29.834],[76.965,29.781],[76.977,29.76],[76.981,29.744],[76.977,29.694]]]}},{"type":"Feature","properties":{"type":"Road","scalerank":3,"name":null},"geometry":{"type":"MultiLineString","coordinates":[[[71.038,29.678],[71.067,29.781],[71.088,29.834],[71.104,29.863],[71.137,29.909],[71.162,29.938],[71.166,29.966],[71.174,30.008],[71.187,30.041],[71.195,30.074]]]}},{"type":"Feature","properties":{"type":"Road","scalerank":4,"name":null},"geometry":{"type":"MultiLineString","coordinates":[[[98.61,29.707],[98.618,29.711],[98.651,29.735],[98.664,29.74],[98.692,29.74],[98.725,29.723],[98.754,29.715],[98.791,29.715],[98.824,29.723],[98.841,29.723],[98.861,29.715],[98.89,29.682],[98.911,29.669],[98.932,29.682],[98.936,29.723],[98.952,29.74],[98.977,29.744]]]}},{"type":"Feature","properties":{"type":"Road","scalerank":3,"name":null},"geometry":{"type":"MultiLineString","coordinates":[[[95.067,30.094],[95.018,30.037],[94.993,30.016],[94.972,30.008],[94.89,30.008],[94.865,29.999],[94.848,29.971],[94.799,29.95],[94.782,29.933],[94.762,29.892],[94.749,29.872],[94.745,29.843],[94.729,29.764],[94.733,29.707],[94.725,29.669]]]}},{"type":"Feature","properties":{"type":"Major Highway","scalerank":3,"name":null},"geometry":{"type":"MultiLineString","coordinates":[[[90.996,29.641],[91.033,29.653],[91.07,29.657],[91.112,29.653]]]}},{"type":"Feature","properties":{"type":"Major Highway","scalerank":3,"name":null},"geometry":{"type":"MultiLineString","coordinates":[[[90.996,29.641],[90.955,29.653],[90.918,29.665],[90.889,29.682],[90.856,29.698],[90.827,29.715],[90.794,29.744],[90.769,29.777],[90.732,29.839],[90.712,29.888],[90.691,29.938],[90.67,29.971],[90.642,30.004],[90.596,30.032],[90.543,30.074]]]}},{"type":"Feature","properties":{"type":"Road","scalerank":3,"name":null},"geometry":{"type":"MultiLineString","coordinates":[[[83.292,30.14],[83.325,30.136],[83.362,30.127],[83.383,30.115],[83.428,30.07],[83.482,30.045],[83.515,30.02],[83.548,30.004],[83.589,29.971],[83.618,29.954],[83.688,29.9],[83.721,29.884],[83.758,29.876],[83.787,29.859],[83.844,29.822],[83.873,29.793],[83.927,29.768],[83.964,29.756],[84.034,29.723],[84.067,29.711],[84.121,29.69],[84.146,29.678],[84.158,29.661],[84.162,29.637]]]}},{"type":"Feature","properties":{"type":"Major Highway","scalerank":3,"name":null},"geometry":{"type":"MultiLineString","coordinates":[[[91.112,29.653],[91.141,29.637],[91.186,29.632],[91.227,29.637],[91.293,29.653],[91.33,29.661],[91.372,29.665],[91.396,29.669],[91.413,29.682],[91.425,29.698],[91.442,29.731],[91.466,29.764],[91.495,29.785],[91.516,29.793],[91.541,29.793],[91.586,29.789],[91.615,29.793],[91.706,29.818],[91.722,29.818],[91.776,29.801],[91.809,29.789],[91.871,29.764],[91.912,29.744],[91.982,29.715],[92.048,29.698],[92.139,29.682],[92.18,29.686],[92.221,29.674],[92.25,29.674],[92.267,29.686],[92.291,29.707],[92.312,29.748],[92.337,29.785],[92.345,29.81],[92.333,29.847],[92.333,29.872],[92.349,29.888],[92.382,29.9],[92.427,29.9],[92.498,29.872],[92.564,29.855],[92.605,29.851],[92.662,29.855],[92.683,29.859],[92.704,29.872],[92.757,29.909],[92.786,29.921],[92.832,29.938],[92.86,29.954],[92.881,29.995],[92.889,30.004],[92.91,30.012],[92.947,30.016],[92.997,30.012],[93.025,30.004],[93.046,29.995],[93.087,29.971],[93.112,29.95],[93.141,29.921],[93.174,29.892],[93.215,29.884],[93.261,29.884],[93.298,29.888],[93.355,29.888],[93.409,29.892],[93.454,29.884],[93.508,29.888],[93.545,29.896],[93.574,29.896],[93.628,29.88],[93.656,29.867]]]}},{"type":"Feature","properties":{"type":"Major Highway","scalerank":3,"name":null},"geometry":{"type":"MultiLineString","coordinates":[[[93.656,29.867],[93.698,29.843],[93.731,29.826],[93.78,29.81],[93.817,29.793],[93.863,29.785],[93.916,29.785],[93.958,29.785],[93.986,29.781],[94.011,29.773],[94.048,29.735],[94.065,29.731],[94.09,29.731],[94.151,29.744],[94.205,29.748],[94.246,29.744],[94.275,29.74],[94.296,29.727],[94.337,29.707],[94.37,29.678],[94.436,29.608],[94.477,29.587],[94.49,29.575],[94.494,29.562]]]}},{"type":"Feature","properties":{"type":"Road","scalerank":3,"name":null},"geometry":{"type":"MultiLineString","coordinates":[[[95.616,29.909],[95.64,29.905],[95.677,29.892],[95.698,29.88],[95.723,29.872],[95.756,29.855],[95.764,29.847],[95.789,29.814],[95.83,29.793],[95.875,29.793],[95.9,29.785],[95.979,29.748],[95.991,29.744],[96.065,29.735],[96.106,29.735],[96.123,29.735],[96.152,29.715],[96.172,29.69],[96.209,29.678],[96.222,29.661],[96.234,29.632],[96.242,29.628],[96.288,29.62],[96.358,29.604],[96.387,29.595],[96.42,29.579],[96.436,29.562]]]}},{"type":"Feature","properties":{"type":"Road","scalerank":4,"name":null},"geometry":{"type":"MultiLineString","coordinates":[[[74.189,30.152],[74.243,30.169],[74.28,30.177],[74.362,30.189],[74.424,30.202],[74.466,30.21],[74.474,30.214],[74.482,30.202],[74.507,30.169],[74.552,30.115],[74.598,30.061],[74.684,29.983],[74.713,29.962],[74.758,29.921],[74.787,29.892],[74.82,29.855],[74.849,29.814],[74.878,29.789],[74.89,29.768],[74.927,29.707],[74.94,29.69],[74.965,29.649],[75.01,29.599],[75.035,29.558],[75.051,29.55]]]}},{"type":"Feature","properties":{"type":"Road","scalerank":3,"name":null},"geometry":{"type":"MultiLineString","coordinates":[[[94.725,29.669],[94.721,29.657],[94.708,29.637],[94.683,29.62],[94.663,29.612],[94.617,29.616],[94.589,29.599],[94.576,29.583],[94.56,29.566],[94.523,29.546],[94.506,29.546],[94.494,29.562]]]}},{"type":"Feature","properties":{"type":"Road","scalerank":4,"name":null},"geometry":{"type":"MultiLineString","coordinates":[[[97.447,29.999],[97.459,29.954],[97.472,29.938],[97.488,29.938],[97.521,29.946],[97.55,29.942],[97.583,29.925],[97.632,29.896],[97.682,29.855],[97.703,29.83],[97.719,29.806],[97.736,29.777],[97.76,29.748],[97.781,29.731],[97.826,29.69],[97.863,29.653],[97.88,29.641],[97.896,29.641],[97.917,29.665],[97.938,29.711],[97.958,29.719],[97.991,29.707],[98.032,29.707],[98.065,29.715],[98.09,29.707],[98.103,29.694],[98.136,29.628],[98.156,29.604],[98.185,29.575],[98.214,29.554],[98.239,29.546],[98.268,29.538],[98.292,29.542],[98.301,29.546],[98.313,29.571],[98.329,29.616],[98.35,29.641],[98.371,29.653],[98.391,29.678],[98.416,29.698],[98.453,29.707],[98.482,29.702],[98.511,29.694],[98.54,29.69],[98.589,29.698],[98.61,29.707]]]}},{"type":"Feature","properties":{"type":"Road","scalerank":3,"name":null},"geometry":{"type":"MultiLineString","coordinates":[[[84.162,29.637],[84.183,29.637],[84.224,29.641],[84.261,29.632],[84.29,29.641],[84.323,29.628],[84.372,29.599],[84.418,29.587],[84.48,29.529],[84.509,29.513],[84.537,29.509],[84.562,29.513],[84.587,29.517],[84.628,29.55],[84.69,29.579],[84.727,29.587],[84.768,29.579],[84.801,29.566],[84.892,29.554]]]}},{"type":"Feature","properties":{"type":"Road","scalerank":3,"name":null},"geometry":{"type":"MultiLineString","coordinates":[[[96.775,29.48],[96.795,29.496],[96.799,29.521],[96.791,29.538],[96.742,29.604],[96.733,29.62],[96.725,29.645],[96.725,29.69],[96.717,29.723],[96.713,29.789],[96.696,29.826],[96.692,29.847],[96.692,29.872],[96.684,29.917],[96.676,29.946],[96.68,29.971],[96.688,29.995],[96.725,30.016],[96.762,30.037],[96.808,30.049],[96.832,30.053],[96.865,30.049],[96.89,30.049],[96.915,30.057],[96.94,30.057],[96.956,30.053],[97.034,30.016],[97.063,30.016],[97.092,30.028],[97.121,30.028],[97.15,30.049],[97.166,30.078],[97.195,30.094],[97.257,30.086],[97.269,30.086],[97.282,30.107],[97.274,30.14],[97.29,30.173],[97.282,30.218]]]}},{"type":"Feature","properties":{"type":"Road","scalerank":3,"name":null},"geometry":{"type":"MultiLineString","coordinates":[[[96.436,29.562],[96.449,29.55],[96.482,29.533],[96.498,29.533],[96.535,29.538],[96.548,29.533],[96.61,29.5],[96.634,29.48],[96.647,29.476],[96.676,29.472],[96.775,29.48]]]}},{"type":"Feature","properties":{"type":"Major Highway","scalerank":3,"name":null},"geometry":{"type":"MultiLineString","coordinates":[[[76.977,29.694],[76.986,29.665],[76.986,29.591],[76.981,29.542],[76.969,29.463],[76.965,29.43],[76.969,29.393]]]}},{"type":"Feature","properties":{"type":"Road","scalerank":3,"name":null},"geometry":{"type":"MultiLineString","coordinates":[[[90.675,29.34],[90.687,29.348],[90.745,29.36],[90.778,29.373],[90.823,29.385],[90.856,29.397],[90.897,29.414],[90.914,29.439],[90.93,29.476],[90.959,29.538],[91,29.632],[90.996,29.641]]]}},{"type":"Feature","properties":{"type":"Road","scalerank":3,"name":null},"geometry":{"type":"MultiLineString","coordinates":[[[84.892,29.554],[84.933,29.538],[84.958,29.513],[84.979,29.488],[85.003,29.488],[85.049,29.5],[85.065,29.496],[85.102,29.484],[85.152,29.459],[85.185,29.434],[85.21,29.41],[85.21,29.348],[85.214,29.331]]]}},{"type":"Feature","properties":{"type":"Road","scalerank":3,"name":null},"geometry":{"type":"MultiLineString","coordinates":[[[86.257,29.492],[86.22,29.492],[86.117,29.476],[86.076,29.476],[85.985,29.459],[85.956,29.463],[85.919,29.455],[85.907,29.451],[85.874,29.41],[85.861,29.406],[85.804,29.406],[85.766,29.418],[85.709,29.43],[85.651,29.434],[85.61,29.43],[85.585,29.422],[85.515,29.393],[85.486,29.377],[85.445,29.34],[85.408,29.327],[85.358,29.323],[85.292,29.319],[85.218,29.327],[85.214,29.331]]]}},{"type":"Feature","properties":{"type":"Road","scalerank":3,"name":null},"geometry":{"type":"MultiLineString","coordinates":[[[90.687,29.315],[90.687,29.323],[90.675,29.34]]]}},{"type":"Feature","properties":{"type":"Road","scalerank":3,"name":null},"geometry":{"type":"MultiLineString","coordinates":[[[87.173,29.253],[87.161,29.265],[87.136,29.315],[87.123,29.331],[87.107,29.331],[87.082,29.327],[87.004,29.319],[86.942,29.323],[86.913,29.327],[86.859,29.34],[86.777,29.368],[86.703,29.389],[86.682,29.401],[86.653,29.43],[86.62,29.447],[86.6,29.455],[86.558,29.48],[86.534,29.484],[86.48,29.476],[86.459,29.484],[86.43,29.488],[86.397,29.476],[86.364,29.476],[86.311,29.5],[86.282,29.505],[86.257,29.492]]]}},{"type":"Feature","properties":{"type":"Road","scalerank":3,"name":null},"geometry":{"type":"MultiLineString","coordinates":[[[71.042,29.232],[71.034,29.269],[71.022,29.302],[70.997,29.34],[70.964,29.364],[70.931,29.373],[70.914,29.381],[70.964,29.459],[70.98,29.492],[70.993,29.525],[71.005,29.583],[71.018,29.632],[71.038,29.678]]]}},{"type":"Feature","properties":{"type":"Road","scalerank":3,"name":null},"geometry":{"type":"MultiLineString","coordinates":[[[88.175,29.199],[88.196,29.212],[88.225,29.212],[88.253,29.203],[88.295,29.199],[88.332,29.208],[88.361,29.208],[88.402,29.183],[88.468,29.17],[88.501,29.166]]]}},{"type":"Feature","properties":{"type":"Road","scalerank":4,"name":null},"geometry":{"type":"MultiLineString","coordinates":[[[75.051,29.55],[75.055,29.546],[75.097,29.546],[75.15,29.546],[75.2,29.542],[75.233,29.533],[75.307,29.525],[75.348,29.525],[75.427,29.525],[75.468,29.517],[75.484,29.509],[75.538,29.447],[75.55,29.414],[75.563,29.393],[75.616,29.356],[75.637,29.323],[75.662,29.245],[75.682,29.208],[75.707,29.175],[75.728,29.158]]]}},{"type":"Feature","properties":{"type":"Road","scalerank":3,"name":null},"geometry":{"type":"MultiLineString","coordinates":[[[88.501,29.166],[88.542,29.162],[88.583,29.154],[88.629,29.146],[88.67,29.15],[88.695,29.154],[88.736,29.17],[88.765,29.183],[88.819,29.236],[88.839,29.249],[88.868,29.261],[88.885,29.274]]]}},{"type":"Feature","properties":{"type":"Road","scalerank":3,"name":null},"geometry":{"type":"MultiLineString","coordinates":[[[87.589,29.113],[87.536,29.146],[87.482,29.195],[87.453,29.212],[87.396,29.22],[87.367,29.22],[87.317,29.212],[87.272,29.212],[87.243,29.216],[87.21,29.228],[87.173,29.253]]]}},{"type":"Feature","properties":{"type":"Road","scalerank":4,"name":null},"geometry":{"type":"MultiLineString","coordinates":[[[75.728,29.158],[75.769,29.142],[75.827,29.121],[75.897,29.104],[75.954,29.096],[75.975,29.1]]]}},{"type":"Feature","properties":{"type":"Road","scalerank":3,"name":null},"geometry":{"type":"MultiLineString","coordinates":[[[87.589,29.113],[87.639,29.088]]]}},{"type":"Feature","properties":{"type":"Road","scalerank":3,"name":null},"geometry":{"type":"MultiLineString","coordinates":[[[87.837,29.051],[87.911,29.063],[87.981,29.067],[88.006,29.071],[88.035,29.088],[88.039,29.1],[88.035,29.133],[88.047,29.15],[88.076,29.15],[88.109,29.133],[88.138,29.137],[88.154,29.15],[88.163,29.187],[88.175,29.199]]]}},{"type":"Feature","properties":{"type":"Road","scalerank":3,"name":null},"geometry":{"type":"MultiLineString","coordinates":[[[87.639,29.088],[87.655,29.076],[87.717,29.059],[87.75,29.055],[87.808,29.047],[87.837,29.051]]]}},{"type":"Feature","properties":{"type":"Major Highway","scalerank":3,"name":null},"geometry":{"type":"MultiLineString","coordinates":[[[76.969,29.393],[76.981,29.335],[76.998,29.282],[77.014,29.228],[77.023,29.195],[77.031,29.158],[77.052,29.104],[77.06,29.051],[77.08,28.997],[77.093,28.977]]]}},{"type":"Feature","properties":{"type":"Road","scalerank":3,"name":null},"geometry":{"type":"MultiLineString","coordinates":[[[88.885,29.274],[88.901,29.253],[88.93,29.199],[88.951,29.175],[88.979,29.158],[88.992,29.154],[89.017,29.158],[89.049,29.17],[89.107,29.187],[89.153,29.183],[89.19,29.17],[89.206,29.158],[89.227,29.133],[89.247,29.109],[89.268,29.088],[89.322,29.076],[89.351,29.071],[89.379,29.067],[89.404,29.059],[89.425,29.047],[89.466,29.014],[89.503,28.977],[89.536,28.96],[89.569,28.935],[89.586,28.911]]]}},{"type":"Feature","properties":{"type":"Road","scalerank":3,"name":null},"geometry":{"type":"MultiLineString","coordinates":[[[90.357,28.898],[90.373,28.939],[90.378,28.964],[90.378,28.989],[90.369,29.022],[90.365,29.067],[90.361,29.076],[90.34,29.092],[90.332,29.109],[90.353,29.117],[90.39,29.142],[90.419,29.154],[90.493,29.183],[90.53,29.191],[90.609,29.199],[90.625,29.212],[90.625,29.224],[90.621,29.257],[90.633,29.278],[90.687,29.311],[90.687,29.315]]]}},{"type":"Feature","properties":{"type":"Road","scalerank":4,"name":null},"geometry":{"type":"MultiLineString","coordinates":[[[75.975,29.1],[75.987,29.088],[76.037,29.067],[76.058,29.063],[76.128,29.038],[76.19,29.018],[76.276,28.981],[76.33,28.96],[76.363,28.939],[76.379,28.935],[76.421,28.944],[76.437,28.939],[76.466,28.919],[76.544,28.911],[76.585,28.898]]]}},{"type":"Feature","properties":{"type":"Road","scalerank":3,"name":null},"geometry":{"type":"MultiLineString","coordinates":[[[66.002,29.538],[66.006,29.554],[66.027,29.562],[66.064,29.571],[66.105,29.587],[66.147,29.595],[66.188,29.595],[66.25,29.595],[66.291,29.608],[66.312,29.616],[66.332,29.632],[66.369,29.661],[66.398,29.686],[66.402,29.702],[66.427,29.735],[66.444,29.748],[66.497,29.822],[66.518,29.851],[66.538,29.855],[66.559,29.872],[66.6,29.88],[66.633,29.884]]]}},{"type":"Feature","properties":{"type":"Road","scalerank":3,"name":null},"geometry":{"type":"MultiLineString","coordinates":[[[78.796,28.824],[78.776,28.824]]]}},{"type":"Feature","properties":{"type":"Road","scalerank":3,"name":null},"geometry":{"type":"MultiLineString","coordinates":[[[89.586,28.911],[89.606,28.906],[89.639,28.894],[89.685,28.861],[89.714,28.845],[89.771,28.832],[89.841,28.832],[89.866,28.836],[89.907,28.857],[89.924,28.857],[89.949,28.836],[89.969,28.816],[89.998,28.799],[90.031,28.799],[90.048,28.812],[90.064,28.828],[90.089,28.865],[90.105,28.878],[90.13,28.882],[90.204,28.873],[90.291,28.873],[90.32,28.873],[90.34,28.882],[90.357,28.898]]]}},{"type":"Feature","properties":{"type":"Major Highway","scalerank":3,"name":null},"geometry":{"type":"MultiLineString","coordinates":[[[77.093,28.977],[77.113,28.911],[77.134,28.853],[77.151,28.799],[77.171,28.746],[77.2,28.663]]]}},{"type":"Feature","properties":{"type":"Road","scalerank":3,"name":null},"geometry":{"type":"MultiLineString","coordinates":[[[77.2,28.663],[77.316,28.68],[77.353,28.676],[77.419,28.663]]]}},{"type":"Feature","properties":{"type":"Road","scalerank":3,"name":null},"geometry":{"type":"MultiLineString","coordinates":[[[77.46,28.655],[77.505,28.667],[77.567,28.68],[77.641,28.692],[77.699,28.7],[77.744,28.709],[77.852,28.725],[77.889,28.725],[77.955,28.733],[78.008,28.75],[78.05,28.766],[78.066,28.77],[78.112,28.758],[78.132,28.758],[78.153,28.766],[78.198,28.787],[78.244,28.812],[78.281,28.828],[78.305,28.832],[78.4,28.832],[78.47,28.828],[78.611,28.816],[78.644,28.816],[78.73,28.824],[78.776,28.824]]]}},{"type":"Feature","properties":{"type":"Road","scalerank":3,"name":null},"geometry":{"type":"MultiLineString","coordinates":[[[77.419,28.663],[77.443,28.655],[77.46,28.655]]]}},{"type":"Feature","properties":{"type":"Road","scalerank":3,"name":null},"geometry":{"type":"MultiLineString","coordinates":[[[77.2,28.663],[77.204,28.643]]]}},{"type":"Feature","properties":{"type":"Road","scalerank":4,"name":null},"geometry":{"type":"MultiLineString","coordinates":[[[76.585,28.89],[76.627,28.882],[76.672,28.853],[76.734,28.807],[76.763,28.779],[76.792,28.754],[76.804,28.746],[76.858,28.737],[76.874,28.729],[76.924,28.696],[76.986,28.68],[77.06,28.667],[77.126,28.651],[77.171,28.643],[77.204,28.643]]]}},{"type":"Feature","properties":{"type":"Road","scalerank":3,"name":null},"geometry":{"type":"MultiLineString","coordinates":[[[87.589,29.113],[87.573,29.092],[87.536,29.067],[87.507,29.022],[87.486,28.997],[87.457,28.968],[87.441,28.952],[87.42,28.898],[87.412,28.89],[87.367,28.878],[87.346,28.853],[87.334,28.82],[87.325,28.812],[87.292,28.816],[87.264,28.799],[87.243,28.779],[87.227,28.75],[87.202,28.7],[87.161,28.638]]]}},{"type":"Feature","properties":{"type":"Road","scalerank":3,"name":null},"geometry":{"type":"MultiLineString","coordinates":[[[86.162,28.729],[86.15,28.717],[86.138,28.688],[86.134,28.663],[86.121,28.643],[86.084,28.622]]]}},{"type":"Feature","properties":{"type":"Road","scalerank":3,"name":null},"geometry":{"type":"MultiLineString","coordinates":[[[86.484,28.593],[86.443,28.618],[86.397,28.663],[86.332,28.754],[86.307,28.774],[86.286,28.787],[86.257,28.791],[86.224,28.766],[86.191,28.75],[86.162,28.729]]]}},{"type":"Feature","properties":{"type":"Road","scalerank":3,"name":null},"geometry":{"type":"MultiLineString","coordinates":[[[87.161,28.638],[87.123,28.61],[87.095,28.597],[87.074,28.589]]]}},{"type":"Feature","properties":{"type":"Road","scalerank":3,"name":null},"geometry":{"type":"MultiLineString","coordinates":[[[86.628,28.593],[86.604,28.585]]]}},{"type":"Feature","properties":{"type":"Road","scalerank":3,"name":null},"geometry":{"type":"MultiLineString","coordinates":[[[86.604,28.585],[86.534,28.585],[86.484,28.593]]]}},{"type":"Feature","properties":{"type":"Road","scalerank":3,"name":null},"geometry":{"type":"MultiLineString","coordinates":[[[87.074,28.589],[87.037,28.581],[87.008,28.581],[86.93,28.585],[86.901,28.589],[86.826,28.597],[86.777,28.597],[86.736,28.601],[86.694,28.601],[86.628,28.593]]]}},{"type":"Feature","properties":{"type":"Road","scalerank":3,"name":null},"geometry":{"type":"MultiLineString","coordinates":[[[86.084,28.622],[86.125,28.601],[86.142,28.589],[86.154,28.548],[86.162,28.515],[86.15,28.506],[86.162,28.494],[86.158,28.473]]]}},{"type":"Feature","properties":{"type":"Major Highway","scalerank":3,"name":null},"geometry":{"type":"MultiLineString","coordinates":[[[77.027,28.461],[77.043,28.478],[77.06,28.49],[77.126,28.56],[77.179,28.618],[77.204,28.643]]]}},{"type":"Feature","properties":{"type":"Road","scalerank":3,"name":null},"geometry":{"type":"MultiLineString","coordinates":[[[79.415,28.362],[79.369,28.424],[79.357,28.436],[79.312,28.453],[79.254,28.506],[79.213,28.539],[79.192,28.593],[79.151,28.655],[79.13,28.68],[79.114,28.713],[79.097,28.729],[79.048,28.779],[78.99,28.799],[78.961,28.807],[78.903,28.803],[78.883,28.807],[78.829,28.824],[78.796,28.824]]]}},{"type":"Feature","properties":{"type":"Road","scalerank":3,"name":null},"geometry":{"type":"MultiLineString","coordinates":[[[67.103,29.913],[67.145,29.938],[67.165,29.938],[67.194,29.913],[67.248,29.896],[67.281,29.88],[67.297,29.863],[67.318,29.83],[67.347,29.801],[67.359,29.781],[67.388,29.707],[67.4,29.669],[67.438,29.591],[67.45,29.575],[67.479,29.538],[67.483,29.505],[67.479,29.476],[67.487,29.459],[67.508,29.459],[67.545,29.505],[67.561,29.505],[67.582,29.5],[67.611,29.484],[67.652,29.48],[67.689,29.48],[67.747,29.509],[67.767,29.517],[67.809,29.546],[67.825,29.554],[67.838,29.533],[67.809,29.484],[67.805,29.472],[67.809,29.422],[67.829,29.373],[67.854,29.311],[67.887,29.241],[67.895,29.224],[67.912,29.212],[67.928,29.212],[67.941,29.199],[67.953,29.183],[67.957,29.166],[67.932,29.137],[67.941,29.104],[67.97,29.051],[67.998,28.96],[68.019,28.882],[68.031,28.836],[68.044,28.75],[68.056,28.733],[68.073,28.717],[68.093,28.684],[68.126,28.63],[68.196,28.539],[68.271,28.453],[68.328,28.383],[68.366,28.379],[68.411,28.346],[68.423,28.325],[68.444,28.28]]]}},{"type":"Feature","properties":{"type":"Road","scalerank":4,"name":null},"geometry":{"type":"MultiLineString","coordinates":[[[77.872,28.247],[77.848,28.271],[77.819,28.296],[77.786,28.333],[77.728,28.424],[77.699,28.445],[77.683,28.461],[77.641,28.511],[77.625,28.523],[77.592,28.539],[77.559,28.556],[77.472,28.643],[77.46,28.655]]]}},{"type":"Feature","properties":{"type":"Major Highway","scalerank":3,"name":null},"geometry":{"type":"MultiLineString","coordinates":[[[76.746,28.214],[76.779,28.238],[76.833,28.284],[76.862,28.317],[76.911,28.362],[77.01,28.445],[77.027,28.461]]]}},{"type":"Feature","properties":{"type":"Major Highway","scalerank":3,"name":null},"geometry":{"type":"MultiLineString","coordinates":[[[77.204,28.643],[77.241,28.597],[77.266,28.56],[77.311,28.486],[77.32,28.465],[77.328,28.432],[77.332,28.379],[77.324,28.333],[77.299,28.288],[77.291,28.255],[77.291,28.222],[77.299,28.181],[77.311,28.156]]]}},{"type":"Feature","properties":{"type":"Major Highway","scalerank":3,"name":null},"geometry":{"type":"MultiLineString","coordinates":[[[76.594,28.09],[76.602,28.102],[76.643,28.143],[76.66,28.152],[76.73,28.205],[76.746,28.214]]]}},{"type":"Feature","properties":{"type":"Road","scalerank":4,"name":null},"geometry":{"type":"MultiLineString","coordinates":[[[73.307,28.016],[73.323,28.028],[73.352,28.057],[73.418,28.127],[73.48,28.185],[73.496,28.214],[73.513,28.226],[73.571,28.259],[73.604,28.308],[73.628,28.337],[73.645,28.35],[73.686,28.395],[73.715,28.424],[73.736,28.457],[73.756,28.498],[73.764,28.531],[73.789,28.597],[73.81,28.643],[73.835,28.704],[73.83,28.774],[73.839,28.828],[73.847,28.898],[73.859,28.931],[73.888,28.972],[73.9,28.985],[73.917,29.018],[73.917,29.034],[73.888,29.063],[73.876,29.088],[73.863,29.121],[73.863,29.137],[73.863,29.17],[73.872,29.236],[73.892,29.302],[73.896,29.319],[73.888,29.385],[73.88,29.422],[73.859,29.476],[73.839,29.513],[73.822,29.529],[73.785,29.546],[73.752,29.558],[73.744,29.575],[73.748,29.587],[73.781,29.637],[73.797,29.645],[73.822,29.657],[73.843,29.674],[73.872,29.723],[73.9,29.752],[73.933,29.781],[73.954,29.789],[73.987,29.814],[73.999,29.83],[74.004,29.847],[73.991,29.859],[73.971,29.867],[73.921,29.884],[73.88,29.917],[73.867,29.933],[73.876,29.95],[73.892,29.962],[73.938,29.975],[73.954,29.983],[73.975,30.012],[74.016,30.045],[74.032,30.057],[74.107,30.107],[74.189,30.152]]]}},{"type":"Feature","properties":{"type":"Road","scalerank":3,"name":null},"geometry":{"type":"MultiLineString","coordinates":[[[86.158,28.473],[86.162,28.436],[86.158,28.424],[86.121,28.399],[86.092,28.358],[86.059,28.325],[86.018,28.3],[85.993,28.263],[85.964,28.23],[85.948,28.214],[85.931,28.172],[85.927,28.148],[85.931,28.127],[85.969,28.115],[85.981,28.098],[85.985,28.061],[85.973,28.024],[85.969,27.999]]]}},{"type":"Feature","properties":{"type":"Road","scalerank":3,"name":null},"geometry":{"type":"MultiLineString","coordinates":[[[68.444,28.28],[68.44,28.259],[68.469,28.222],[68.53,28.168],[68.559,28.135],[68.58,28.094],[68.605,28.024],[68.625,27.954],[68.629,27.95]]]}},{"type":"Feature","properties":{"type":"Road","scalerank":3,"name":null},"geometry":{"type":"MultiLineString","coordinates":[[[85.969,27.999],[85.964,27.974],[85.956,27.937]]]}},{"type":"Feature","properties":{"type":"Road","scalerank":3,"name":null},"geometry":{"type":"MultiLineString","coordinates":[[[85.898,27.859],[85.911,27.88],[85.94,27.912],[85.956,27.937]]]}},{"type":"Feature","properties":{"type":"Major Highway","scalerank":3,"name":null},"geometry":{"type":"MultiLineString","coordinates":[[[76.202,27.715],[76.218,27.739],[76.239,27.814],[76.251,27.847],[76.264,27.863],[76.289,27.892],[76.322,27.921],[76.363,27.95],[76.466,28.016],[76.487,28.024],[76.528,28.049],[76.585,28.082],[76.594,28.09]]]}},{"type":"Feature","properties":{"type":"Road","scalerank":4,"name":null},"geometry":{"type":"MultiLineString","coordinates":[[[78.375,27.698],[78.342,27.731],[78.305,27.776],[78.272,27.801],[78.239,27.818],[78.186,27.834],[78.066,27.88],[78.025,27.937],[77.992,27.987],[77.963,28.028],[77.955,28.061],[77.951,28.09],[77.93,28.123],[77.922,28.143],[77.905,28.189],[77.876,28.242],[77.872,28.247]]]}},{"type":"Feature","properties":{"type":"Road","scalerank":3,"name":null},"geometry":{"type":"MultiLineString","coordinates":[[[68.629,27.95],[68.662,27.896],[68.675,27.875],[68.704,27.847],[68.737,27.822],[68.786,27.781],[68.836,27.739],[68.86,27.706],[68.86,27.698]]]}},{"type":"Feature","properties":{"type":"Road","scalerank":3,"name":null},"geometry":{"type":"MultiLineString","coordinates":[[[68.86,27.698],[68.885,27.698],[68.893,27.694],[68.935,27.69],[69.009,27.702],[69.034,27.71],[69.05,27.739],[69.063,27.805],[69.071,27.834],[69.091,27.863],[69.12,27.892],[69.182,27.933],[69.256,27.987],[69.298,28.007],[69.347,28.032],[69.405,28.049],[69.483,28.073],[69.545,28.098],[69.619,28.119],[69.689,28.139],[69.821,28.185],[69.871,28.197],[69.958,28.23],[69.982,28.242],[70.024,28.271],[70.044,28.304],[70.069,28.333],[70.085,28.362],[70.135,28.424],[70.193,28.482],[70.213,28.511],[70.222,28.544],[70.234,28.56],[70.308,28.61],[70.378,28.647],[70.424,28.704],[70.485,28.762],[70.568,28.832],[70.692,28.915],[70.712,28.931],[70.749,28.997],[70.766,29.014],[70.803,29.018],[70.824,29.03],[70.836,29.047],[70.89,29.084],[70.919,29.117],[70.943,29.129],[70.96,29.142],[70.968,29.158],[70.98,29.166],[71.022,29.191],[71.034,29.208],[71.042,29.232]]]}},{"type":"Feature","properties":{"type":"Road","scalerank":3,"name":null},"geometry":{"type":"MultiLineString","coordinates":[[[85.284,27.686],[85.317,27.706]]]}},{"type":"Feature","properties":{"type":"Road","scalerank":3,"name":null},"geometry":{"type":"MultiLineString","coordinates":[[[85.127,27.719],[85.16,27.715],[85.197,27.715],[85.206,27.71],[85.21,27.694],[85.222,27.686],[85.255,27.682],[85.284,27.686]]]}},{"type":"Feature","properties":{"type":"Road","scalerank":3,"name":null},"geometry":{"type":"MultiLineString","coordinates":[[[85.284,27.686],[85.305,27.673],[85.342,27.665],[85.404,27.673],[85.453,27.665],[85.486,27.644],[85.556,27.62],[85.573,27.62],[85.593,27.632],[85.61,27.632],[85.626,27.657],[85.639,27.665],[85.672,27.657],[85.709,27.636],[85.721,27.644],[85.758,27.686],[85.779,27.698],[85.787,27.715],[85.816,27.731],[85.853,27.735],[85.882,27.743],[85.898,27.756],[85.911,27.793],[85.89,27.834],[85.898,27.859]]]}},{"type":"Feature","properties":{"type":"Major Highway","scalerank":3,"name":null},"geometry":{"type":"MultiLineString","coordinates":[[[77.311,28.156],[77.324,28.131],[77.336,28.094],[77.34,28.044],[77.328,27.991],[77.332,27.958],[77.34,27.921],[77.361,27.884],[77.406,27.814],[77.435,27.781],[77.468,27.76],[77.497,27.735],[77.509,27.719],[77.551,27.661],[77.575,27.624],[77.592,27.611],[77.662,27.533],[77.678,27.496]]]}},{"type":"Feature","properties":{"type":"Road","scalerank":3,"name":null},"geometry":{"type":"MultiLineString","coordinates":[[[77.683,27.496],[77.678,27.496]]]}},{"type":"Feature","properties":{"type":"Road","scalerank":3,"name":null},"geometry":{"type":"MultiLineString","coordinates":[[[85.036,27.43],[85.057,27.488],[85.057,27.512],[85.036,27.541],[85.057,27.55],[85.086,27.574],[85.098,27.599],[85.082,27.62],[85.082,27.64],[85.09,27.649],[85.107,27.649],[85.111,27.661],[85.098,27.673],[85.102,27.682],[85.094,27.698],[85.098,27.715],[85.115,27.723],[85.127,27.719]]]}},{"type":"Feature","properties":{"type":"Major Highway","scalerank":3,"name":null},"geometry":{"type":"MultiLineString","coordinates":[[[75.992,27.401],[75.975,27.413],[75.983,27.43],[76.029,27.467],[76.053,27.5],[76.074,27.55],[76.078,27.562],[76.099,27.607],[76.119,27.632],[76.132,27.644],[76.185,27.682],[76.202,27.715]]]}},{"type":"Feature","properties":{"type":"Road","scalerank":3,"name":null},"geometry":{"type":"MultiLineString","coordinates":[[[95.434,27.504],[95.451,27.479],[95.5,27.475],[95.517,27.488],[95.537,27.484],[95.574,27.467],[95.603,27.446],[95.616,27.418],[95.624,27.389],[95.636,27.36],[95.661,27.331],[95.673,27.31]]]}},{"type":"Feature","properties":{"type":"Road","scalerank":3,"name":null},"geometry":{"type":"MultiLineString","coordinates":[[[95.673,27.31],[95.682,27.306],[95.719,27.306],[95.772,27.298],[95.781,27.302],[95.814,27.327],[95.838,27.331],[95.851,27.339],[95.867,27.36],[95.884,27.372],[95.904,27.376]]]}},{"type":"Feature","properties":{"type":"Road","scalerank":3,"name":null},"geometry":{"type":"MultiLineString","coordinates":[[[84.991,27.215],[84.995,27.244],[84.995,27.281],[85.003,27.302],[84.999,27.343],[85.003,27.356],[85.024,27.372],[85.036,27.401],[85.036,27.43]]]}},{"type":"Feature","properties":{"type":"Road","scalerank":4,"name":null},"geometry":{"type":"MultiLineString","coordinates":[[[73.307,28.016],[73.294,27.966],[73.286,27.95],[73.265,27.921],[73.257,27.892],[73.265,27.859],[73.282,27.842],[73.315,27.822],[73.331,27.809],[73.344,27.785],[73.356,27.752],[73.356,27.735],[73.352,27.686],[73.36,27.669],[73.377,27.661],[73.397,27.649],[73.41,27.632],[73.414,27.616],[73.43,27.595],[73.459,27.57],[73.472,27.55],[73.488,27.512],[73.505,27.463],[73.533,27.43],[73.542,27.413],[73.546,27.364],[73.558,27.327],[73.575,27.319],[73.608,27.302],[73.62,27.29],[73.645,27.248],[73.678,27.224],[73.719,27.203]]]}},{"type":"Feature","properties":{"type":"Major Highway","scalerank":3,"name":null},"geometry":{"type":"MultiLineString","coordinates":[[[78,27.199],[77.975,27.203],[77.942,27.22],[77.864,27.24],[77.831,27.261],[77.815,27.281],[77.798,27.306],[77.782,27.323],[77.769,27.331],[77.716,27.343],[77.699,27.352],[77.695,27.372],[77.699,27.397],[77.699,27.426],[77.703,27.459],[77.691,27.479],[77.683,27.496]]]}},{"type":"Feature","properties":{"type":"Major Highway","scalerank":3,"name":null},"geometry":{"type":"MultiLineString","coordinates":[[[75.794,26.902],[75.81,26.91],[75.851,26.952],[75.876,26.989],[75.901,27.03],[75.926,27.059],[75.954,27.1],[75.967,27.137],[75.971,27.154],[75.959,27.203],[75.959,27.24],[75.959,27.277],[75.946,27.327],[75.946,27.343],[75.971,27.389],[75.992,27.401]]]}},{"type":"Feature","properties":{"type":"Major Highway","scalerank":3,"name":null},"geometry":{"type":"MultiLineString","coordinates":[[[81.23,26.927],[81.114,26.898],[81.048,26.877],[81.019,26.873],[80.937,26.865]]]}},{"type":"Feature","properties":{"type":"Road","scalerank":3,"name":null},"geometry":{"type":"MultiLineString","coordinates":[[[80.937,26.865],[80.929,26.886],[80.908,26.968],[80.891,27.03],[80.879,27.067],[80.838,27.199],[80.83,27.24],[80.821,27.29],[80.809,27.36],[80.797,27.413],[80.78,27.455],[80.726,27.521],[80.706,27.537],[80.685,27.554],[80.644,27.578],[80.557,27.616],[80.471,27.653],[80.384,27.694],[80.31,27.731],[80.244,27.739],[80.19,27.756],[80.149,27.772],[80.05,27.814],[79.922,27.88],[79.881,27.896],[79.836,27.908],[79.782,27.941],[79.732,27.962],[79.695,27.995],[79.662,28.04],[79.638,28.082],[79.629,28.106],[79.613,28.135],[79.592,28.164],[79.563,28.197],[79.543,28.214],[79.522,28.251],[79.501,28.28],[79.415,28.362]]]}},{"type":"Feature","properties":{"type":"Major Highway","scalerank":3,"name":null},"geometry":{"type":"MultiLineString","coordinates":[[[82.158,26.782],[82.092,26.774],[82.001,26.762],[81.889,26.77],[81.852,26.774],[81.786,26.782],[81.745,26.782],[81.671,26.778],[81.605,26.778],[81.576,26.782],[81.543,26.795],[81.415,26.861],[81.357,26.89],[81.312,26.91],[81.23,26.927]]]}},{"type":"Feature","properties":{"type":"Major Highway","scalerank":3,"name":null},"geometry":{"type":"MultiLineString","coordinates":[[[88.377,26.716],[88.398,26.721],[88.423,26.721],[88.46,26.712],[88.468,26.741],[88.456,26.803],[88.464,26.865],[88.476,26.873]]]}},{"type":"Feature","properties":{"type":"Road","scalerank":3,"name":null},"geometry":{"type":"MultiLineString","coordinates":[[[88.328,26.704],[88.34,26.708],[88.377,26.716]]]}},{"type":"Feature","properties":{"type":"Road","scalerank":3,"name":null},"geometry":{"type":"MultiLineString","coordinates":[[[93.78,26.634],[93.801,26.646],[93.826,26.65],[93.871,26.655],[93.904,26.659],[93.92,26.667],[93.962,26.704],[93.991,26.721],[94.024,26.725],[94.073,26.721],[94.11,26.716],[94.143,26.729],[94.164,26.749],[94.189,26.758],[94.25,26.77],[94.366,26.803],[94.419,26.828],[94.461,26.828],[94.485,26.844],[94.502,26.861],[94.51,26.881],[94.523,26.931],[94.527,26.943],[94.539,26.947],[94.605,26.952],[94.634,26.985],[94.655,26.997],[94.671,27.017],[94.683,27.038],[94.692,27.067],[94.733,27.116],[94.737,27.133],[94.741,27.162],[94.754,27.195],[94.758,27.207],[94.778,27.228],[94.787,27.24],[94.787,27.257],[94.791,27.281],[94.807,27.302],[94.853,27.331],[94.865,27.347],[94.877,27.389],[94.898,27.426],[94.886,27.451],[94.886,27.463],[94.898,27.479],[94.931,27.488],[94.96,27.475],[94.993,27.455],[95.096,27.455],[95.158,27.471],[95.178,27.475],[95.253,27.496],[95.269,27.5],[95.323,27.492],[95.368,27.492],[95.397,27.5],[95.434,27.504]]]}},{"type":"Feature","properties":{"type":"Major Highway","scalerank":3,"name":null},"geometry":{"type":"MultiLineString","coordinates":[[[88.295,26.593],[88.377,26.716]]]}},{"type":"Feature","properties":{"type":"Major Highway","scalerank":3,"name":null},"geometry":{"type":"MultiLineString","coordinates":[[[88.295,26.593],[88.315,26.63],[88.319,26.65],[88.324,26.7],[88.328,26.704]]]}},{"type":"Feature","properties":{"type":"Major Highway","scalerank":3,"name":null},"geometry":{"type":"MultiLineString","coordinates":[[[74.861,26.58],[74.899,26.584],[74.919,26.589],[74.998,26.601],[75.059,26.605],[75.08,26.613],[75.121,26.638],[75.138,26.646],[75.2,26.659],[75.241,26.683],[75.286,26.721],[75.311,26.737],[75.352,26.762],[75.414,26.782],[75.48,26.807],[75.53,26.82],[75.567,26.828],[75.645,26.848],[75.67,26.857],[75.736,26.894],[75.756,26.898],[75.794,26.902]]]}},{"type":"Feature","properties":{"type":"Road","scalerank":3,"name":null},"geometry":{"type":"MultiLineString","coordinates":[[[84.933,26.547],[84.925,26.564],[84.913,26.626],[84.9,26.655],[84.88,26.675],[84.851,26.688],[84.797,26.712],[84.764,26.733],[84.756,26.741],[84.748,26.77],[84.752,26.795],[84.781,26.857],[84.789,26.869],[84.818,26.894],[84.847,26.931],[84.884,27.005],[84.913,27.055],[84.933,27.088],[84.95,27.108],[84.962,27.125],[84.979,27.162],[84.991,27.215]]]}},{"type":"Feature","properties":{"type":"Major Highway","scalerank":3,"name":null},"geometry":{"type":"MultiLineString","coordinates":[[[77.975,26.49],[77.963,26.51],[77.955,26.527],[77.938,26.593],[77.93,26.613],[77.909,26.638],[77.889,26.667],[77.885,26.692],[77.885,26.729],[77.885,26.787],[77.889,26.815],[77.897,26.848],[77.909,26.873],[77.934,26.906],[77.942,26.923],[77.951,26.96],[77.955,26.997],[77.967,27.03],[78.017,27.133],[78.029,27.166],[78.025,27.178],[78,27.199]]]}},{"type":"Feature","properties":{"type":"Road","scalerank":3,"name":null},"geometry":{"type":"MultiLineString","coordinates":[[[90.617,26.481],[90.592,26.477],[90.559,26.473]]]}},{"type":"Feature","properties":{"type":"Road","scalerank":4,"name":null},"geometry":{"type":"MultiLineString","coordinates":[[[80.326,26.457],[80.314,26.473],[80.277,26.481],[80.264,26.494],[80.248,26.518],[80.24,26.535],[80.231,26.576],[80.223,26.597],[80.182,26.642],[80.17,26.655],[80.149,26.7],[80.112,26.741],[80.104,26.766],[80.091,26.807],[80.079,26.844],[80.046,26.886],[79.988,26.98],[79.972,27.005],[79.951,27.026],[79.897,27.067],[79.856,27.088],[79.811,27.104],[79.782,27.112],[79.737,27.116],[79.638,27.129],[79.518,27.154],[79.489,27.158],[79.464,27.174],[79.431,27.182],[79.39,27.195],[79.27,27.232],[79.221,27.244],[79.172,27.265],[79.122,27.298],[79.081,27.335],[79.044,27.36],[78.899,27.434],[78.8,27.488],[78.776,27.5],[78.705,27.537],[78.66,27.558],[78.569,27.607],[78.553,27.616],[78.462,27.653],[78.4,27.682],[78.375,27.698]]]}},{"type":"Feature","properties":{"type":"Major Highway","scalerank":4,"name":null},"geometry":{"type":"MultiLineString","coordinates":[[[80.937,26.865],[80.937,26.848],[80.916,26.815],[80.883,26.778],[80.858,26.741],[80.85,26.721],[80.817,26.671],[80.801,26.646],[80.78,26.642],[80.747,26.626],[80.706,26.613],[80.648,26.605],[80.623,26.601],[80.586,26.584],[80.533,26.556],[80.475,26.527],[80.425,26.506],[80.388,26.473],[80.343,26.452]]]}},{"type":"Feature","properties":{"type":"Road","scalerank":3,"name":null},"geometry":{"type":"MultiLineString","coordinates":[[[80.343,26.452],[80.326,26.457]]]}},{"type":"Feature","properties":{"type":"Road","scalerank":3,"name":null},"geometry":{"type":"MultiLineString","coordinates":[[[74.639,26.444],[74.655,26.477],[74.688,26.506],[74.705,26.518],[74.746,26.531],[74.808,26.551],[74.861,26.58]]]}},{"type":"Feature","properties":{"type":"Major Highway","scalerank":3,"name":null},"geometry":{"type":"MultiLineString","coordinates":[[[91.615,26.432],[91.574,26.436],[91.524,26.448],[91.512,26.448],[91.454,26.44],[91.425,26.44],[91.396,26.457],[91.38,26.473],[91.363,26.506],[91.351,26.523],[91.33,26.523],[91.285,26.518],[91.235,26.506],[91.215,26.502],[91.169,26.51],[91.132,26.498],[91.062,26.461],[91.029,26.428],[91.004,26.419],[90.959,26.428],[90.938,26.444],[90.918,26.452],[90.901,26.452],[90.868,26.444],[90.839,26.436],[90.827,26.44],[90.811,26.452],[90.79,26.473],[90.778,26.473],[90.736,26.469],[90.712,26.481],[90.687,26.477],[90.65,26.485],[90.629,26.485],[90.617,26.481]]]}},{"type":"Feature","properties":{"type":"Major Highway","scalerank":3,"name":null},"geometry":{"type":"MultiLineString","coordinates":[[[84.933,26.547],[84.929,26.543],[84.888,26.527],[84.843,26.514],[84.789,26.457],[84.772,26.44],[84.777,26.424],[84.777,26.403],[84.768,26.391],[84.739,26.366],[84.715,26.353],[84.711,26.358],[84.69,26.407],[84.682,26.411],[84.62,26.407],[84.529,26.424],[84.488,26.44],[84.414,26.481],[84.385,26.518],[84.348,26.551],[84.327,26.56],[84.311,26.58],[84.29,26.605],[84.253,26.63],[84.232,26.642],[84.195,26.683],[84.146,26.688],[84.117,26.688],[84.084,26.679],[84.063,26.679],[84.038,26.692],[83.993,26.7],[83.976,26.708],[83.923,26.745],[83.91,26.745],[83.857,26.733],[83.82,26.729],[83.791,26.729],[83.75,26.733],[83.626,26.733],[83.527,26.733],[83.465,26.741],[83.42,26.741],[83.399,26.741],[83.329,26.733],[83.288,26.733],[83.218,26.749],[83.176,26.745],[83.106,26.762],[83.073,26.762],[83.003,26.77],[82.999,26.778],[82.978,26.787],[82.958,26.791],[82.945,26.791],[82.912,26.77],[82.888,26.766],[82.867,26.77],[82.838,26.787],[82.809,26.795],[82.747,26.791],[82.698,26.77],[82.644,26.762],[82.599,26.758],[82.521,26.77],[82.5,26.778],[82.471,26.791],[82.417,26.774],[82.372,26.778],[82.306,26.803],[82.277,26.811],[82.224,26.832],[82.203,26.782],[82.158,26.782]]]}},{"type":"Feature","properties":{"type":"Road","scalerank":3,"name":null},"geometry":{"type":"MultiLineString","coordinates":[[[93.78,26.634],[93.747,26.634],[93.727,26.63],[93.702,26.634],[93.669,26.63],[93.615,26.638],[93.586,26.638],[93.537,26.617],[93.504,26.609],[93.479,26.609],[93.446,26.597],[93.397,26.589],[93.31,26.584],[93.223,26.576],[93.166,26.568],[93.149,26.568],[93.087,26.58],[93.071,26.568],[93.042,26.564],[93.03,26.568],[92.988,26.589],[92.976,26.572],[92.947,26.551],[92.926,26.556],[92.893,26.543],[92.873,26.523],[92.86,26.518],[92.84,26.518],[92.815,26.531],[92.803,26.518],[92.803,26.498],[92.778,26.49],[92.749,26.444],[92.749,26.399],[92.745,26.382],[92.737,26.374],[92.712,26.366],[92.7,26.353]]]}},{"type":"Feature","properties":{"type":"Major Highway","scalerank":3,"name":null},"geometry":{"type":"MultiLineString","coordinates":[[[89.45,26.345],[89.421,26.349],[89.408,26.37],[89.384,26.424],[89.371,26.448],[89.363,26.473],[89.379,26.498],[89.367,26.502],[89.243,26.514],[89.21,26.514],[89.19,26.527],[89.157,26.576],[89.153,26.605],[89.161,26.638],[89.161,26.663],[89.153,26.7],[89.132,26.704],[89.107,26.708],[89.066,26.7],[89.041,26.7],[89.033,26.683],[89.033,26.663],[89.033,26.63],[89.017,26.613],[89.021,26.593],[89.008,26.58],[88.992,26.584],[88.918,26.56],[88.893,26.56],[88.823,26.564],[88.81,26.58],[88.794,26.605],[88.781,26.642],[88.777,26.659],[88.777,26.696],[88.786,26.729],[88.802,26.762],[88.814,26.824],[88.81,26.853],[88.798,26.869],[88.781,26.869],[88.711,26.857],[88.649,26.861],[88.608,26.873],[88.563,26.869],[88.509,26.873],[88.476,26.873]]]}},{"type":"Feature","properties":{"type":"Major Highway","scalerank":3,"name":null},"geometry":{"type":"MultiLineString","coordinates":[[[91.73,26.341],[91.697,26.345],[91.66,26.341],[91.66,26.358],[91.64,26.374],[91.636,26.382],[91.627,26.424],[91.615,26.432]]]}},{"type":"Feature","properties":{"type":"Major Highway","scalerank":3,"name":null},"geometry":{"type":"MultiLineString","coordinates":[[[88.282,26.325],[88.311,26.353],[88.307,26.378],[88.282,26.407],[88.27,26.428],[88.249,26.457],[88.241,26.473],[88.245,26.494],[88.262,26.539],[88.286,26.572],[88.295,26.593]]]}},{"type":"Feature","properties":{"type":"Road","scalerank":3,"name":null},"geometry":{"type":"MultiLineString","coordinates":[[[74.639,26.444],[74.655,26.407],[74.701,26.378],[74.717,26.362],[74.725,26.345],[74.73,26.312],[74.725,26.296],[74.717,26.283]]]}},{"type":"Feature","properties":{"type":"Road","scalerank":4,"name":null},"geometry":{"type":"MultiLineString","coordinates":[[[73.719,27.203],[73.715,27.182],[73.703,27.154],[73.682,27.125],[73.649,27.088],[73.628,27.075],[73.525,27.03],[73.455,26.997],[73.397,26.96],[73.389,26.947],[73.381,26.914],[73.373,26.881],[73.368,26.869],[73.335,26.824],[73.331,26.807],[73.331,26.774],[73.331,26.758],[73.311,26.729],[73.294,26.716],[73.228,26.683],[73.195,26.655],[73.179,26.622],[73.154,26.551],[73.125,26.498],[73.084,26.436],[73.051,26.378],[73.034,26.341],[73.034,26.325],[73.034,26.292],[73.03,26.275]]]}},{"type":"Feature","properties":{"type":"Major Highway","scalerank":3,"name":null},"geometry":{"type":"MultiLineString","coordinates":[[[78.161,26.209],[78.165,26.213],[78.149,26.25],[78.12,26.292],[78.074,26.349],[78.058,26.382],[78.046,26.415],[78.025,26.448],[77.975,26.49]]]}},{"type":"Feature","properties":{"type":"Major Highway","scalerank":3,"name":null},"geometry":{"type":"MultiLineString","coordinates":[[[79.811,26.205],[79.782,26.221],[79.732,26.263],[79.695,26.296],[79.658,26.341],[79.625,26.37],[79.522,26.452],[79.501,26.465],[79.444,26.481],[79.394,26.506],[79.357,26.531],[79.328,26.551],[79.316,26.568],[79.254,26.601],[79.176,26.659],[79.122,26.712],[79.093,26.729],[79.048,26.749],[78.986,26.791],[78.969,26.807],[78.924,26.869],[78.887,26.902],[78.751,27.009],[78.681,27.063],[78.652,27.079],[78.611,27.096],[78.573,27.108],[78.474,27.129],[78.437,27.141],[78.417,27.154],[78.351,27.187],[78.285,27.215],[78.235,27.232],[78.202,27.24],[78.132,27.244],[78.112,27.24],[78.079,27.228],[78.05,27.211],[78,27.199]]]}},{"type":"Feature","properties":{"type":"Major Highway","scalerank":3,"name":null},"geometry":{"type":"MultiLineString","coordinates":[[[80.326,26.457],[80.293,26.461],[80.211,26.448],[80.198,26.444],[80.145,26.419],[80.095,26.403],[80.058,26.395],[80.034,26.386],[80.013,26.382],[80.001,26.374],[79.972,26.345],[79.93,26.325],[79.897,26.3],[79.852,26.259],[79.811,26.205]]]}},{"type":"Feature","properties":{"type":"Major Highway","scalerank":3,"name":null},"geometry":{"type":"MultiLineString","coordinates":[[[91.669,26.201],[91.722,26.209],[91.718,26.221],[91.71,26.246],[91.702,26.271],[91.714,26.304],[91.73,26.341]]]}},{"type":"Feature","properties":{"type":"Road","scalerank":3,"name":null},"geometry":{"type":"MultiLineString","coordinates":[[[91.673,26.155],[91.66,26.18],[91.669,26.201]]]}},{"type":"Feature","properties":{"type":"Road","scalerank":3,"name":null},"geometry":{"type":"MultiLineString","coordinates":[[[68.86,27.698],[68.856,27.682],[68.844,27.669],[68.794,27.632],[68.77,27.599],[68.753,27.55],[68.753,27.463],[68.745,27.413],[68.733,27.38],[68.72,27.36],[68.704,27.347],[68.638,27.306],[68.621,27.298],[68.58,27.29],[68.526,27.29],[68.493,27.261],[68.456,27.253],[68.407,27.203],[68.295,27.055],[68.242,26.98],[68.221,26.947],[68.188,26.898],[68.163,26.869],[68.135,26.844],[68.122,26.828],[68.089,26.774],[68.056,26.729],[68.027,26.696],[68.003,26.667],[67.986,26.634],[67.97,26.568],[67.965,26.531],[67.965,26.514],[67.978,26.477],[67.998,26.44],[68.073,26.32],[68.118,26.259],[68.155,26.213],[68.184,26.18],[68.201,26.164],[68.25,26.131]]]}},{"type":"Feature","properties":{"type":"Road","scalerank":4,"name":null},"geometry":{"type":"MultiLineString","coordinates":[[[79.811,26.205],[79.757,26.155],[79.753,26.143],[79.753,26.11]]]}},{"type":"Feature","properties":{"type":"Road","scalerank":3,"name":null},"geometry":{"type":"MultiLineString","coordinates":[[[74.639,26.444],[74.614,26.399],[74.581,26.337],[74.573,26.325],[74.532,26.3],[74.515,26.287],[74.47,26.226],[74.457,26.213],[74.379,26.143],[74.321,26.098]]]}},{"type":"Feature","properties":{"type":"Major Highway","scalerank":3,"name":null},"geometry":{"type":"MultiLineString","coordinates":[[[91.871,26.09],[91.846,26.102],[91.792,26.143],[91.743,26.18],[91.73,26.16],[91.718,26.151],[91.697,26.147],[91.673,26.155]]]}},{"type":"Feature","properties":{"type":"Major Highway","scalerank":3,"name":null},"geometry":{"type":"MultiLineString","coordinates":[[[90.559,26.473],[90.53,26.469],[90.518,26.465],[90.46,26.452],[90.402,26.44],[90.328,26.419],[90.27,26.399],[90.225,26.378],[90.192,26.362],[90.2,26.353],[90.217,26.308],[90.237,26.234],[90.229,26.23],[90.196,26.238],[90.138,26.217],[90.118,26.201],[90.085,26.193],[90.056,26.168],[89.998,26.106],[89.973,26.09],[89.944,26.098],[89.92,26.102],[89.907,26.098],[89.87,26.098],[89.837,26.102],[89.813,26.114],[89.796,26.155],[89.792,26.197],[89.792,26.23],[89.775,26.279],[89.771,26.312],[89.742,26.316],[89.697,26.316],[89.643,26.308],[89.536,26.304],[89.487,26.308],[89.478,26.316],[89.462,26.337],[89.45,26.345]]]}},{"type":"Feature","properties":{"type":"Major Highway","scalerank":3,"name":null},"geometry":{"type":"MultiLineString","coordinates":[[[91.871,26.09],[91.895,26.11],[91.912,26.118],[91.937,26.118],[91.97,26.11],[92.003,26.114],[92.023,26.114],[92.056,26.106],[92.106,26.11],[92.135,26.102],[92.151,26.102],[92.209,26.114],[92.254,26.122],[92.275,26.118],[92.287,26.102],[92.312,26.098],[92.345,26.118],[92.353,26.131],[92.353,26.147],[92.366,26.168],[92.415,26.188],[92.46,26.197],[92.489,26.201],[92.506,26.205],[92.514,26.226],[92.531,26.242],[92.547,26.25],[92.588,26.271],[92.613,26.287],[92.646,26.312],[92.679,26.337],[92.7,26.353]]]}},{"type":"Feature","properties":{"type":"Major Highway","scalerank":3,"name":null},"geometry":{"type":"MultiLineString","coordinates":[[[85.383,26.085],[85.358,26.106],[85.35,26.114],[85.35,26.151],[85.338,26.168],[85.313,26.193],[85.28,26.221],[85.255,26.234],[85.177,26.263],[85.152,26.283],[85.131,26.312],[85.098,26.366],[85.074,26.395],[85.049,26.44],[85.032,26.457],[84.987,26.494],[84.942,26.535],[84.933,26.547]]]}},{"type":"Feature","properties":{"type":"Road","scalerank":3,"name":null},"geometry":{"type":"MultiLineString","coordinates":[[[74.119,26.077],[74.127,26.081],[74.16,26.077],[74.193,26.073],[74.21,26.073],[74.268,26.094],[74.321,26.098]]]}},{"type":"Feature","properties":{"type":"Road","scalerank":4,"name":null},"geometry":{"type":"MultiLineString","coordinates":[[[66.006,26.172],[66.043,26.18],[66.06,26.176],[66.072,26.16],[66.089,26.151],[66.138,26.147],[66.155,26.147],[66.175,26.155],[66.2,26.188],[66.221,26.201],[66.279,26.205],[66.312,26.217]]]}},{"type":"Feature","properties":{"type":"Major Highway","scalerank":4,"name":null},"geometry":{"type":"MultiLineString","coordinates":[[[79.753,26.11],[79.732,26.114],[79.712,26.11],[79.588,26.057],[79.477,26.007],[79.46,25.995]]]}},{"type":"Feature","properties":{"type":"Major Highway","scalerank":3,"name":null},"geometry":{"type":"MultiLineString","coordinates":[[[92.7,26.353],[92.716,26.312],[92.724,26.283],[92.745,26.254],[92.749,26.238],[92.741,26.197],[92.745,26.172],[92.77,26.155],[92.803,26.143],[92.852,26.131],[92.86,26.122],[92.885,26.085],[92.918,26.028],[92.935,25.974],[92.943,25.958],[92.955,25.953]]]}},{"type":"Feature","properties":{"type":"Road","scalerank":3,"name":null},"geometry":{"type":"MultiLineString","coordinates":[[[92.955,25.953],[92.968,25.958],[93.021,25.995],[93.063,26.015],[93.104,26.032],[93.157,26.044],[93.182,26.057],[93.223,26.04],[93.232,26.024],[93.248,26.015],[93.273,25.991],[93.281,25.991],[93.318,25.999],[93.351,25.999],[93.393,25.991],[93.417,25.986],[93.426,25.974],[93.446,25.966],[93.483,25.958],[93.508,25.962],[93.537,25.982],[93.545,25.982],[93.562,25.97],[93.607,25.986],[93.628,25.986],[93.648,25.982],[93.685,25.953],[93.706,25.949],[93.718,25.941],[93.727,25.912],[93.747,25.904]]]}},{"type":"Feature","properties":{"type":"Major Highway","scalerank":3,"name":null},"geometry":{"type":"MultiLineString","coordinates":[[[87.833,25.871],[87.829,25.887],[87.849,25.97],[87.862,25.991],[87.882,26.024],[87.94,26.077],[87.973,26.102],[88.027,26.131],[88.06,26.147],[88.113,26.188],[88.171,26.234],[88.212,26.271],[88.253,26.296],[88.282,26.325]]]}},{"type":"Feature","properties":{"type":"Road","scalerank":4,"name":null},"geometry":{"type":"MultiLineString","coordinates":[[[74.717,26.283],[74.762,26.259],[74.824,26.226],[74.89,26.184],[74.923,26.16],[74.981,26.102],[75.01,26.073],[75.051,26.036],[75.196,25.941],[75.229,25.92],[75.274,25.879],[75.303,25.854],[75.356,25.838],[75.369,25.83],[75.377,25.813],[75.385,25.776],[75.394,25.76]]]}},{"type":"Feature","properties":{"type":"Road","scalerank":3,"name":null},"geometry":{"type":"MultiLineString","coordinates":[[[73.323,25.755],[73.323,25.764],[73.418,25.797],[73.521,25.842],[73.608,25.883],[73.678,25.916],[73.74,25.941],[73.822,25.982],[73.872,25.999],[73.938,26.024],[74.037,26.044],[74.057,26.052],[74.103,26.073],[74.119,26.077]]]}},{"type":"Feature","properties":{"type":"Road","scalerank":4,"name":null},"geometry":{"type":"MultiLineString","coordinates":[[[73.03,26.275],[73.034,26.259],[73.034,26.209],[73.047,26.139],[73.051,26.102],[73.063,26.065],[73.088,26.011],[73.113,25.974],[73.162,25.929],[73.203,25.871],[73.241,25.821],[73.274,25.797],[73.302,25.776],[73.323,25.755]]]}},{"type":"Feature","properties":{"type":"Road","scalerank":4,"name":null},"geometry":{"type":"MultiLineString","coordinates":[[[91.871,26.09],[91.866,26.077],[91.866,25.974],[91.854,25.949],[91.875,25.941],[91.887,25.883],[91.887,25.863],[91.887,25.834],[91.875,25.784],[91.875,25.76],[91.879,25.727],[91.891,25.694],[91.908,25.669],[91.879,25.574]]]}},{"type":"Feature","properties":{"type":"Major Highway","scalerank":4,"name":null},"geometry":{"type":"MultiLineString","coordinates":[[[79.46,25.995],[79.419,25.958],[79.382,25.933],[79.336,25.912],[79.291,25.904],[79.254,25.892],[79.192,25.867],[79.089,25.838],[79.068,25.826],[79.044,25.805],[78.99,25.755],[78.969,25.739],[78.928,25.694],[78.899,25.665],[78.858,25.607],[78.846,25.595],[78.821,25.574],[78.792,25.533],[78.755,25.5],[78.705,25.471],[78.685,25.467],[78.644,25.463],[78.619,25.463],[78.582,25.454]]]}},{"type":"Feature","properties":{"type":"Major Highway","scalerank":3,"name":null},"geometry":{"type":"MultiLineString","coordinates":[[[78.582,25.454],[78.582,25.467],[78.565,25.487],[78.524,25.529],[78.503,25.562],[78.487,25.619],[78.466,25.652],[78.441,25.694],[78.408,25.772],[78.375,25.838],[78.355,25.871],[78.31,25.949],[78.268,26.007],[78.26,26.028],[78.244,26.085],[78.235,26.106],[78.206,26.135],[78.169,26.16],[78.161,26.176],[78.161,26.209]]]}},{"type":"Feature","properties":{"type":"Road","scalerank":3,"name":null},"geometry":{"type":"MultiLineString","coordinates":[[[81.865,25.454],[81.857,25.458],[81.836,25.45]]]}},{"type":"Feature","properties":{"type":"Major Highway","scalerank":3,"name":null},"geometry":{"type":"MultiLineString","coordinates":[[[81.836,25.45],[81.811,25.446],[81.77,25.45],[81.716,25.458],[81.687,25.471],[81.646,25.496],[81.584,25.524],[81.543,25.557],[81.51,25.578],[81.448,25.603],[81.357,25.644],[81.308,25.677],[81.263,25.694],[81.188,25.739],[81.155,25.755],[81.085,25.784],[80.974,25.85],[80.949,25.859],[80.883,25.896],[80.821,25.925],[80.797,25.945],[80.726,26.015],[80.685,26.052],[80.66,26.069],[80.64,26.09],[80.603,26.118],[80.561,26.164],[80.537,26.197],[80.495,26.292],[80.467,26.337],[80.454,26.353],[80.409,26.399],[80.359,26.432],[80.343,26.452]]]}},{"type":"Feature","properties":{"type":"Road","scalerank":4,"name":null},"geometry":{"type":"MultiLineString","coordinates":[[[91.879,25.574],[91.883,25.57],[91.965,25.537],[91.998,25.537],[92.019,25.533],[92.069,25.545],[92.097,25.541],[92.114,25.537],[92.163,25.524],[92.176,25.508],[92.184,25.467],[92.201,25.446]]]}},{"type":"Feature","properties":{"type":"Road","scalerank":3,"name":null},"geometry":{"type":"MultiLineString","coordinates":[[[78.578,25.434],[78.582,25.454]]]}},{"type":"Feature","properties":{"type":"Road","scalerank":3,"name":null},"geometry":{"type":"MultiLineString","coordinates":[[[77.654,25.413],[77.674,25.471],[77.678,25.483],[77.716,25.508],[77.72,25.516],[77.74,25.574],[77.74,25.607],[77.74,25.636],[77.732,25.677],[77.736,25.694],[77.761,25.751],[77.773,25.801],[77.773,25.842],[77.769,25.875],[77.794,25.929],[77.81,25.945],[77.942,26.048],[77.975,26.061],[77.996,26.077],[78.037,26.106],[78.079,26.114],[78.095,26.122],[78.107,26.147],[78.112,26.184],[78.12,26.193],[78.14,26.205],[78.161,26.209]]]}},{"type":"Feature","properties":{"type":"Road","scalerank":4,"name":null},"geometry":{"type":"MultiLineString","coordinates":[[[78.582,25.454],[78.561,25.45],[78.466,25.45],[78.441,25.463],[78.338,25.467],[78.264,25.454],[78.219,25.446],[78.169,25.446],[78.112,25.438],[78.058,25.421],[78.025,25.417],[77.98,25.409],[77.897,25.397],[77.864,25.405],[77.843,25.401],[77.806,25.413],[77.744,25.409],[77.72,25.417],[77.654,25.413]]]}},{"type":"Feature","properties":{"type":"Road","scalerank":4,"name":null},"geometry":{"type":"MultiLineString","coordinates":[[[66.312,26.217],[66.324,26.193],[66.373,26.16],[66.402,26.127],[66.431,26.11],[66.481,26.073],[66.51,26.057],[66.547,25.995],[66.563,25.974],[66.596,25.92],[66.617,25.879],[66.629,25.842],[66.633,25.809],[66.629,25.751],[66.613,25.665],[66.617,25.632],[66.621,25.611],[66.654,25.533],[66.679,25.463],[66.679,25.442],[66.666,25.388]]]}},{"type":"Feature","properties":{"type":"Road","scalerank":3,"name":null},"geometry":{"type":"MultiLineString","coordinates":[[[95.904,27.376],[95.925,27.372],[95.983,27.356],[96.024,27.347],[96.049,27.335],[96.057,27.323],[96.049,27.298],[96.073,27.294],[96.119,27.29],[96.139,27.257],[96.164,27.244],[96.168,27.232],[96.185,27.215],[96.209,27.215],[96.234,27.224],[96.259,27.215],[96.263,27.203],[96.251,27.178],[96.247,27.162],[96.267,27.116],[96.263,27.1],[96.226,27.042],[96.222,27.03],[96.23,27.017],[96.226,27.005],[96.201,26.985],[96.185,26.964],[96.185,26.947],[96.201,26.931],[96.218,26.853],[96.209,26.815],[96.209,26.766],[96.222,26.741],[96.205,26.725],[96.214,26.704],[96.209,26.683],[96.218,26.679],[96.284,26.667],[96.321,26.663],[96.337,26.65],[96.354,26.642],[96.399,26.634],[96.432,26.617],[96.473,26.589],[96.498,26.58],[96.552,26.543],[96.589,26.527],[96.634,26.514],[96.647,26.51],[96.663,26.485],[96.671,26.469],[96.684,26.428],[96.704,26.411],[96.709,26.399],[96.729,26.3],[96.729,26.279],[96.721,26.23],[96.717,26.114],[96.713,26.032],[96.696,26.015],[96.684,25.991],[96.68,25.966],[96.655,25.916],[96.655,25.834],[96.63,25.793],[96.651,25.768],[96.667,25.739],[96.68,25.706],[96.696,25.698],[96.725,25.665],[96.746,25.661],[96.758,25.648],[96.762,25.632],[96.787,25.603],[96.791,25.586],[96.795,25.545],[96.836,25.491],[96.865,25.467],[96.886,25.434],[96.894,25.397],[96.902,25.384],[96.923,25.376]]]}},{"type":"Feature","properties":{"type":"Road","scalerank":3,"name":null},"geometry":{"type":"MultiLineString","coordinates":[[[87.833,25.871],[87.816,25.846],[87.767,25.859],[87.734,25.859],[87.709,25.85],[87.684,25.834],[87.66,25.817],[87.627,25.805],[87.54,25.793],[87.495,25.78],[87.478,25.76],[87.457,25.706],[87.445,25.685],[87.424,25.669],[87.416,25.652],[87.412,25.623],[87.4,25.574],[87.391,25.557],[87.33,25.52],[87.272,25.487],[87.255,25.458],[87.255,25.434],[87.231,25.401],[87.206,25.388],[87.173,25.388],[87.161,25.384],[87.115,25.368],[87.066,25.364],[86.991,25.372],[86.971,25.38],[86.967,25.405],[86.946,25.409],[86.909,25.405],[86.806,25.409],[86.748,25.413],[86.707,25.425],[86.666,25.454],[86.637,25.475],[86.6,25.504],[86.587,25.512],[86.567,25.516],[86.509,25.512],[86.48,25.5],[86.447,25.467],[86.43,25.421],[86.418,25.409],[86.393,25.401],[86.348,25.405],[86.311,25.409],[86.2,25.397],[86.171,25.397],[86.138,25.405],[86.105,25.421],[86.084,25.438],[86.059,25.45],[85.956,25.483],[85.936,25.491],[85.919,25.512],[85.894,25.541],[85.857,25.607],[85.791,25.689],[85.766,25.735],[85.754,25.76],[85.742,25.78],[85.705,25.817],[85.63,25.887],[85.606,25.912],[85.577,25.945],[85.552,25.97],[85.523,25.986],[85.469,26.015],[85.432,26.044],[85.395,26.077],[85.383,26.085]]]}},{"type":"Feature","properties":{"type":"Road","scalerank":3,"name":null},"geometry":{"type":"MultiLineString","coordinates":[[[97.381,25.38],[97.397,25.368],[97.41,25.331],[97.43,25.322]]]}},{"type":"Feature","properties":{"type":"Road","scalerank":3,"name":null},"geometry":{"type":"MultiLineString","coordinates":[[[97.381,25.38],[97.356,25.38],[97.327,25.372],[97.302,25.355],[97.29,25.331],[97.274,25.318],[97.257,25.314],[97.22,25.31],[97.158,25.318],[97.137,25.322],[97.109,25.339],[97.084,25.347],[97.039,25.355],[97.018,25.368],[96.989,25.372],[96.944,25.372],[96.923,25.376]]]}},{"type":"Feature","properties":{"type":"Major Highway","scalerank":3,"name":null},"geometry":{"type":"MultiLineString","coordinates":[[[82.562,25.265],[82.5,25.269],[82.417,25.289],[82.356,25.31],[82.327,25.318],[82.244,25.347],[82.215,25.355],[82.141,25.355],[82.1,25.364],[82.079,25.372],[82.038,25.409],[81.997,25.425],[81.914,25.442],[81.865,25.454]]]}},{"type":"Feature","properties":{"type":"Road","scalerank":4,"name":null},"geometry":{"type":"MultiLineString","coordinates":[[[75.394,25.76],[75.431,25.722],[75.443,25.706],[75.447,25.669],[75.468,25.632],[75.484,25.599],[75.513,25.57],[75.534,25.533],[75.571,25.483],[75.6,25.458],[75.649,25.43],[75.662,25.413],[75.674,25.376],[75.686,25.359],[75.719,25.331],[75.773,25.265],[75.798,25.24],[75.827,25.207],[75.839,25.174]]]}},{"type":"Feature","properties":{"type":"Major Highway","scalerank":4,"name":null},"geometry":{"type":"MultiLineString","coordinates":[[[77.654,25.413],[77.637,25.409],[77.608,25.384],[77.567,25.364],[77.534,25.347],[77.509,25.339],[77.468,25.343],[77.382,25.322],[77.32,25.293],[77.299,25.289],[77.262,25.281],[77.179,25.256],[77.134,25.219],[77.101,25.19],[77.076,25.178],[77.039,25.162],[76.961,25.141],[76.92,25.137],[76.858,25.12],[76.812,25.096],[76.796,25.096],[76.763,25.096],[76.726,25.1],[76.68,25.12],[76.647,25.129],[76.581,25.112],[76.561,25.104],[76.524,25.096],[76.487,25.096],[76.429,25.108],[76.359,25.116],[76.305,25.133],[76.268,25.141],[76.251,25.149],[76.235,25.149],[76.181,25.162],[76.144,25.162],[76.124,25.162],[76.082,25.17],[75.996,25.178],[75.942,25.19],[75.884,25.186],[75.839,25.174]]]}},{"type":"Feature","properties":{"type":"Major Highway","scalerank":4,"name":null},"geometry":{"type":"MultiLineString","coordinates":[[[73.9,25.067],[73.921,25.071],[73.933,25.083],[73.979,25.108],[73.999,25.112],[74.02,25.112],[74.07,25.104],[74.103,25.104],[74.185,25.116],[74.202,25.129],[74.226,25.153],[74.255,25.195],[74.272,25.207],[74.309,25.211],[74.379,25.199],[74.4,25.203],[74.461,25.227],[74.49,25.252],[74.511,25.265],[74.536,25.269],[74.614,25.314],[74.639,25.331]]]}},{"type":"Feature","properties":{"type":"Road","scalerank":4,"name":null},"geometry":{"type":"MultiLineString","coordinates":[[[92.201,25.446],[92.254,25.45],[92.3,25.446],[92.316,25.442],[92.32,25.421],[92.316,25.392],[92.328,25.372],[92.345,25.364],[92.353,25.343],[92.374,25.339],[92.386,25.293],[92.382,25.273],[92.386,25.244],[92.386,25.219],[92.386,25.19],[92.394,25.174],[92.394,25.157],[92.382,25.145],[92.386,25.129],[92.366,25.104],[92.361,25.096],[92.37,25.075],[92.403,25.058],[92.465,25.017],[92.489,24.984],[92.518,24.972],[92.572,24.959]]]}},{"type":"Feature","properties":{"type":"Road","scalerank":4,"name":null},"geometry":{"type":"MultiLineString","coordinates":[[[85.383,26.085],[85.371,26.061],[85.35,26.028],[85.325,25.991],[85.309,25.962],[85.296,25.912],[85.28,25.821],[85.28,25.776],[85.272,25.751],[85.243,25.698],[85.251,25.677],[85.251,25.665],[85.226,25.611],[85.206,25.586],[85.185,25.578],[85.148,25.574],[85.049,25.59],[85.008,25.59],[84.966,25.578],[84.9,25.566],[84.843,25.557],[84.81,25.562],[84.781,25.574],[84.756,25.582],[84.706,25.57],[84.673,25.553],[84.657,25.537],[84.632,25.508],[84.599,25.458],[84.583,25.425],[84.566,25.413],[84.537,25.401],[84.525,25.388],[84.496,25.376],[84.484,25.364],[84.455,25.347],[84.438,25.335],[84.414,25.326],[84.385,25.289],[84.356,25.265],[84.319,25.24],[84.278,25.223],[84.261,25.207],[84.228,25.174],[84.146,25.104],[84.084,25.058],[84.051,25.034],[84.038,25.013],[84.022,24.988],[84.009,24.955]]]}},{"type":"Feature","properties":{"type":"Major Highway","scalerank":3,"name":null},"geometry":{"type":"MultiLineString","coordinates":[[[84.009,24.955],[83.972,24.955],[83.927,24.959],[83.902,24.968],[83.857,24.992],[83.82,25.017],[83.787,25.038],[83.737,25.067],[83.721,25.075],[83.675,25.116],[83.634,25.153],[83.593,25.162],[83.552,25.203],[83.523,25.215],[83.449,25.223],[83.383,25.236],[83.312,25.248],[83.284,25.252],[83.18,25.252],[83.143,25.26],[83.081,25.302],[83.048,25.314],[83.007,25.347],[82.978,25.326],[82.933,25.293],[82.912,25.289],[82.834,25.277],[82.797,25.281],[82.768,25.281],[82.747,25.269],[82.648,25.256],[82.62,25.256],[82.562,25.265]]]}},{"type":"Feature","properties":{"type":"Major Highway","scalerank":3,"name":null},"geometry":{"type":"MultiLineString","coordinates":[[[67.532,25.096],[67.475,25.087],[67.454,25.079],[67.384,25.063],[67.322,25.038],[67.301,25.03],[67.281,25.025],[67.244,25.025],[67.223,25.025],[67.169,25.042],[67.153,25.046],[67.116,25.034],[67.083,24.992],[67.066,24.98],[67.058,24.964],[67.05,24.931],[67.021,24.889],[67.013,24.869]]]}},{"type":"Feature","properties":{"type":"Road","scalerank":4,"name":null},"geometry":{"type":"MultiLineString","coordinates":[[[66.666,25.388],[66.67,25.347],[66.687,25.31],[66.716,25.273],[66.74,25.215],[66.753,25.174],[66.765,25.141],[66.778,25.12],[66.811,25.096],[66.835,25.063],[66.856,25.046],[66.901,25.009],[66.93,24.976],[66.951,24.939],[66.98,24.902],[67.013,24.869]]]}},{"type":"Feature","properties":{"type":"Road","scalerank":3,"name":null},"geometry":{"type":"MultiLineString","coordinates":[[[93.747,25.904],[93.76,25.875],[93.784,25.809],[93.805,25.793],[93.805,25.78],[93.813,25.768],[93.838,25.755],[93.854,25.755],[93.9,25.764],[93.933,25.772],[93.949,25.755],[93.974,25.747],[93.995,25.731],[94.011,25.731],[94.032,25.714],[94.036,25.698],[94.048,25.681],[94.061,25.669],[94.094,25.665],[94.098,25.648],[94.11,25.636],[94.11,25.615],[94.127,25.59],[94.123,25.57],[94.139,25.557],[94.139,25.549],[94.131,25.537],[94.135,25.524],[94.135,25.504],[94.131,25.487],[94.139,25.458],[94.127,25.438],[94.11,25.43],[94.102,25.405],[94.069,25.339],[94.057,25.318],[94.04,25.281],[94.011,25.24],[93.958,25.116],[93.941,25.091],[93.912,25.013],[93.883,24.968],[93.879,24.951],[93.883,24.898],[93.9,24.877],[93.925,24.856],[93.933,24.848],[93.937,24.819],[93.933,24.786]]]}},{"type":"Feature","properties":{"type":"Major Highway","scalerank":3,"name":null},"geometry":{"type":"MultiLineString","coordinates":[[[84.009,24.955],[84.026,24.955],[84.075,24.943],[84.125,24.931],[84.187,24.893],[84.261,24.836],[84.311,24.799],[84.323,24.774],[84.348,24.766],[84.368,24.753]]]}},{"type":"Feature","properties":{"type":"Road","scalerank":3,"name":null},"geometry":{"type":"MultiLineString","coordinates":[[[72.911,24.662],[72.923,24.683],[72.948,24.708],[73.043,24.782],[73.043,24.799],[73.014,24.815],[72.931,24.86],[72.853,24.885],[72.836,24.893],[72.857,24.939],[72.882,24.968],[72.907,24.992],[72.964,25.05],[73.03,25.104],[73.059,25.133],[73.084,25.166],[73.125,25.232],[73.17,25.326],[73.191,25.372],[73.236,25.491],[73.261,25.541],[73.286,25.582],[73.302,25.615],[73.323,25.694],[73.323,25.743],[73.323,25.755]]]}},{"type":"Feature","properties":{"type":"Road","scalerank":3,"name":null},"geometry":{"type":"MultiLineString","coordinates":[[[77.311,24.646],[77.324,24.662],[77.357,24.72],[77.373,24.749],[77.431,24.815],[77.542,24.922],[77.559,24.943],[77.563,24.959],[77.579,25.013],[77.604,25.124],[77.604,25.145],[77.604,25.178],[77.608,25.203],[77.621,25.24],[77.629,25.273],[77.637,25.322],[77.641,25.364],[77.654,25.413]]]}},{"type":"Feature","properties":{"type":"Road","scalerank":4,"name":null},"geometry":{"type":"MultiLineString","coordinates":[[[82.562,25.265],[82.541,25.232],[82.537,25.219],[82.566,25.129],[82.558,25.12],[82.529,25.108],[82.5,25.079],[82.488,25.071],[82.438,25.046],[82.409,25.021],[82.376,25.013],[82.36,25.005],[82.314,24.968],[82.215,24.91],[82.166,24.869],[82.153,24.852],[82.125,24.844],[82.12,24.811],[82.116,24.799],[82.083,24.761],[82.05,24.745],[82.009,24.704],[82.005,24.7],[81.955,24.695],[81.914,24.675],[81.881,24.667],[81.844,24.671],[81.811,24.671],[81.749,24.679],[81.671,24.675],[81.63,24.667],[81.588,24.658],[81.551,24.642]]]}},{"type":"Feature","properties":{"type":"Major Highway","scalerank":4,"name":null},"geometry":{"type":"MultiLineString","coordinates":[[[73.9,25.067],[73.884,25.05],[73.851,25.009],[73.839,24.984],[73.826,24.955],[73.822,24.926],[73.81,24.898],[73.785,24.869],[73.773,24.84],[73.769,24.811],[73.752,24.778],[73.727,24.753],[73.719,24.737],[73.719,24.724],[73.736,24.687],[73.736,24.671],[73.707,24.629],[73.694,24.601],[73.694,24.568]]]}},{"type":"Feature","properties":{"type":"Road","scalerank":4,"name":null},"geometry":{"type":"MultiLineString","coordinates":[[[75.839,25.174],[75.831,25.157],[75.855,25.104],[75.876,25.046],[75.913,24.976],[75.946,24.914],[75.967,24.86],[75.979,24.844],[75.979,24.823],[75.967,24.807],[75.975,24.79],[75.992,24.77],[76.012,24.683],[76.033,24.646],[76.062,24.625],[76.157,24.584],[76.169,24.563],[76.169,24.547]]]}},{"type":"Feature","properties":{"type":"Road","scalerank":4,"name":null},"geometry":{"type":"MultiLineString","coordinates":[[[81.551,24.642],[81.514,24.625],[81.469,24.584],[81.448,24.58],[81.419,24.559],[81.395,24.551],[81.357,24.543],[81.32,24.535],[81.271,24.53],[81.254,24.526],[81.225,24.506],[81.197,24.489],[81.168,24.481]]]}},{"type":"Feature","properties":{"type":"Major Highway","scalerank":3,"name":null},"geometry":{"type":"MultiLineString","coordinates":[[[98.989,24.749],[98.965,24.749],[98.973,24.728],[98.969,24.72],[98.956,24.716],[98.948,24.724],[98.944,24.745],[98.936,24.749],[98.927,24.745],[98.919,24.724],[98.89,24.695],[98.857,24.671],[98.796,24.654],[98.771,24.638],[98.738,24.613],[98.692,24.576],[98.635,24.53],[98.618,24.514],[98.602,24.489],[98.585,24.448]]]}},{"type":"Feature","properties":{"type":"Major Highway","scalerank":3,"name":null},"geometry":{"type":"MultiLineString","coordinates":[[[84.368,24.753],[84.389,24.737],[84.443,24.708],[84.517,24.675],[84.603,24.642],[84.649,24.625],[84.715,24.601],[84.752,24.588],[84.843,24.547],[84.9,24.526],[84.925,24.518],[84.987,24.506],[85.057,24.485],[85.168,24.444],[85.214,24.423],[85.255,24.398],[85.276,24.378],[85.3,24.357],[85.333,24.341],[85.424,24.304]]]}},{"type":"Feature","properties":{"type":"Road","scalerank":3,"name":null},"geometry":{"type":"MultiLineString","coordinates":[[[97.43,25.322],[97.434,25.298],[97.443,25.273],[97.439,25.236],[97.443,25.215],[97.455,25.19],[97.467,25.174],[97.513,25.149],[97.558,25.133],[97.579,25.112],[97.583,25.075],[97.591,25.054],[97.571,24.988],[97.55,24.947],[97.542,24.922],[97.542,24.902],[97.509,24.844],[97.496,24.832],[97.48,24.803],[97.455,24.749],[97.463,24.741],[97.484,24.737],[97.488,24.724],[97.459,24.712],[97.443,24.695],[97.439,24.667],[97.451,24.646],[97.472,24.621],[97.472,24.613],[97.455,24.592],[97.459,24.572],[97.455,24.551],[97.418,24.481],[97.406,24.452],[97.406,24.407],[97.43,24.337],[97.418,24.32],[97.368,24.279],[97.373,24.271],[97.36,24.25]]]}},{"type":"Feature","properties":{"type":"Road","scalerank":3,"name":null},"geometry":{"type":"MultiLineString","coordinates":[[[93.933,24.786],[93.937,24.728],[93.945,24.687],[93.962,24.667],[94.007,24.634],[94.019,24.613],[94.028,24.588],[94.024,24.547],[94.011,24.51],[94.011,24.489],[94.019,24.46],[94.036,24.452],[94.061,24.427],[94.09,24.431],[94.098,24.423],[94.114,24.403],[94.147,24.386],[94.172,24.365],[94.197,24.353],[94.209,24.341],[94.226,24.337],[94.255,24.304],[94.275,24.291],[94.283,24.258],[94.304,24.234]]]}},{"type":"Feature","properties":{"type":"Road","scalerank":3,"name":null},"geometry":{"type":"MultiLineString","coordinates":[[[97.36,24.25],[97.344,24.246],[97.286,24.254],[97.253,24.254],[97.241,24.246],[97.245,24.229],[97.265,24.213],[97.282,24.172]]]}},{"type":"Feature","properties":{"type":"Road","scalerank":3,"name":null},"geometry":{"type":"MultiLineString","coordinates":[[[72.42,24.172],[72.482,24.155],[72.502,24.155],[72.523,24.163],[72.568,24.209],[72.593,24.229],[72.63,24.254],[72.655,24.287],[72.671,24.337],[72.671,24.37],[72.692,24.398],[72.713,24.411],[72.742,24.44],[72.766,24.469],[72.779,24.502],[72.795,24.535],[72.808,24.547],[72.845,24.576],[72.882,24.634],[72.911,24.662]]]}},{"type":"Feature","properties":{"type":"Major Highway","scalerank":3,"name":null},"geometry":{"type":"MultiLineString","coordinates":[[[98.585,24.448],[98.552,24.423],[98.486,24.39],[98.395,24.349],[98.346,24.328],[98.301,24.312],[98.284,24.3],[98.259,24.254],[98.226,24.225],[98.144,24.18],[98.098,24.155],[98.086,24.139],[98.065,24.126],[98.057,24.106],[98.041,24.097]]]}},{"type":"Feature","properties":{"type":"Road","scalerank":3,"name":null},"geometry":{"type":"MultiLineString","coordinates":[[[97.962,24.011],[98.02,24.04],[98.037,24.052],[98.045,24.069],[98.041,24.097]]]}},{"type":"Feature","properties":{"type":"Major Highway","scalerank":4,"name":null},"geometry":{"type":"MultiLineString","coordinates":[[[73.694,24.568],[73.69,24.547],[73.678,24.53],[73.665,24.502],[73.665,24.473],[73.641,24.44],[73.637,24.423],[73.637,24.374],[73.678,24.328],[73.682,24.312],[73.678,24.283],[73.678,24.267],[73.698,24.229],[73.707,24.213],[73.707,24.196],[73.698,24.163],[73.698,24.143],[73.707,24.11],[73.661,24.036],[73.649,24.003],[73.595,23.994],[73.591,23.99]]]}},{"type":"Feature","properties":{"type":"Road","scalerank":3,"name":null},"geometry":{"type":"MultiLineString","coordinates":[[[77.311,24.646],[77.299,24.634],[77.27,24.605],[77.237,24.563],[77.204,24.535],[77.196,24.502],[77.196,24.469],[77.171,24.419],[77.113,24.337],[77.064,24.246],[77.031,24.176],[77.01,24.122],[76.986,24.077],[76.973,24.044],[76.961,23.99],[76.948,23.961],[76.932,23.928],[76.907,23.899],[76.899,23.891]]]}},{"type":"Feature","properties":{"type":"Road","scalerank":3,"name":null},"geometry":{"type":"MultiLineString","coordinates":[[[72.346,23.879],[72.346,23.945],[72.35,23.982],[72.374,24.044],[72.391,24.11],[72.403,24.139],[72.42,24.172]]]}},{"type":"Feature","properties":{"type":"Major Highway","scalerank":3,"name":null},"geometry":{"type":"MultiLineString","coordinates":[[[85.424,24.304],[85.449,24.291],[85.482,24.271],[85.556,24.196],[85.581,24.176],[85.601,24.168],[85.684,24.139],[85.717,24.114],[85.729,24.106],[85.766,24.097],[85.804,24.081],[85.837,24.073],[85.87,24.073],[85.907,24.056],[85.964,24.031],[86.002,24.011],[86.018,23.994],[86.047,23.986],[86.072,23.97],[86.113,23.941],[86.158,23.92],[86.228,23.899],[86.27,23.895],[86.393,23.871],[86.509,23.838]]]}},{"type":"Feature","properties":{"type":"Road","scalerank":3,"name":null},"geometry":{"type":"MultiLineString","coordinates":[[[97.962,24.011],[97.934,23.998],[97.884,23.961],[97.835,23.932],[97.793,23.908],[97.756,23.883],[97.723,23.862],[97.674,23.842],[97.653,23.833],[97.616,23.829],[97.599,23.842],[97.558,23.891],[97.546,23.916],[97.509,23.932],[97.496,23.941],[97.459,23.949],[97.426,23.949],[97.414,23.961],[97.41,23.974],[97.393,23.982],[97.377,24.003],[97.34,24.027],[97.327,24.048],[97.327,24.081],[97.307,24.118],[97.282,24.172]]]}},{"type":"Feature","properties":{"type":"Road","scalerank":4,"name":null},"geometry":{"type":"MultiLineString","coordinates":[[[91.273,23.838],[91.285,23.833],[91.318,23.833],[91.351,23.842],[91.367,23.838],[91.388,23.821],[91.409,23.821],[91.438,23.825],[91.458,23.825],[91.483,23.817],[91.508,23.813],[91.541,23.817],[91.565,23.809],[91.582,23.817],[91.598,23.817],[91.627,23.825],[91.631,23.842],[91.664,23.842],[91.693,23.846],[91.718,23.862],[91.817,23.866],[91.838,23.871],[91.858,23.899],[91.916,23.912],[91.949,23.928],[91.957,23.937],[91.957,23.957],[91.99,23.998],[92.007,24.011],[92.019,24.056],[92.019,24.081],[92.007,24.102],[92.007,24.122],[92.027,24.143],[92.097,24.168],[92.126,24.201],[92.159,24.217],[92.196,24.267],[92.205,24.308],[92.229,24.316],[92.242,24.324],[92.25,24.361],[92.25,24.423],[92.258,24.456],[92.267,24.497],[92.267,24.53],[92.279,24.543],[92.316,24.568],[92.324,24.596],[92.328,24.629],[92.341,24.654],[92.353,24.695],[92.357,24.745],[92.366,24.757],[92.374,24.79],[92.378,24.844],[92.411,24.832],[92.436,24.836],[92.477,24.856],[92.493,24.856],[92.518,24.86],[92.555,24.856],[92.568,24.865],[92.58,24.885],[92.588,24.922],[92.584,24.955],[92.572,24.959]]]}},{"type":"Feature","properties":{"type":"Road","scalerank":4,"name":null},"geometry":{"type":"MultiLineString","coordinates":[[[90.34,23.784],[90.312,23.792],[90.262,23.788],[90.213,23.8],[90.184,23.805],[90.105,23.809],[90.064,23.809],[90.015,23.838],[89.973,23.842],[89.928,23.854],[89.891,23.858],[89.833,23.85],[89.792,23.842]]]}},{"type":"Feature","properties":{"type":"Road","scalerank":4,"name":null},"geometry":{"type":"MultiLineString","coordinates":[[[91.128,23.734],[91.169,23.772],[91.19,23.8],[91.215,23.825],[91.248,23.833],[91.273,23.838]]]}},{"type":"Feature","properties":{"type":"Road","scalerank":4,"name":null},"geometry":{"type":"MultiLineString","coordinates":[[[76.169,24.547],[76.169,24.514],[76.177,24.477],[76.181,24.444],[76.152,24.345],[76.148,24.312],[76.148,24.279],[76.165,24.221],[76.165,24.188],[76.152,24.139],[76.144,24.089],[76.14,24.052],[76.136,24.003],[76.124,23.982],[76.103,23.953],[76.099,23.92],[76.107,23.879],[76.103,23.862],[76.091,23.85],[76.074,23.805],[76.016,23.718]]]}},{"type":"Feature","properties":{"type":"Road","scalerank":4,"name":null},"geometry":{"type":"MultiLineString","coordinates":[[[89.78,23.776],[89.767,23.743],[89.734,23.714],[89.726,23.701],[89.726,23.685]]]}},{"type":"Feature","properties":{"type":"Major Highway","scalerank":3,"name":null},"geometry":{"type":"MultiLineString","coordinates":[[[86.509,23.838],[86.575,23.813],[86.604,23.805],[86.649,23.796],[86.694,23.788],[86.715,23.784],[86.765,23.759],[86.806,23.751],[86.855,23.73],[86.905,23.706],[86.967,23.689],[87.008,23.677],[87.037,23.677],[87.062,23.668],[87.123,23.64]]]}},{"type":"Feature","properties":{"type":"Road","scalerank":4,"name":null},"geometry":{"type":"MultiLineString","coordinates":[[[90.609,23.611],[90.576,23.644],[90.547,23.66],[90.526,23.701],[90.501,23.693],[90.489,23.718],[90.477,23.722],[90.448,23.71],[90.419,23.706],[90.406,23.714],[90.394,23.755]]]}},{"type":"Feature","properties":{"type":"Road","scalerank":3,"name":null},"geometry":{"type":"MultiLineString","coordinates":[[[97.822,23.598],[97.835,23.656],[97.835,23.677],[97.826,23.693],[97.847,23.714],[97.868,23.73],[97.88,23.755],[97.913,23.78],[97.917,23.788],[97.946,23.821],[97.991,23.862],[98.004,23.887],[98.008,23.92],[98.004,23.949],[97.975,24.003],[97.962,24.011]]]}},{"type":"Feature","properties":{"type":"Major Highway","scalerank":4,"name":null},"geometry":{"type":"MultiLineString","coordinates":[[[73.591,23.99],[73.571,23.957],[73.562,23.928],[73.538,23.899],[73.529,23.871],[73.529,23.817],[73.525,23.8],[73.517,23.784],[73.476,23.759],[73.43,23.747],[73.356,23.681],[73.335,23.668],[73.323,23.656],[73.294,23.611],[73.253,23.59],[73.203,23.582]]]}},{"type":"Feature","properties":{"type":"Major Highway","scalerank":4,"name":null},"geometry":{"type":"MultiLineString","coordinates":[[[73.203,23.582],[73.195,23.582],[73.162,23.602],[73.146,23.607],[73.113,23.607],[73.088,23.598],[73.055,23.598],[72.993,23.582],[72.977,23.582]]]}},{"type":"Feature","properties":{"type":"Road","scalerank":3,"name":null},"geometry":{"type":"MultiLineString","coordinates":[[[76.899,23.891],[76.808,23.788],[76.759,23.73],[76.742,23.718],[76.722,23.71],[76.68,23.689],[76.61,23.644],[76.59,23.631],[76.528,23.607],[76.491,23.582],[76.47,23.569]]]}},{"type":"Feature","properties":{"type":"Road","scalerank":4,"name":null},"geometry":{"type":"MultiLineString","coordinates":[[[90.679,23.541],[90.65,23.549],[90.633,23.569],[90.625,23.59]]]}},{"type":"Feature","properties":{"type":"Road","scalerank":3,"name":null},"geometry":{"type":"MultiLineString","coordinates":[[[87.833,25.871],[87.862,25.867],[87.895,25.863],[87.919,25.854],[87.932,25.846],[87.932,25.834],[87.924,25.805],[87.928,25.788],[87.948,25.776],[87.969,25.751],[88.002,25.739],[88.014,25.735],[88.051,25.698],[88.084,25.681],[88.097,25.652],[88.13,25.623],[88.146,25.557],[88.163,25.516],[88.179,25.491],[88.183,25.458],[88.171,25.339],[88.171,25.293],[88.171,25.24],[88.183,25.207],[88.183,25.178],[88.171,25.153],[88.15,25.124],[88.142,25.1],[88.146,25.075],[88.138,25.058],[88.134,25.038],[88.146,24.997],[88.142,24.972],[88.122,24.931],[88.08,24.889],[88.056,24.877],[88.031,24.86],[88.002,24.844],[87.99,24.815],[87.977,24.811],[87.948,24.811],[87.932,24.807],[87.919,24.782],[87.924,24.737],[87.928,24.695],[87.944,24.654],[87.969,24.625],[87.998,24.609],[88.014,24.592],[88.023,24.568],[88.027,24.535],[88.043,24.481],[88.068,24.436],[88.072,24.415],[88.064,24.39],[88.047,24.365],[88.035,24.341],[88.031,24.324],[88.039,24.3],[88.072,24.271],[88.097,24.242],[88.13,24.213],[88.15,24.196],[88.171,24.18],[88.229,24.126],[88.258,24.093],[88.286,24.093],[88.262,24.06],[88.253,24.04],[88.253,23.99],[88.245,23.957],[88.241,23.908],[88.249,23.879],[88.249,23.854],[88.262,23.821],[88.266,23.788],[88.291,23.759],[88.295,23.747],[88.303,23.701],[88.315,23.673],[88.352,23.631],[88.39,23.611],[88.41,23.578],[88.427,23.565],[88.447,23.524]]]}},{"type":"Feature","properties":{"type":"Road","scalerank":4,"name":null},"geometry":{"type":"MultiLineString","coordinates":[[[91.182,23.462],[91.19,23.487],[91.19,23.512],[91.186,23.536],[91.161,23.59],[91.153,23.619],[91.149,23.664],[91.124,23.706],[91.12,23.722],[91.128,23.734]]]}},{"type":"Feature","properties":{"type":"Road","scalerank":4,"name":null},"geometry":{"type":"MultiLineString","coordinates":[[[90.72,23.536],[90.741,23.516],[90.765,23.524],[90.782,23.524],[90.831,23.528],[90.872,23.508],[90.905,23.495],[90.943,23.495],[90.992,23.487],[91.033,23.479],[91.112,23.475],[91.153,23.47],[91.182,23.462]]]}},{"type":"Feature","properties":{"type":"Road","scalerank":3,"name":null},"geometry":{"type":"MultiLineString","coordinates":[[[97.938,23.458],[97.917,23.503],[97.917,23.528],[97.921,23.541],[97.917,23.549],[97.901,23.549],[97.892,23.565],[97.876,23.569],[97.839,23.565],[97.822,23.59],[97.822,23.598]]]}},{"type":"Feature","properties":{"type":"Road","scalerank":4,"name":null},"geometry":{"type":"MultiLineString","coordinates":[[[85.424,24.304],[85.412,24.279],[85.412,24.25],[85.412,24.234],[85.387,24.163],[85.387,24.122],[85.395,24.093],[85.395,24.069],[85.387,24.023],[85.375,23.982],[85.383,23.945],[85.42,23.895],[85.441,23.875],[85.445,23.862],[85.453,23.829],[85.469,23.809],[85.478,23.788],[85.49,23.776],[85.519,23.714],[85.515,23.685],[85.523,23.668],[85.527,23.627],[85.535,23.607],[85.535,23.59],[85.527,23.565],[85.511,23.545],[85.507,23.516],[85.486,23.499],[85.474,23.479],[85.449,23.462],[85.408,23.417],[85.383,23.396],[85.342,23.372]]]}},{"type":"Feature","properties":{"type":"Major Highway","scalerank":5,"name":null},"geometry":{"type":"MultiLineString","coordinates":[[[71.591,24.073],[71.587,24.031],[71.583,23.961],[71.583,23.928],[71.591,23.858],[71.603,23.821],[71.595,23.805],[71.578,23.8],[71.521,23.796],[71.467,23.78],[71.446,23.776],[71.413,23.78],[71.376,23.788],[71.339,23.792],[71.281,23.796],[71.253,23.792],[71.174,23.776],[71.154,23.763],[71.117,23.73],[71.042,23.635],[71.009,23.598],[70.98,23.574],[70.964,23.541],[70.96,23.512],[70.931,23.458],[70.886,23.413],[70.865,23.405],[70.832,23.409],[70.795,23.388],[70.774,23.38],[70.696,23.384],[70.675,23.384],[70.642,23.372],[70.589,23.339],[70.547,23.322],[70.498,23.31]]]}},{"type":"Feature","properties":{"type":"Road","scalerank":3,"name":null},"geometry":{"type":"MultiLineString","coordinates":[[[97.971,23.306],[97.983,23.33],[97.962,23.343],[97.958,23.351],[97.95,23.446],[97.938,23.458]]]}},{"type":"Feature","properties":{"type":"Road","scalerank":3,"name":null},"geometry":{"type":"MultiLineString","coordinates":[[[97.917,23.235],[97.942,23.26],[97.971,23.306]]]}},{"type":"Feature","properties":{"type":"Road","scalerank":3,"name":null},"geometry":{"type":"MultiLineString","coordinates":[[[72.478,23.227],[72.453,23.248],[72.44,23.268],[72.432,23.326],[72.428,23.343],[72.407,23.38],[72.395,23.417],[72.395,23.454],[72.395,23.466],[72.383,23.487],[72.354,23.524],[72.354,23.545],[72.362,23.594],[72.366,23.64],[72.362,23.673],[72.354,23.739],[72.354,23.772],[72.346,23.879]]]}},{"type":"Feature","properties":{"type":"Road","scalerank":3,"name":null},"geometry":{"type":"MultiLineString","coordinates":[[[94.102,23.227],[94.114,23.256],[94.106,23.277],[94.09,23.289],[94.085,23.31],[94.106,23.347],[94.11,23.421],[94.127,23.475],[94.123,23.516],[94.131,23.586],[94.135,23.611],[94.143,23.66],[94.156,23.722],[94.156,23.747],[94.151,23.813],[94.16,23.85],[94.176,23.883],[94.193,23.932],[94.217,23.965],[94.23,23.994],[94.234,24.015],[94.25,24.052],[94.263,24.081],[94.267,24.097],[94.275,24.135],[94.279,24.147],[94.3,24.192],[94.308,24.217],[94.304,24.234]]]}},{"type":"Feature","properties":{"type":"Road","scalerank":4,"name":null},"geometry":{"type":"MultiLineString","coordinates":[[[81.168,24.481],[81.147,24.464],[81.106,24.423],[81.023,24.337],[80.99,24.32],[80.962,24.304],[80.933,24.283],[80.916,24.275],[80.875,24.279],[80.863,24.279],[80.834,24.267],[80.805,24.262],[80.755,24.246],[80.722,24.209],[80.702,24.192],[80.623,24.147],[80.57,24.122],[80.553,24.106],[80.553,24.102],[80.491,24.056],[80.467,24.036],[80.425,23.998],[80.413,23.994],[80.405,23.978],[80.405,23.932],[80.401,23.891],[80.392,23.846],[80.384,23.833],[80.351,23.788],[80.339,23.759],[80.326,23.726],[80.26,23.644],[80.231,23.615],[80.186,23.578],[80.161,23.549],[80.112,23.503],[80.087,23.47],[80.083,23.437],[80.058,23.409],[80.025,23.372],[80.021,23.343],[80.013,23.33],[79.992,23.306],[79.98,23.289],[79.963,23.248],[79.951,23.215],[79.939,23.19],[79.947,23.169]]]}},{"type":"Feature","properties":{"type":"Road","scalerank":4,"name":null},"geometry":{"type":"MultiLineString","coordinates":[[[89.829,23.598],[89.808,23.586],[89.796,23.578],[89.775,23.541],[89.755,23.52],[89.714,23.503],[89.701,23.495],[89.664,23.433],[89.639,23.417],[89.606,23.4],[89.586,23.376],[89.532,23.339],[89.499,23.334],[89.466,23.318],[89.437,23.314],[89.417,23.297],[89.371,23.281],[89.355,23.26],[89.355,23.227],[89.346,23.215],[89.326,23.207],[89.301,23.194],[89.276,23.169],[89.231,23.157]]]}},{"type":"Feature","properties":{"type":"Major Highway","scalerank":4,"name":null},"geometry":{"type":"MultiLineString","coordinates":[[[72.977,23.582],[72.964,23.569],[72.935,23.557],[72.894,23.487],[72.845,23.45],[72.812,23.4],[72.791,23.355],[72.775,23.326],[72.758,23.277],[72.75,23.26],[72.729,23.248],[72.717,23.231],[72.713,23.215],[72.709,23.178],[72.688,23.132],[72.676,23.103],[72.651,23.075],[72.589,23.033]]]}},{"type":"Feature","properties":{"type":"Road","scalerank":3,"name":null},"geometry":{"type":"MultiLineString","coordinates":[[[72.589,23.033],[72.577,23.116],[72.568,23.149],[72.56,23.165],[72.548,23.182],[72.498,23.211],[72.478,23.227]]]}},{"type":"Feature","properties":{"type":"Road","scalerank":4,"name":null},"geometry":{"type":"MultiLineString","coordinates":[[[91.182,23.462],[91.211,23.458],[91.219,23.446],[91.227,23.396],[91.235,23.376],[91.252,23.351],[91.277,23.326],[91.285,23.306],[91.293,23.256],[91.301,23.211],[91.31,23.145],[91.318,23.112],[91.326,23.095],[91.367,23.058],[91.38,23.037],[91.388,23.009]]]}},{"type":"Feature","properties":{"type":"Road","scalerank":3,"name":null},"geometry":{"type":"MultiLineString","coordinates":[[[97.764,22.934],[97.769,22.947],[97.773,22.976],[97.769,23.029],[97.781,23.062],[97.793,23.083],[97.826,23.103],[97.855,23.149],[97.872,23.169],[97.884,23.19],[97.909,23.219],[97.917,23.235]]]}},{"type":"Feature","properties":{"type":"Road","scalerank":3,"name":null},"geometry":{"type":"MultiLineString","coordinates":[[[94.102,23.227],[94.118,23.227],[94.143,23.24],[94.164,23.256],[94.184,23.252],[94.197,23.227],[94.222,23.219],[94.23,23.211],[94.25,23.215],[94.263,23.211],[94.312,23.223],[94.333,23.219],[94.349,23.198],[94.354,23.174],[94.362,23.169],[94.37,23.174],[94.391,23.178],[94.428,23.186],[94.469,23.178],[94.531,23.169],[94.551,23.169],[94.572,23.178],[94.593,23.194],[94.613,23.202],[94.626,23.202],[94.642,23.215],[94.663,23.215],[94.7,23.231],[94.721,23.231],[94.758,23.231],[94.782,23.223],[94.795,23.194],[94.795,23.165],[94.815,23.157],[94.84,23.157],[94.865,23.149],[94.877,23.145],[94.902,23.12],[94.914,23.091],[94.956,23.087],[94.972,23.079],[94.989,23.05],[95.042,23.021],[95.055,23.021],[95.092,23.029],[95.121,23],[95.133,22.996],[95.162,22.996],[95.195,22.98],[95.211,22.959],[95.236,22.934],[95.244,22.93],[95.277,22.943],[95.306,22.938],[95.327,22.943],[95.368,22.943]]]}},{"type":"Feature","properties":{"type":"Road","scalerank":3,"name":null},"geometry":{"type":"MultiLineString","coordinates":[[[97.694,22.852],[97.715,22.897],[97.74,22.918],[97.764,22.934]]]}},{"type":"Feature","properties":{"type":"Major Highway","scalerank":3,"name":null},"geometry":{"type":"MultiLineString","coordinates":[[[78.578,25.434],[78.557,25.392],[78.557,25.372],[78.516,25.298],[78.503,25.273],[78.479,25.248],[78.47,25.227],[78.462,25.19],[78.466,25.137],[78.462,25.104],[78.454,25.083],[78.433,25.046],[78.429,25.025],[78.458,24.988],[78.479,24.955],[78.487,24.931],[78.491,24.898],[78.483,24.848],[78.462,24.799],[78.446,24.77],[78.421,24.708],[78.425,24.679],[78.441,24.662],[78.45,24.646],[78.441,24.625],[78.45,24.601],[78.495,24.514],[78.52,24.464],[78.532,24.427],[78.54,24.394],[78.528,24.332],[78.528,24.308],[78.536,24.287],[78.569,24.242],[78.578,24.229],[78.606,24.122],[78.606,24.097],[78.627,24.073],[78.635,24.048],[78.664,23.982],[78.677,23.961],[78.685,23.941],[78.71,23.916],[78.759,23.854],[78.796,23.842],[78.804,23.821],[78.813,23.8],[78.821,23.693],[78.833,23.652],[78.837,23.631],[78.85,23.602],[78.883,23.569],[78.903,23.545],[78.932,23.524],[78.941,23.512],[78.965,23.495],[78.982,23.475],[78.99,23.454],[79.011,23.425],[79.019,23.4],[79.035,23.347],[79.056,23.281],[79.056,23.231],[79.052,23.207],[79.035,23.178],[79.035,23.145],[79.035,23.075],[79.027,23.025],[79.023,22.988],[79.023,22.963],[79.027,22.955],[79.06,22.918],[79.064,22.914],[79.114,22.926],[79.2,22.959],[79.217,22.959],[79.242,22.938],[79.262,22.926],[79.316,22.856],[79.341,22.848]]]}},{"type":"Feature","properties":{"type":"Road","scalerank":4,"name":null},"geometry":{"type":"MultiLineString","coordinates":[[[95.607,22.897],[95.603,22.868],[95.607,22.848],[95.611,22.798],[95.636,22.761]]]}},{"type":"Feature","properties":{"type":"Road","scalerank":3,"name":null},"geometry":{"type":"MultiLineString","coordinates":[[[95.368,22.943],[95.38,22.922],[95.389,22.893],[95.413,22.852],[95.422,22.835],[95.43,22.802],[95.43,22.757]]]}},{"type":"Feature","properties":{"type":"Road","scalerank":3,"name":null},"geometry":{"type":"MultiLineString","coordinates":[[[95.636,22.761],[95.607,22.761],[95.57,22.749],[95.537,22.749],[95.5,22.74],[95.43,22.757]]]}},{"type":"Feature","properties":{"type":"Road","scalerank":3,"name":null},"geometry":{"type":"MultiLineString","coordinates":[[[76.47,23.569],[76.441,23.541],[76.404,23.516],[76.371,23.487],[76.338,23.462],[76.301,23.437],[76.268,23.417],[76.235,23.384],[76.157,23.306],[76.14,23.273],[76.14,23.26],[76.14,23.227],[76.157,23.161],[76.157,23.128],[76.148,23.095],[76.128,23.054],[76.119,23.021],[76.091,22.996],[76.045,22.967],[76.016,22.943],[75.983,22.914],[75.963,22.885],[75.942,22.835],[75.913,22.794],[75.884,22.753],[75.855,22.724]]]}},{"type":"Feature","properties":{"type":"Road","scalerank":4,"name":null},"geometry":{"type":"MultiLineString","coordinates":[[[76.016,23.718],[76.004,23.718],[75.992,23.706],[75.987,23.677],[75.942,23.598],[75.901,23.553],[75.893,23.541],[75.901,23.508],[75.868,23.433],[75.851,23.388],[75.835,23.355],[75.814,23.297],[75.789,23.244],[75.777,23.207],[75.781,23.169],[75.802,23.116],[75.818,23.079],[75.822,23.058],[75.827,22.996],[75.843,22.951],[75.843,22.934],[75.835,22.852],[75.835,22.815],[75.851,22.761],[75.855,22.724]]]}},{"type":"Feature","properties":{"type":"Road","scalerank":4,"name":null},"geometry":{"type":"MultiLineString","coordinates":[[[89.231,23.157],[89.165,23.132],[89.12,23.116],[89.099,23.103],[89.074,23.099],[89.045,23.079],[89.017,23.066],[88.963,23.066],[88.909,23.054],[88.885,23.05],[88.847,23.058],[88.835,23.05],[88.802,23.009],[88.786,22.976],[88.711,22.901],[88.67,22.848],[88.629,22.806],[88.592,22.778],[88.546,22.745],[88.517,22.728],[88.476,22.707]]]}},{"type":"Feature","properties":{"type":"Road","scalerank":3,"name":null},"geometry":{"type":"MultiLineString","coordinates":[[[88.447,23.524],[88.46,23.454],[88.472,23.429],[88.497,23.409],[88.497,23.405],[88.476,23.372],[88.439,23.297],[88.447,23.277],[88.439,23.248],[88.517,23.223],[88.538,23.207],[88.571,23.178],[88.575,23.165],[88.575,23.141],[88.567,23.12],[88.55,23.095],[88.538,23.013],[88.55,22.996],[88.55,22.971],[88.559,22.926],[88.555,22.901],[88.542,22.872],[88.517,22.802],[88.497,22.753],[88.476,22.707]]]}},{"type":"Feature","properties":{"type":"Road","scalerank":3,"name":null},"geometry":{"type":"MultiLineString","coordinates":[[[72.845,22.703],[72.828,22.703],[72.742,22.707],[72.684,22.707],[72.676,22.724],[72.684,22.74],[72.643,22.778],[72.618,22.815],[72.601,22.852],[72.593,22.893],[72.589,22.963],[72.593,23.017],[72.589,23.033]]]}},{"type":"Feature","properties":{"type":"Road","scalerank":3,"name":null},"geometry":{"type":"MultiLineString","coordinates":[[[97.393,22.617],[97.414,22.625],[97.447,22.629],[97.48,22.65],[97.5,22.674],[97.533,22.691],[97.566,22.716],[97.624,22.745],[97.657,22.778],[97.678,22.806],[97.682,22.827],[97.694,22.852]]]}},{"type":"Feature","properties":{"type":"Road","scalerank":3,"name":null},"geometry":{"type":"MultiLineString","coordinates":[[[97.294,22.625],[97.294,22.608],[97.307,22.604],[97.323,22.621],[97.344,22.625],[97.373,22.613],[97.393,22.617]]]}},{"type":"Feature","properties":{"type":"Major Highway","scalerank":3,"name":null},"geometry":{"type":"MultiLineString","coordinates":[[[87.123,23.64],[87.152,23.615],[87.185,23.607],[87.243,23.578],[87.301,23.536],[87.396,23.483],[87.47,23.462],[87.486,23.45],[87.532,23.409],[87.556,23.396],[87.639,23.359],[87.713,23.33],[87.833,23.268],[87.858,23.252],[87.87,23.235],[87.891,23.223],[88.01,23.207],[88.047,23.198],[88.117,23.169],[88.142,23.153],[88.171,23.12],[88.183,23.112],[88.225,23.108],[88.274,23.095],[88.311,23.075],[88.332,23.058],[88.357,23.033],[88.385,22.996],[88.398,22.971],[88.385,22.922],[88.361,22.852],[88.344,22.786],[88.344,22.757],[88.348,22.703],[88.348,22.666],[88.34,22.629],[88.328,22.6]]]}},{"type":"Feature","properties":{"type":"Road","scalerank":4,"name":null},"geometry":{"type":"MultiLineString","coordinates":[[[79.947,23.169],[79.935,23.145],[79.93,23.112],[79.897,23.029],[79.889,23],[79.852,22.938],[79.84,22.922],[79.827,22.893],[79.819,22.881],[79.798,22.872],[79.778,22.848],[79.724,22.749],[79.72,22.74],[79.687,22.687],[79.671,22.67],[79.662,22.641],[79.617,22.604],[79.613,22.596]]]}},{"type":"Feature","properties":{"type":"Major Highway","scalerank":3,"name":null},"geometry":{"type":"MultiLineString","coordinates":[[[79.341,22.848],[79.369,22.844],[79.386,22.835],[79.411,22.831],[79.423,22.815],[79.448,22.757],[79.477,22.749],[79.485,22.724],[79.501,22.724],[79.514,22.72],[79.518,22.67],[79.522,22.65],[79.555,22.637],[79.576,22.621],[79.609,22.604],[79.613,22.596]]]}},{"type":"Feature","properties":{"type":"Road","scalerank":3,"name":null},"geometry":{"type":"MultiLineString","coordinates":[[[88.476,22.707],[88.451,22.658],[88.431,22.637],[88.377,22.604],[88.365,22.588]]]}},{"type":"Feature","properties":{"type":"Road","scalerank":3,"name":null},"geometry":{"type":"MultiLineString","coordinates":[[[88.328,22.6],[88.328,22.588],[88.365,22.588]]]}},{"type":"Feature","properties":{"type":"Road","scalerank":4,"name":null},"geometry":{"type":"MultiLineString","coordinates":[[[95.698,22.567],[95.698,22.58],[95.677,22.633],[95.653,22.695],[95.636,22.761]]]}},{"type":"Feature","properties":{"type":"Road","scalerank":4,"name":null},"geometry":{"type":"MultiLineString","coordinates":[[[85.342,23.372],[85.333,23.367],[85.329,23.334],[85.329,23.31],[85.321,23.268],[85.305,23.227],[85.272,23.165],[85.272,23.153],[85.276,23.124],[85.284,23.062],[85.292,23.013],[85.292,22.967],[85.276,22.938],[85.284,22.91],[85.3,22.897],[85.317,22.889],[85.325,22.877],[85.346,22.848],[85.366,22.827],[85.366,22.806],[85.362,22.786],[85.375,22.778],[85.404,22.773],[85.424,22.778],[85.441,22.778],[85.465,22.769],[85.49,22.745],[85.498,22.728],[85.519,22.72],[85.581,22.712],[85.622,22.679],[85.634,22.674],[85.663,22.67],[85.676,22.666],[85.738,22.629],[85.766,22.604],[85.812,22.551]]]}},{"type":"Feature","properties":{"type":"Road","scalerank":3,"name":null},"geometry":{"type":"MultiLineString","coordinates":[[[97.026,22.51],[97.047,22.526],[97.067,22.542],[97.084,22.538],[97.104,22.547],[97.133,22.551],[97.175,22.551],[97.195,22.555],[97.224,22.571],[97.253,22.613],[97.278,22.625],[97.294,22.625]]]}},{"type":"Feature","properties":{"type":"Major Highway","scalerank":5,"name":null},"geometry":{"type":"MultiLineString","coordinates":[[[70.498,23.31],[70.551,23.301],[70.584,23.289],[70.65,23.244],[70.704,23.182],[70.729,23.149],[70.766,23.095],[70.782,23.058],[70.815,22.963],[70.828,22.901],[70.832,22.864],[70.84,22.848],[70.881,22.798],[70.914,22.769],[70.931,22.753],[70.952,22.716],[70.947,22.683],[70.939,22.65],[70.943,22.617],[70.989,22.563],[71.001,22.547],[71.022,22.493],[71.034,22.472],[71.063,22.431],[71.075,22.423]]]}},{"type":"Feature","properties":{"type":"Road","scalerank":4,"name":null},"geometry":{"type":"MultiLineString","coordinates":[[[71.075,22.423],[71.096,22.415],[71.129,22.415],[71.187,22.431],[71.207,22.439],[71.302,22.501],[71.343,22.518],[71.492,22.534],[71.545,22.542],[71.706,22.563],[71.781,22.567],[71.855,22.575],[71.913,22.584],[72.024,22.6],[72.061,22.608],[72.119,22.617],[72.148,22.621],[72.168,22.633],[72.201,22.658],[72.226,22.691],[72.238,22.72],[72.292,22.761],[72.321,22.79],[72.366,22.848],[72.436,22.922],[72.465,22.967],[72.482,22.98],[72.502,22.992],[72.544,23.009],[72.589,23.033]]]}},{"type":"Feature","properties":{"type":"Major Highway","scalerank":3,"name":null},"geometry":{"type":"MultiLineString","coordinates":[[[88.328,22.6],[88.278,22.613],[88.266,22.613],[88.241,22.596],[88.192,22.584],[88.179,22.58],[88.163,22.559],[88.146,22.514],[88.134,22.497],[88.122,22.489],[88.056,22.489],[88.014,22.472],[87.928,22.468],[87.907,22.468],[87.886,22.452],[87.874,22.439],[87.845,22.439],[87.783,22.415],[87.705,22.406],[87.676,22.406],[87.627,22.394],[87.585,22.394],[87.552,22.394],[87.528,22.394],[87.482,22.394],[87.453,22.394],[87.396,22.382],[87.33,22.369]]]}},{"type":"Feature","properties":{"type":"Road","scalerank":4,"name":null},"geometry":{"type":"MultiLineString","coordinates":[[[91.388,23.009],[91.4,22.992],[91.429,22.967],[91.462,22.947],[91.475,22.934],[91.524,22.868],[91.59,22.757],[91.615,22.699],[91.644,22.641],[91.664,22.596],[91.734,22.452],[91.747,22.406],[91.759,22.382],[91.776,22.365],[91.825,22.336],[91.833,22.328]]]}},{"type":"Feature","properties":{"type":"Road","scalerank":3,"name":null},"geometry":{"type":"MultiLineString","coordinates":[[[73.175,22.307],[73.179,22.324],[73.17,22.349],[73.142,22.373],[73.125,22.386],[73.113,22.402],[73.104,22.427],[73.092,22.439],[73.063,22.46],[72.977,22.563],[72.923,22.613],[72.882,22.654],[72.845,22.703]]]}},{"type":"Feature","properties":{"type":"Road","scalerank":3,"name":null},"geometry":{"type":"MultiLineString","coordinates":[[[75.855,22.724],[75.839,22.67],[75.81,22.625],[75.785,22.58],[75.769,22.551],[75.752,22.538],[75.728,22.53],[75.686,22.514],[75.653,22.489],[75.641,22.477],[75.608,22.435],[75.567,22.398],[75.526,22.378],[75.513,22.365],[75.493,22.303]]]}},{"type":"Feature","properties":{"type":"Major Highway","scalerank":5,"name":null},"geometry":{"type":"MultiLineString","coordinates":[[[70.811,22.303],[70.902,22.332],[70.923,22.345],[70.952,22.369],[70.989,22.378],[71.03,22.402],[71.075,22.423]]]}},{"type":"Feature","properties":{"type":"Major Highway","scalerank":3,"name":null},"geometry":{"type":"MultiLineString","coordinates":[[[87.33,22.369],[87.301,22.361],[87.276,22.353],[87.264,22.332],[87.231,22.328],[87.218,22.316],[87.181,22.332],[87.161,22.332],[87.136,22.336],[87.099,22.349],[87.008,22.32],[86.971,22.312],[86.93,22.307],[86.872,22.303],[86.826,22.295],[86.748,22.283],[86.727,22.279]]]}},{"type":"Feature","properties":{"type":"Major Highway","scalerank":3,"name":null},"geometry":{"type":"MultiLineString","coordinates":[[[86.727,22.279],[86.649,22.233],[86.645,22.229]]]}},{"type":"Feature","properties":{"type":"Road","scalerank":3,"name":null},"geometry":{"type":"MultiLineString","coordinates":[[[95.838,22.019],[95.809,22.048],[95.793,22.081],[95.776,22.101],[95.772,22.118],[95.768,22.184],[95.756,22.213],[95.739,22.254],[95.743,22.307],[95.723,22.332],[95.715,22.357],[95.702,22.39],[95.694,22.456],[95.682,22.489],[95.686,22.534],[95.698,22.567]]]}},{"type":"Feature","properties":{"type":"Road","scalerank":3,"name":null},"geometry":{"type":"MultiLineString","coordinates":[[[86.645,22.229],[86.637,22.229],[86.562,22.163],[86.542,22.159],[86.484,22.18],[86.455,22.171],[86.414,22.159],[86.348,22.13],[86.315,22.118],[86.257,22.093],[86.204,22.06],[86.175,22.035],[86.142,21.998],[86.113,21.977],[86.092,21.973]]]}},{"type":"Feature","properties":{"type":"Road","scalerank":3,"name":null},"geometry":{"type":"MultiLineString","coordinates":[[[75.493,22.303],[75.464,22.258],[75.443,22.217],[75.422,22.13],[75.41,22.101],[75.377,22.076],[75.34,22.035],[75.278,21.986],[75.266,21.973],[75.237,21.936],[75.208,21.891],[75.208,21.874]]]}},{"type":"Feature","properties":{"type":"Road","scalerank":4,"name":null},"geometry":{"type":"MultiLineString","coordinates":[[[95.838,22.019],[95.855,22.006],[95.859,21.986],[95.875,21.961],[95.884,21.953],[95.946,21.92],[95.97,21.887],[95.991,21.87],[96.012,21.866]]]}},{"type":"Feature","properties":{"type":"Road","scalerank":3,"name":null},"geometry":{"type":"MultiLineString","coordinates":[[[96.098,21.953],[96.135,21.94],[96.16,21.928],[96.201,21.883],[96.23,21.878],[96.259,21.841],[96.28,21.837],[96.288,21.845],[96.317,21.845],[96.346,21.858],[96.366,21.878],[96.383,21.92],[96.436,22.002],[96.445,22.01],[96.515,22.056],[96.56,22.068],[96.581,22.068],[96.589,22.072],[96.618,22.105],[96.626,22.142],[96.638,22.159],[96.647,22.188],[96.659,22.2],[96.671,22.233],[96.676,22.262],[96.684,22.287],[96.696,22.299],[96.742,22.303],[96.775,22.32],[96.799,22.324],[96.816,22.336],[96.841,22.357],[96.853,22.365],[96.869,22.365],[96.907,22.365],[96.919,22.39],[96.935,22.406],[96.96,22.419],[96.973,22.435],[96.968,22.452],[96.977,22.472],[96.997,22.485],[97.026,22.51]]]}},{"type":"Feature","properties":{"type":"Road","scalerank":3,"name":null},"geometry":{"type":"MultiLineString","coordinates":[[[86.092,21.973],[86.08,21.969],[86.018,21.92],[85.969,21.883],[85.898,21.833],[85.841,21.796],[85.742,21.73],[85.688,21.693],[85.618,21.639]]]}},{"type":"Feature","properties":{"type":"Road","scalerank":4,"name":null},"geometry":{"type":"MultiLineString","coordinates":[[[85.812,22.551],[85.816,22.534],[85.816,22.505],[85.808,22.477],[85.795,22.448],[85.783,22.431],[85.771,22.39],[85.754,22.357],[85.754,22.312],[85.75,22.283],[85.742,22.258],[85.742,22.204],[85.729,22.151],[85.705,22.13],[85.663,22.06],[85.651,22.043],[85.63,21.998],[85.606,21.928],[85.597,21.907],[85.577,21.878],[85.581,21.841],[85.585,21.817],[85.581,21.779],[85.589,21.73],[85.593,21.705],[85.593,21.672],[85.597,21.664],[85.618,21.639]]]}},{"type":"Feature","properties":{"type":"Road","scalerank":3,"name":null},"geometry":{"type":"MultiLineString","coordinates":[[[85.618,21.639],[85.581,21.615]]]}},{"type":"Feature","properties":{"type":"Major Highway","scalerank":3,"name":null},"geometry":{"type":"MultiLineString","coordinates":[[[96.152,21.598],[96.139,21.664],[96.131,21.689],[96.131,21.718],[96.111,21.734],[96.106,21.746],[96.098,21.763],[96.065,21.784],[96.057,21.808],[96.061,21.821],[96.078,21.833],[96.09,21.854],[96.098,21.895],[96.09,21.907],[96.098,21.953]]]}},{"type":"Feature","properties":{"type":"Road","scalerank":3,"name":null},"geometry":{"type":"MultiLineString","coordinates":[[[85.02,21.549],[84.983,21.549],[84.942,21.557],[84.913,21.549],[84.888,21.553],[84.867,21.532],[84.843,21.524],[84.818,21.532],[84.768,21.54],[84.653,21.549],[84.628,21.553],[84.595,21.544],[84.566,21.52],[84.554,21.516],[84.529,21.524],[84.492,21.54],[84.463,21.536],[84.443,21.54],[84.393,21.536],[84.36,21.52],[84.335,21.499],[84.306,21.499],[84.273,21.495],[84.265,21.487],[84.249,21.47],[84.216,21.462],[84.146,21.454],[84.108,21.458],[84.038,21.458],[84.005,21.454]]]}},{"type":"Feature","properties":{"type":"Major Highway","scalerank":3,"name":null},"geometry":{"type":"MultiLineString","coordinates":[[[96.189,21.433],[96.189,21.458],[96.176,21.511],[96.168,21.536],[96.152,21.598]]]}},{"type":"Feature","properties":{"type":"Road","scalerank":3,"name":null},"geometry":{"type":"MultiLineString","coordinates":[[[85.581,21.615],[85.502,21.561],[85.457,21.532],[85.383,21.487],[85.354,21.474],[85.329,21.466],[85.288,21.462],[85.247,21.454],[85.197,21.429]]]}},{"type":"Feature","properties":{"type":"Road","scalerank":3,"name":null},"geometry":{"type":"MultiLineString","coordinates":[[[85.197,21.429],[85.156,21.458],[85.119,21.47],[85.082,21.495],[85.036,21.54],[85.02,21.549]]]}},{"type":"Feature","properties":{"type":"Major Highway","scalerank":3,"name":null},"geometry":{"type":"MultiLineString","coordinates":[[[72.956,21.412],[72.972,21.454],[72.993,21.487],[72.997,21.516],[72.993,21.569],[72.993,21.598],[73.005,21.647],[73.005,21.668],[73.005,21.718],[73.022,21.804],[73.047,21.887],[73.059,21.936],[73.092,22.019],[73.117,22.052],[73.129,22.068],[73.166,22.093],[73.179,22.122],[73.166,22.155],[73.17,22.171],[73.179,22.204],[73.179,22.217],[73.183,22.25],[73.175,22.287],[73.175,22.307]]]}},{"type":"Feature","properties":{"type":"Road","scalerank":3,"name":null},"geometry":{"type":"MultiLineString","coordinates":[[[84.005,21.454],[83.997,21.458],[83.952,21.491],[83.939,21.495],[83.927,21.491],[83.919,21.478],[83.91,21.45],[83.906,21.429],[83.89,21.417],[83.865,21.404],[83.799,21.375],[83.766,21.367],[83.712,21.346],[83.671,21.342],[83.647,21.346],[83.614,21.338]]]}},{"type":"Feature","properties":{"type":"Road","scalerank":3,"name":null},"geometry":{"type":"MultiLineString","coordinates":[[[83.614,21.338],[83.601,21.338]]]}},{"type":"Feature","properties":{"type":"Road","scalerank":3,"name":null},"geometry":{"type":"MultiLineString","coordinates":[[[75.208,21.874],[75.175,21.825],[75.163,21.779],[75.121,21.742],[75.08,21.697],[75.055,21.652],[75.043,21.623],[75.039,21.59],[75.039,21.561],[75.035,21.544],[75.014,21.52],[74.989,21.495],[74.973,21.462],[74.969,21.412],[74.944,21.367],[74.89,21.33],[74.866,21.301],[74.845,21.276],[74.833,21.252]]]}},{"type":"Feature","properties":{"type":"Road","scalerank":3,"name":null},"geometry":{"type":"MultiLineString","coordinates":[[[81.65,21.247],[81.626,21.239]]]}},{"type":"Feature","properties":{"type":"Road","scalerank":3,"name":null},"geometry":{"type":"MultiLineString","coordinates":[[[83.601,21.338],[83.576,21.342],[83.535,21.326],[83.486,21.326],[83.416,21.309],[83.387,21.309],[83.345,21.305],[83.317,21.313],[83.271,21.309],[83.226,21.309],[83.193,21.301],[83.143,21.297],[83.094,21.297],[83.061,21.301],[83.015,21.322],[82.978,21.309],[82.904,21.297],[82.871,21.293],[82.813,21.276],[82.78,21.272],[82.719,21.276],[82.653,21.289],[82.628,21.285],[82.558,21.26],[82.537,21.256],[82.508,21.256],[82.43,21.227],[82.393,21.219],[82.364,21.223],[82.339,21.214],[82.31,21.227],[82.294,21.227],[82.261,21.227],[82.219,21.214],[82.158,21.214],[82.116,21.198],[82.079,21.194],[82.042,21.177],[82.005,21.181],[81.964,21.202],[81.898,21.219],[81.84,21.227],[81.795,21.239],[81.762,21.243],[81.692,21.239],[81.65,21.247]]]}},{"type":"Feature","properties":{"type":"Major Highway","scalerank":4,"name":null},"geometry":{"type":"MultiLineString","coordinates":[[[72.956,21.412],[72.956,21.367],[72.96,21.334],[72.948,21.289],[72.952,21.272],[72.968,21.252],[72.972,21.21],[72.964,21.177]]]}},{"type":"Feature","properties":{"type":"Major Highway","scalerank":3,"name":null},"geometry":{"type":"MultiLineString","coordinates":[[[79.097,21.161],[79.101,21.173],[79.126,21.194],[79.155,21.206],[79.205,21.223],[79.205,21.243],[79.196,21.276],[79.217,21.318],[79.242,21.351],[79.279,21.412],[79.295,21.437],[79.324,21.466],[79.345,21.528],[79.386,21.606],[79.419,21.656],[79.456,21.73],[79.477,21.763],[79.489,21.779],[79.51,21.817],[79.514,21.833],[79.534,21.866],[79.539,21.891],[79.534,21.924],[79.539,21.961],[79.547,22.019],[79.551,22.064],[79.547,22.114],[79.543,22.151],[79.539,22.204],[79.547,22.25],[79.551,22.295],[79.551,22.324],[79.543,22.369],[79.551,22.419],[79.567,22.435],[79.584,22.468],[79.584,22.51],[79.588,22.534],[79.605,22.547],[79.613,22.588],[79.613,22.596]]]}},{"type":"Feature","properties":{"type":"Major Highway","scalerank":3,"name":null},"geometry":{"type":"MultiLineString","coordinates":[[[96.032,21.099],[96.032,21.12],[96.028,21.144],[96.024,21.181],[96.028,21.206],[96.024,21.231],[96.028,21.243],[96.016,21.289],[96.02,21.313],[96.032,21.326],[96.078,21.346],[96.144,21.351],[96.164,21.363],[96.172,21.375],[96.185,21.408],[96.189,21.433]]]}},{"type":"Feature","properties":{"type":"Road","scalerank":3,"name":null},"geometry":{"type":"MultiLineString","coordinates":[[[79.097,21.161],[79.163,21.157],[79.188,21.153],[79.221,21.153],[79.299,21.148],[79.361,21.148],[79.398,21.153],[79.431,21.161],[79.501,21.165],[79.518,21.157],[79.646,21.165],[79.658,21.161],[79.691,21.144],[79.72,21.128],[79.778,21.099],[79.84,21.082],[79.918,21.074],[79.955,21.078],[79.984,21.091],[80.05,21.095],[80.075,21.091],[80.1,21.091],[80.124,21.087],[80.157,21.091],[80.215,21.074],[80.24,21.07],[80.277,21.074],[80.318,21.066],[80.368,21.074],[80.401,21.078],[80.425,21.078],[80.495,21.087],[80.516,21.082],[80.545,21.091],[80.578,21.091],[80.611,21.082],[80.636,21.082],[80.681,21.074],[80.714,21.091],[80.755,21.082],[80.797,21.082],[80.846,21.087],[80.937,21.099],[80.99,21.095],[81.019,21.099],[81.06,21.103],[81.135,21.12],[81.164,21.132],[81.23,21.161],[81.283,21.177],[81.324,21.198],[81.341,21.202],[81.432,21.21],[81.448,21.214],[81.485,21.243],[81.568,21.26],[81.593,21.26],[81.621,21.239],[81.626,21.239]]]}},{"type":"Feature","properties":{"type":"Road","scalerank":3,"name":null},"geometry":{"type":"MultiLineString","coordinates":[[[77.992,21.049],[78.013,21.066],[78.025,21.07],[78.091,21.099],[78.124,21.103],[78.169,21.103],[78.211,21.115],[78.227,21.111],[78.252,21.107],[78.314,21.12],[78.351,21.136],[78.367,21.153],[78.408,21.169],[78.433,21.173],[78.454,21.165],[78.474,21.169],[78.487,21.169],[78.516,21.153],[78.598,21.161],[78.656,21.144],[78.718,21.144],[78.788,21.144],[78.813,21.148],[78.862,21.144],[78.891,21.148],[78.936,21.144],[78.978,21.148],[79.035,21.165],[79.064,21.169],[79.097,21.161]]]}},{"type":"Feature","properties":{"type":"Road","scalerank":4,"name":null},"geometry":{"type":"MultiLineString","coordinates":[[[74.35,20.979],[74.317,20.983],[74.272,21.008],[74.218,21.016],[74.189,21.033],[74.16,21.062],[74.127,21.107],[74.107,21.111],[74.082,21.14],[74.061,21.148],[74.028,21.161],[73.987,21.165],[73.966,21.177],[73.938,21.165],[73.876,21.161],[73.839,21.173],[73.806,21.161],[73.793,21.165],[73.756,21.181],[73.744,21.186],[73.711,21.169],[73.67,21.177],[73.645,21.181],[73.583,21.173],[73.554,21.165],[73.521,21.148],[73.434,21.132],[73.414,21.124],[73.356,21.107],[73.335,21.107],[73.278,21.095],[73.253,21.099],[73.22,21.111],[73.166,21.107],[73.117,21.115],[73.071,21.132],[73.055,21.14],[73.001,21.165],[72.964,21.177]]]}},{"type":"Feature","properties":{"type":"Road","scalerank":3,"name":null},"geometry":{"type":"MultiLineString","coordinates":[[[77.992,21.049],[77.971,21.045],[77.926,21.021],[77.86,21.016],[77.819,21.012],[77.806,21.004],[77.786,20.971],[77.765,20.938]]]}},{"type":"Feature","properties":{"type":"Major Highway","scalerank":3,"name":null},"geometry":{"type":"MultiLineString","coordinates":[[[86.233,20.913],[86.261,20.926],[86.282,20.926],[86.303,20.93],[86.364,20.955],[86.385,20.959],[86.397,20.967],[86.492,21.058],[86.538,21.099],[86.558,21.124],[86.587,21.169],[86.595,21.177],[86.641,21.202],[86.661,21.214],[86.67,21.235],[86.678,21.268],[86.69,21.276],[86.711,21.318],[86.748,21.338],[86.777,21.363],[86.798,21.388],[86.806,21.404],[86.855,21.441],[86.859,21.441],[86.888,21.466],[86.913,21.495],[86.921,21.532],[86.934,21.549],[86.934,21.594],[86.925,21.61],[86.88,21.697],[86.859,21.734],[86.847,21.788],[86.831,21.808],[86.802,21.841],[86.748,21.92],[86.711,21.986],[86.686,22.019],[86.666,22.052],[86.653,22.076],[86.657,22.097],[86.666,22.122],[86.67,22.142],[86.661,22.18],[86.645,22.221],[86.645,22.229]]]}},{"type":"Feature","properties":{"type":"Road","scalerank":3,"name":null},"geometry":{"type":"MultiLineString","coordinates":[[[74.833,21.252],[74.828,21.198],[74.824,21.181],[74.791,21.124],[74.783,21.082],[74.783,21.004],[74.779,20.95],[74.771,20.901]]]}},{"type":"Feature","properties":{"type":"Road","scalerank":3,"name":null},"geometry":{"type":"MultiLineString","coordinates":[[[74.771,20.901],[74.758,20.884]]]}},{"type":"Feature","properties":{"type":"Road","scalerank":4,"name":null},"geometry":{"type":"MultiLineString","coordinates":[[[74.758,20.884],[74.734,20.893],[74.676,20.897],[74.639,20.905],[74.585,20.909],[74.548,20.917],[74.511,20.934],[74.486,20.942],[74.461,20.942],[74.428,20.963],[74.404,20.971],[74.35,20.979]]]}},{"type":"Feature","properties":{"type":"Major Highway","scalerank":3,"name":null},"geometry":{"type":"MultiLineString","coordinates":[[[95.871,20.884],[95.904,20.905],[95.929,20.917],[95.954,20.942],[95.966,20.959],[95.97,20.979],[95.991,21.004],[95.995,21.041],[96.003,21.058],[96.032,21.099]]]}},{"type":"Feature","properties":{"type":"Road","scalerank":3,"name":null},"geometry":{"type":"MultiLineString","coordinates":[[[95.875,20.876],[95.875,20.88]]]}},{"type":"Feature","properties":{"type":"Road","scalerank":3,"name":null},"geometry":{"type":"MultiLineString","coordinates":[[[95.875,20.872],[95.875,20.876]]]}},{"type":"Feature","properties":{"type":"Road","scalerank":3,"name":null},"geometry":{"type":"MultiLineString","coordinates":[[[74.771,20.901],[74.87,20.88],[74.94,20.864],[75.014,20.851],[75.043,20.86],[75.068,20.86],[75.097,20.868],[75.191,20.889],[75.295,20.905],[75.328,20.913],[75.336,20.922],[75.356,20.95],[75.373,20.967],[75.389,20.975],[75.406,21.004],[75.414,21.008],[75.468,21.008],[75.517,21.012],[75.608,21],[75.641,21.004],[75.682,21.012],[75.756,21.049],[75.794,21.054],[75.806,21.054],[75.843,21.041],[75.876,21.025],[75.913,21.016],[75.95,21.008],[75.979,21.008],[76.02,21.025],[76.062,21.041]]]}},{"type":"Feature","properties":{"type":"Road","scalerank":3,"name":null},"geometry":{"type":"MultiLineString","coordinates":[[[77.765,20.938],[77.744,20.922],[77.74,20.905],[77.732,20.864],[77.724,20.843]]]}},{"type":"Feature","properties":{"type":"Road","scalerank":3,"name":null},"geometry":{"type":"MultiLineString","coordinates":[[[77.724,20.843],[77.711,20.835],[77.641,20.802],[77.575,20.781],[77.522,20.761],[77.493,20.757],[77.431,20.732],[77.386,20.724],[77.353,20.728],[77.316,20.703],[77.278,20.691],[77.212,20.707],[77.159,20.715],[77.109,20.715],[77.014,20.711],[76.981,20.703],[76.932,20.691],[76.895,20.674],[76.866,20.67],[76.825,20.666],[76.796,20.674],[76.779,20.662],[76.767,20.658],[76.66,20.666],[76.614,20.674],[76.577,20.687],[76.561,20.711],[76.552,20.732],[76.474,20.814],[76.458,20.827],[76.4,20.823],[76.359,20.827],[76.313,20.839],[76.256,20.868],[76.21,20.884],[76.202,20.901],[76.206,20.938],[76.198,20.955],[76.177,20.971],[76.161,20.988],[76.136,21.025],[76.107,21.041],[76.062,21.041]]]}},{"type":"Feature","properties":{"type":"Major Highway","scalerank":3,"name":null},"geometry":{"type":"MultiLineString","coordinates":[[[96.061,20.579],[96.036,20.616],[96.024,20.649],[95.995,20.682],[95.946,20.707],[95.933,20.728],[95.921,20.74],[95.908,20.757],[95.904,20.769],[95.913,20.798],[95.884,20.856],[95.875,20.872]]]}},{"type":"Feature","properties":{"type":"Road","scalerank":3,"name":null},"geometry":{"type":"MultiLineString","coordinates":[[[74.758,20.884],[74.767,20.868],[74.762,20.86],[74.742,20.802],[74.725,20.765],[74.701,20.724],[74.676,20.666],[74.668,20.654],[74.631,20.629],[74.618,20.621],[74.56,20.575],[74.515,20.546]]]}},{"type":"Feature","properties":{"type":"Major Highway","scalerank":3,"name":null},"geometry":{"type":"MultiLineString","coordinates":[[[85.882,20.464],[85.882,20.489],[85.89,20.509],[85.898,20.517],[85.94,20.53],[85.948,20.538],[85.997,20.555],[86.018,20.567],[86.068,20.612],[86.117,20.658],[86.138,20.682],[86.142,20.711],[86.158,20.74],[86.175,20.794],[86.204,20.827],[86.204,20.835],[86.195,20.851],[86.2,20.868],[86.208,20.884],[86.233,20.913]]]}},{"type":"Feature","properties":{"type":"Road","scalerank":3,"name":null},"geometry":{"type":"MultiLineString","coordinates":[[[84.005,21.454],[84.009,21.441],[84.059,21.4],[84.096,21.355],[84.113,21.326],[84.137,21.289],[84.146,21.272],[84.146,21.243],[84.166,21.219],[84.174,21.202],[84.179,21.181],[84.174,21.169],[84.174,21.153],[84.183,21.136],[84.207,21.128],[84.216,21.115],[84.245,21.111],[84.273,21.087],[84.319,21.074],[84.368,21.078],[84.385,21.07],[84.41,21.078],[84.443,21.066],[84.455,21.058],[84.48,21.029],[84.496,21.016],[84.513,21.012],[84.537,21],[84.57,20.992],[84.583,20.979],[84.612,20.971],[84.636,20.971],[84.678,20.959],[84.694,20.95],[84.735,20.922],[84.752,20.917],[84.801,20.913],[84.847,20.901],[84.867,20.893],[84.9,20.864],[84.95,20.839],[85.016,20.798],[85.032,20.818],[85.045,20.823],[85.065,20.823],[85.094,20.839],[85.148,20.843],[85.218,20.843],[85.247,20.835],[85.288,20.814],[85.342,20.785],[85.358,20.781],[85.404,20.773],[85.441,20.761],[85.461,20.748],[85.531,20.699],[85.56,20.695],[85.585,20.674],[85.622,20.637],[85.651,20.6],[85.672,20.583],[85.696,20.571],[85.717,20.559],[85.758,20.542],[85.804,20.538],[85.832,20.517],[85.849,20.489],[85.874,20.464],[85.882,20.464]]]}},{"type":"Feature","properties":{"type":"Major Highway","scalerank":3,"name":null},"geometry":{"type":"MultiLineString","coordinates":[[[96.119,19.635],[96.144,19.655],[96.172,19.688],[96.181,19.713],[96.189,19.726],[96.209,19.738],[96.218,19.763],[96.255,19.771],[96.263,19.783],[96.271,19.816],[96.267,19.845],[96.251,19.882],[96.259,19.919],[96.259,19.985],[96.255,20.018],[96.263,20.076],[96.238,20.109],[96.214,20.126],[96.205,20.142],[96.197,20.175],[96.197,20.208],[96.193,20.225],[96.181,20.249],[96.176,20.286],[96.168,20.319],[96.172,20.344],[96.156,20.373],[96.148,20.406],[96.152,20.423],[96.144,20.443],[96.127,20.456],[96.098,20.472],[96.078,20.489],[96.069,20.513],[96.073,20.542],[96.073,20.555],[96.061,20.579]]]}},{"type":"Feature","properties":{"type":"Road","scalerank":4,"name":null},"geometry":{"type":"MultiLineString","coordinates":[[[77.724,20.843],[77.72,20.835],[77.662,20.744],[77.654,20.715],[77.608,20.637],[77.596,20.616],[77.563,20.592],[77.555,20.559],[77.534,20.526],[77.509,20.509],[77.48,20.476],[77.447,20.464],[77.423,20.447],[77.39,20.427],[77.377,20.41],[77.365,20.381],[77.349,20.361],[77.316,20.286],[77.311,20.258],[77.324,20.225],[77.316,20.208],[77.303,20.204],[77.266,20.196],[77.258,20.192],[77.225,20.159],[77.212,20.142],[77.184,20.117],[77.13,20.105],[77.142,20.068],[77.13,20.043],[77.142,20.014],[77.142,19.977],[77.155,19.94],[77.159,19.895],[77.175,19.825],[77.171,19.792],[77.151,19.767],[77.142,19.742],[77.142,19.717],[77.122,19.705],[77.093,19.668],[77.08,19.647],[77.072,19.606],[77.064,19.581],[77.043,19.548],[77.039,19.536]]]}},{"type":"Feature","properties":{"type":"Major Highway","scalerank":3,"name":null},"geometry":{"type":"MultiLineString","coordinates":[[[79.097,21.161],[79.073,21.091],[79.056,21.049],[79.048,21.012],[79.04,20.988],[79.015,20.942],[78.986,20.901],[78.974,20.868],[78.965,20.847],[78.957,20.794],[78.936,20.744],[78.924,20.703],[78.92,20.658],[78.92,20.625],[78.912,20.604],[78.899,20.588],[78.87,20.567],[78.842,20.555],[78.8,20.505],[78.784,20.489],[78.771,20.464],[78.755,20.443],[78.734,20.385],[78.714,20.352],[78.705,20.324],[78.701,20.307],[78.714,20.278],[78.714,20.262],[78.689,20.212],[78.677,20.196],[78.602,20.113],[78.578,20.109],[78.557,20.084],[78.549,20.068],[78.557,20.018],[78.549,19.969],[78.553,19.907],[78.553,19.89],[78.582,19.862],[78.578,19.825],[78.582,19.8],[78.569,19.783],[78.569,19.759],[78.549,19.73],[78.545,19.709],[78.553,19.688],[78.549,19.668],[78.524,19.639],[78.516,19.618],[78.507,19.606],[78.495,19.581],[78.503,19.552],[78.516,19.523],[78.516,19.511],[78.507,19.482],[78.483,19.449],[78.462,19.433],[78.45,19.4],[78.437,19.346],[78.413,19.305],[78.417,19.284],[78.429,19.259],[78.425,19.243],[78.4,19.231],[78.396,19.214],[78.367,19.189],[78.367,19.181],[78.342,19.144],[78.342,19.127],[78.355,19.103],[78.355,19.09]]]}},{"type":"Feature","properties":{"type":"Road","scalerank":4,"name":null},"geometry":{"type":"MultiLineString","coordinates":[[[81.626,21.239],[81.63,21.231],[81.675,21.214],[81.704,21.202],[81.725,21.186],[81.749,21.153],[81.753,21.144],[81.745,21.115],[81.753,21.078],[81.749,21.058],[81.733,21.045],[81.725,21.012],[81.704,20.971],[81.692,20.934],[81.687,20.889],[81.704,20.847],[81.708,20.835],[81.704,20.818],[81.675,20.79],[81.659,20.769],[81.646,20.765],[81.605,20.761],[81.58,20.752],[81.572,20.744],[81.555,20.715],[81.506,20.67],[81.469,20.654],[81.444,20.633],[81.423,20.604],[81.374,20.563],[81.37,20.555],[81.366,20.501],[81.374,20.48],[81.395,20.46],[81.407,20.427],[81.432,20.402],[81.448,20.373],[81.465,20.315],[81.477,20.291],[81.502,20.266],[81.51,20.253],[81.506,20.204],[81.514,20.183],[81.522,20.159],[81.58,20.113],[81.588,20.105],[81.593,20.084],[81.588,20.064],[81.588,20.039],[81.626,19.961],[81.634,19.919],[81.65,19.8],[81.659,19.738],[81.667,19.684],[81.675,19.614],[81.679,19.589],[81.692,19.573],[81.72,19.561],[81.737,19.54],[81.741,19.495],[81.758,19.449],[81.778,19.424],[81.782,19.396],[81.795,19.379],[81.836,19.346],[81.848,19.321],[81.881,19.284],[81.931,19.235],[81.947,19.206],[81.988,19.169],[82.026,19.148],[82.03,19.136],[82.03,19.103],[82.034,19.086]]]}},{"type":"Feature","properties":{"type":"Road","scalerank":3,"name":null},"geometry":{"type":"MultiLineString","coordinates":[[[72.898,19.066],[72.919,19.107],[72.927,19.123],[72.948,19.148],[72.96,19.173],[72.972,19.214],[72.985,19.239],[73.01,19.268],[73.026,19.288],[73.071,19.317],[73.1,19.338],[73.15,19.363],[73.203,19.383],[73.232,19.408],[73.265,19.429],[73.331,19.462],[73.344,19.503],[73.36,19.54],[73.381,19.561],[73.406,19.627],[73.414,19.639],[73.434,19.647],[73.463,19.643],[73.492,19.66],[73.505,19.684],[73.513,19.693],[73.55,19.701],[73.579,19.705],[73.599,19.717],[73.641,19.73],[73.661,19.754],[73.665,19.771],[73.665,19.812],[73.686,19.857],[73.715,19.911],[73.731,19.932],[73.756,19.952],[73.777,19.977],[73.822,20.01],[73.876,20.035],[73.913,20.08],[73.917,20.084],[73.975,20.142],[73.991,20.171],[74.024,20.196],[74.049,20.22],[74.094,20.274],[74.123,20.295],[74.156,20.303],[74.214,20.324],[74.255,20.336],[74.28,20.352],[74.317,20.381],[74.354,20.414],[74.387,20.451],[74.42,20.48],[74.47,20.509],[74.499,20.538],[74.515,20.546]]]}},{"type":"Feature","properties":{"type":"Road","scalerank":3,"name":null},"geometry":{"type":"MultiLineString","coordinates":[[[72.89,19.061],[72.898,19.066]]]}},{"type":"Feature","properties":{"type":"Major Highway","scalerank":3,"name":null},"geometry":{"type":"MultiLineString","coordinates":[[[72.89,19.061],[72.861,19.07],[72.849,19.082],[72.857,19.127],[72.865,19.185],[72.865,19.222],[72.874,19.268],[72.89,19.297],[72.89,19.309],[72.886,19.35],[72.89,19.371],[72.878,19.4],[72.878,19.433],[72.898,19.453],[72.911,19.49],[72.919,19.519],[72.915,19.556],[72.911,19.635],[72.915,19.672],[72.923,19.693],[72.935,19.709],[72.915,19.738],[72.911,19.75],[72.915,19.783],[72.952,19.829],[72.935,19.907],[72.927,19.936],[72.911,20.084],[72.911,20.121],[72.907,20.154],[72.886,20.196],[72.882,20.216],[72.886,20.258],[72.911,20.299],[72.915,20.328],[72.915,20.348],[72.919,20.398],[72.915,20.423],[72.907,20.439],[72.911,20.451],[72.944,20.489],[72.952,20.505],[72.956,20.534],[72.948,20.571],[72.952,20.6],[72.952,20.654],[72.956,20.678],[72.972,20.691],[73.018,20.715],[73.034,20.74],[73.059,20.757],[73.067,20.769],[73.063,20.827],[73.051,20.884],[73.043,20.901],[73.022,20.922],[72.989,20.93],[72.968,20.942],[72.964,20.959],[72.977,21.021],[72.977,21.058],[72.985,21.078],[72.977,21.115],[72.96,21.153],[72.964,21.177]]]}},{"type":"Feature","properties":{"type":"Road","scalerank":3,"name":null},"geometry":{"type":"MultiLineString","coordinates":[[[72.853,18.975],[72.849,19.004],[72.853,19.024],[72.869,19.049],[72.89,19.061]]]}},{"type":"Feature","properties":{"type":"Major Highway","scalerank":3,"name":null},"geometry":{"type":"MultiLineString","coordinates":[[[72.898,19.066],[72.911,19.045],[72.927,19.049],[72.948,19.066],[72.993,19.07],[73.014,19.061],[73.018,19.041],[73.026,19.033],[73.055,19.037],[73.08,19.041],[73.096,19.028],[73.109,18.995],[73.117,18.979],[73.133,18.967]]]}},{"type":"Feature","properties":{"type":"Major Highway","scalerank":3,"name":null},"geometry":{"type":"MultiLineString","coordinates":[[[96.445,18.938],[96.436,18.971],[96.412,19],[96.391,19.033],[96.374,19.074],[96.37,19.127],[96.362,19.148],[96.35,19.165],[96.321,19.185],[96.308,19.202],[96.304,19.21],[96.292,19.235],[96.288,19.28],[96.284,19.321],[96.271,19.342],[96.267,19.358],[96.267,19.387],[96.28,19.404],[96.271,19.445],[96.271,19.49],[96.259,19.536],[96.247,19.54],[96.226,19.565],[96.214,19.573],[96.193,19.589],[96.16,19.589],[96.152,19.598],[96.119,19.635]]]}},{"type":"Feature","properties":{"type":"Major Highway","scalerank":3,"name":null},"geometry":{"type":"MultiLineString","coordinates":[[[96.407,18.826],[96.412,18.855],[96.424,18.888],[96.449,18.905],[96.449,18.917],[96.445,18.938]]]}},{"type":"Feature","properties":{"type":"Road","scalerank":4,"name":null},"geometry":{"type":"MultiLineString","coordinates":[[[98.899,18.628],[98.932,18.624],[98.952,18.62],[98.965,18.608],[98.989,18.608]]]}},{"type":"Feature","properties":{"type":"Major Highway","scalerank":3,"name":null},"geometry":{"type":"MultiLineString","coordinates":[[[73.133,18.967],[73.166,18.954],[73.175,18.946],[73.22,18.901],[73.253,18.892],[73.269,18.868],[73.278,18.847],[73.323,18.798],[73.352,18.777],[73.381,18.769],[73.406,18.756],[73.426,18.756],[73.443,18.765],[73.463,18.756],[73.505,18.765],[73.525,18.748],[73.538,18.748],[73.575,18.756],[73.616,18.748],[73.632,18.74],[73.678,18.707],[73.711,18.694],[73.769,18.67],[73.789,18.649],[73.826,18.612],[73.839,18.583],[73.847,18.554],[73.859,18.496]]]}},{"type":"Feature","properties":{"type":"Road","scalerank":4,"name":null},"geometry":{"type":"MultiLineString","coordinates":[[[83.288,18.492],[83.271,18.505],[83.23,18.509],[83.176,18.525],[83.147,18.525],[83.123,18.521],[83.073,18.521],[83.048,18.496],[83.036,18.496],[83.015,18.501],[82.999,18.521],[82.995,18.546],[82.978,18.55],[82.966,18.567],[82.933,18.567],[82.925,18.571],[82.916,18.587],[82.9,18.604],[82.888,18.604],[82.883,18.657],[82.867,18.686],[82.83,18.748],[82.797,18.769],[82.78,18.769],[82.76,18.773],[82.731,18.789],[82.714,18.81],[82.698,18.818],[82.677,18.822],[82.661,18.826],[82.636,18.818],[82.628,18.822],[82.615,18.843],[82.578,18.855],[82.566,18.872],[82.562,18.967],[82.558,19.049],[82.537,19.066],[82.496,19.103],[82.471,19.115],[82.446,19.123],[82.368,19.132],[82.335,19.144],[82.31,19.14],[82.248,19.103],[82.228,19.09],[82.207,19.086],[82.17,19.086],[82.141,19.078],[82.092,19.074],[82.05,19.078],[82.034,19.086]]]}},{"type":"Feature","properties":{"type":"Major Highway","scalerank":3,"name":null},"geometry":{"type":"MultiLineString","coordinates":[[[83.795,18.27],[83.807,18.274],[83.865,18.294],[83.898,18.298],[83.948,18.331],[83.976,18.369],[83.997,18.389],[84.026,18.397],[84.08,18.447],[84.15,18.521],[84.166,18.542],[84.224,18.595],[84.261,18.633],[84.278,18.645],[84.311,18.661],[84.339,18.703],[84.352,18.711],[84.381,18.715],[84.414,18.732],[84.438,18.765],[84.471,18.822],[84.484,18.835],[84.537,18.843],[84.55,18.851],[84.558,18.872],[84.55,18.901],[84.554,18.93],[84.57,18.958],[84.64,19.033],[84.665,19.061],[84.686,19.09],[84.711,19.144],[84.764,19.222],[84.781,19.255],[84.805,19.321],[84.834,19.325],[84.88,19.325],[84.917,19.325],[84.942,19.334],[84.979,19.354],[84.991,19.371],[85.012,19.383],[85.065,19.383],[85.069,19.396],[85.086,19.445],[85.09,19.462],[85.094,19.495],[85.09,19.548],[85.102,19.594],[85.115,19.618],[85.131,19.639],[85.181,19.701],[85.21,19.742],[85.251,19.792],[85.329,19.862],[85.366,19.886],[85.404,19.928],[85.445,19.965],[85.469,19.994],[85.486,20.006],[85.535,20.039],[85.56,20.072],[85.589,20.126],[85.614,20.159],[85.634,20.179],[85.688,20.204],[85.754,20.233],[85.791,20.249],[85.89,20.278],[85.898,20.286],[85.89,20.324],[85.89,20.348],[85.894,20.369],[85.894,20.385],[85.886,20.41],[85.89,20.431],[85.882,20.464]]]}},{"type":"Feature","properties":{"type":"Major Highway","scalerank":3,"name":null},"geometry":{"type":"MultiLineString","coordinates":[[[83.424,17.956],[83.444,17.969],[83.465,17.989],[83.494,18.035],[83.527,18.067],[83.585,18.121],[83.609,18.142],[83.647,18.158],[83.667,18.171],[83.7,18.216],[83.729,18.232],[83.762,18.249],[83.795,18.27]]]}},{"type":"Feature","properties":{"type":"Road","scalerank":4,"name":null},"geometry":{"type":"MultiLineString","coordinates":[[[83.288,18.492],[83.304,18.472],[83.329,18.447],[83.325,18.422],[83.325,18.397],[83.337,18.381],[83.341,18.36],[83.337,18.286],[83.345,18.249],[83.362,18.22],[83.37,18.187],[83.383,18.154],[83.403,18.125],[83.403,18.109],[83.395,18.076],[83.407,18.035],[83.407,18.006],[83.411,17.985],[83.424,17.956]]]}},{"type":"Feature","properties":{"type":"Road","scalerank":4,"name":null},"geometry":{"type":"MultiLineString","coordinates":[[[77.031,19.499],[77.006,19.482],[76.981,19.453],[76.969,19.424],[76.961,19.387],[76.944,19.354],[76.94,19.338],[76.944,19.321],[76.944,19.313],[76.915,19.284],[76.862,19.28],[76.833,19.272],[76.8,19.255],[76.783,19.259],[76.763,19.259],[76.734,19.239],[76.726,19.214],[76.742,19.173],[76.742,19.148],[76.73,19.09],[76.726,19.041],[76.738,19.008],[76.738,18.967],[76.713,18.958],[76.676,18.95],[76.627,18.942],[76.602,18.934],[76.573,18.913],[76.561,18.892],[76.532,18.876],[76.536,18.839],[76.487,18.826],[76.478,18.798],[76.462,18.785],[76.454,18.756],[76.437,18.732],[76.396,18.727],[76.367,18.707],[76.338,18.699],[76.305,18.674],[76.264,18.657],[76.194,18.645],[76.165,18.637],[76.14,18.637],[76.115,18.633],[76.074,18.616],[76.053,18.612],[76.033,18.591],[76,18.554],[75.959,18.517],[75.926,18.48],[75.88,18.418],[75.872,18.397],[75.872,18.389],[75.884,18.381],[75.921,18.373],[75.934,18.364],[75.942,18.331],[75.95,18.319],[75.987,18.303],[76.012,18.282],[76.033,18.245],[76.037,18.208],[76.041,18.183],[76.062,18.133],[76.082,18.076],[76.082,18.063],[76.066,18.03],[76.049,17.997],[76.012,17.936],[75.987,17.907],[75.971,17.87],[75.963,17.841],[75.959,17.791],[75.946,17.75],[75.905,17.696],[75.897,17.676]]]}},{"type":"Feature","properties":{"type":"Road","scalerank":4,"name":null},"geometry":{"type":"MultiLineString","coordinates":[[[73.859,18.496],[73.979,18.496],[74.004,18.492],[74.049,18.48],[74.115,18.484],[74.189,18.488],[74.259,18.484],[74.305,18.472],[74.367,18.459],[74.441,18.443],[74.457,18.435],[74.486,18.41],[74.515,18.397],[74.581,18.381],[74.622,18.36],[74.659,18.344],[74.725,18.327],[74.754,18.315],[74.771,18.307],[74.791,18.286],[74.816,18.245],[74.828,18.237],[74.853,18.224],[74.907,18.212],[74.936,18.191],[74.956,18.166],[74.985,18.142],[75.018,18.121],[75.072,18.084],[75.109,18.063],[75.125,18.055],[75.179,18.039],[75.22,18.014],[75.253,18.002],[75.286,17.989],[75.323,17.964],[75.369,17.931],[75.406,17.915],[75.455,17.886],[75.517,17.849],[75.559,17.837],[75.587,17.837],[75.612,17.828],[75.649,17.804],[75.723,17.775],[75.843,17.717],[75.88,17.696],[75.897,17.676]]]}},{"type":"Feature","properties":{"type":"Road","scalerank":3,"name":null},"geometry":{"type":"MultiLineString","coordinates":[[[96.845,17.478],[96.795,17.511],[96.779,17.515],[96.737,17.515],[96.7,17.494],[96.688,17.478]]]}},{"type":"Feature","properties":{"type":"Road","scalerank":3,"name":null},"geometry":{"type":"MultiLineString","coordinates":[[[96.878,17.486],[96.845,17.478]]]}},{"type":"Feature","properties":{"type":"Major Highway","scalerank":3,"name":null},"geometry":{"type":"MultiLineString","coordinates":[[[96.539,17.478],[96.539,17.502],[96.556,17.556],[96.572,17.589],[96.597,17.639],[96.597,17.655],[96.593,17.692],[96.614,17.725],[96.643,17.762],[96.655,17.791],[96.692,17.845],[96.713,17.861],[96.733,17.874],[96.733,17.907],[96.737,17.948],[96.733,17.956],[96.713,17.96],[96.696,17.993],[96.663,18.043],[96.659,18.059],[96.638,18.092],[96.622,18.129],[96.626,18.154],[96.61,18.179],[96.572,18.183],[96.56,18.204],[96.564,18.22],[96.544,18.224],[96.535,18.237],[96.498,18.303],[96.469,18.369],[96.453,18.393],[96.432,18.435],[96.428,18.459],[96.424,18.492],[96.416,18.513],[96.412,18.55],[96.407,18.62],[96.403,18.641],[96.403,18.732],[96.407,18.798],[96.407,18.826]]]}},{"type":"Feature","properties":{"type":"Major Highway","scalerank":3,"name":null},"geometry":{"type":"MultiLineString","coordinates":[[[78.483,17.469],[78.487,17.507],[78.499,17.56],[78.499,17.585],[78.495,17.614],[78.495,17.655],[78.487,17.684],[78.483,17.721],[78.487,17.738],[78.479,17.787],[78.483,17.824],[78.483,17.857],[78.47,17.898],[78.47,17.952],[78.462,17.989],[78.433,18.035],[78.433,18.055],[78.441,18.092],[78.429,18.125],[78.408,18.162],[78.404,18.191],[78.388,18.228],[78.384,18.257],[78.367,18.278],[78.351,18.294],[78.326,18.331],[78.31,18.36],[78.293,18.385],[78.268,18.402],[78.235,18.443],[78.227,18.459],[78.223,18.492],[78.223,18.509],[78.239,18.525],[78.215,18.583],[78.211,18.616],[78.215,18.641],[78.235,18.666],[78.268,18.707],[78.277,18.723],[78.285,18.752],[78.297,18.773],[78.322,18.831],[78.351,18.88],[78.384,18.967],[78.38,18.987],[78.367,19.037],[78.355,19.09]]]}},{"type":"Feature","properties":{"type":"Road","scalerank":4,"name":null},"geometry":{"type":"MultiLineString","coordinates":[[[78.483,17.469],[78.437,17.478],[78.396,17.49],[78.334,17.494],[78.314,17.502],[78.277,17.527],[78.202,17.552],[78.182,17.56],[78.149,17.577],[78.107,17.585],[78.008,17.614],[77.996,17.601],[77.971,17.61],[77.893,17.63],[77.827,17.643],[77.765,17.651],[77.629,17.676],[77.604,17.68],[77.546,17.696],[77.509,17.696],[77.456,17.692],[77.435,17.696],[77.423,17.709],[77.39,17.721],[77.344,17.729],[77.27,17.762],[77.25,17.762],[77.188,17.754],[77.167,17.758],[77.142,17.766],[77.122,17.771],[77.101,17.766],[77.076,17.771],[77.027,17.795],[76.99,17.808],[76.92,17.82],[76.878,17.832],[76.833,17.837],[76.75,17.82],[76.693,17.824],[76.664,17.828],[76.532,17.853],[76.503,17.857],[76.454,17.853],[76.375,17.832],[76.33,17.82],[76.301,17.824],[76.284,17.816],[76.251,17.82],[76.223,17.812],[76.194,17.795],[76.165,17.775],[76.14,17.766],[76.078,17.758],[75.996,17.705],[75.921,17.672],[75.897,17.676]]]}},{"type":"Feature","properties":{"type":"Road","scalerank":3,"name":null},"geometry":{"type":"MultiLineString","coordinates":[[[96.874,17.453],[96.857,17.461],[96.845,17.478]]]}},{"type":"Feature","properties":{"type":"Road","scalerank":3,"name":null},"geometry":{"type":"MultiLineString","coordinates":[[[96.688,17.478],[96.684,17.469],[96.638,17.445],[96.605,17.461],[96.539,17.478]]]}},{"type":"Feature","properties":{"type":"Road","scalerank":3,"name":null},"geometry":{"type":"MultiLineString","coordinates":[[[78.483,17.469],[78.507,17.441],[78.487,17.395],[78.487,17.387]]]}},{"type":"Feature","properties":{"type":"Road","scalerank":3,"name":null},"geometry":{"type":"MultiLineString","coordinates":[[[96.539,17.478],[96.535,17.445],[96.523,17.379],[96.515,17.354],[96.49,17.329]]]}},{"type":"Feature","properties":{"type":"Road","scalerank":3,"name":null},"geometry":{"type":"MultiLineString","coordinates":[[[97.249,17.21],[97.228,17.21],[97.195,17.23],[97.162,17.271],[97.154,17.28],[97.133,17.28],[97.125,17.288],[97.096,17.292],[97.071,17.304],[97.03,17.313],[97.026,17.337],[97.014,17.354],[97.006,17.383],[96.993,17.399],[96.956,17.424],[96.935,17.424],[96.902,17.424],[96.907,17.457],[96.898,17.482],[96.878,17.486]]]}},{"type":"Feature","properties":{"type":"Major Highway","scalerank":3,"name":null},"geometry":{"type":"MultiLineString","coordinates":[[[96.49,17.329],[96.478,17.321],[96.473,17.304],[96.473,17.28],[96.469,17.238],[96.461,17.226],[96.424,17.205],[96.395,17.189],[96.354,17.16],[96.333,17.152]]]}},{"type":"Feature","properties":{"type":"Major Highway","scalerank":3,"name":null},"geometry":{"type":"MultiLineString","coordinates":[[[96.333,17.152],[96.28,17.127],[96.238,17.098],[96.214,17.086],[96.16,17.053],[96.144,17.041]]]}},{"type":"Feature","properties":{"type":"Road","scalerank":4,"name":null},"geometry":{"type":"MultiLineString","coordinates":[[[73.133,18.967],[73.129,18.917],[73.096,18.868],[73.092,18.847],[73.088,18.798],[73.088,18.769],[73.096,18.744],[73.096,18.732],[73.055,18.703],[73.055,18.694],[73.071,18.67],[73.092,18.62],[73.125,18.587],[73.133,18.546],[73.183,18.492],[73.195,18.476],[73.208,18.439],[73.216,18.41],[73.228,18.373],[73.236,18.348],[73.236,18.315],[73.236,18.303],[73.265,18.261],[73.307,18.212],[73.315,18.195],[73.323,18.138],[73.327,18.121],[73.348,18.1],[73.389,18.088],[73.414,18.092],[73.459,18.1],[73.463,18.092],[73.463,18.043],[73.455,17.989],[73.443,17.936],[73.43,17.923],[73.43,17.874],[73.418,17.857],[73.406,17.824],[73.401,17.804],[73.406,17.779],[73.418,17.742],[73.418,17.725],[73.393,17.713],[73.401,17.692],[73.434,17.659],[73.451,17.634],[73.484,17.581],[73.492,17.568],[73.5,17.56],[73.509,17.535],[73.509,17.486],[73.529,17.428],[73.533,17.408],[73.521,17.337],[73.525,17.304],[73.529,17.284],[73.55,17.255],[73.546,17.181],[73.538,17.173],[73.521,17.164],[73.492,17.16],[73.484,17.131],[73.463,17.119],[73.459,17.094],[73.447,17.065],[73.414,17.041],[73.406,17.02],[73.418,17.008],[73.434,17.003],[73.459,16.991],[73.496,16.983]]]}},{"type":"Feature","properties":{"type":"Road","scalerank":3,"name":null},"geometry":{"type":"MultiLineString","coordinates":[[[97.373,16.921],[97.356,16.975],[97.34,17.008],[97.311,17.102],[97.302,17.144],[97.29,17.173],[97.265,17.201],[97.249,17.21]]]}},{"type":"Feature","properties":{"type":"Road","scalerank":3,"name":null},"geometry":{"type":"MultiLineString","coordinates":[[[78.487,17.387],[78.536,17.366],[78.573,17.342],[78.611,17.325],[78.639,17.321],[78.672,17.321],[78.71,17.309],[78.73,17.304],[78.784,17.284],[78.829,17.271],[78.887,17.259],[78.941,17.238],[79.015,17.23],[79.056,17.226],[79.118,17.226],[79.147,17.222],[79.18,17.218],[79.213,17.201],[79.25,17.193],[79.266,17.181],[79.295,17.173],[79.316,17.164],[79.328,17.16],[79.427,17.164],[79.468,17.156],[79.518,17.156],[79.555,17.16],[79.605,17.14],[79.629,17.14],[79.658,17.119],[79.699,17.115],[79.724,17.107],[79.765,17.098],[79.794,17.086],[79.848,17.045],[79.86,17.045],[79.897,17.016],[79.914,17.012],[79.939,17.016],[79.955,17.012],[79.992,16.983],[80.05,16.946],[80.087,16.921],[80.145,16.892]]]}},{"type":"Feature","properties":{"type":"Road","scalerank":3,"name":null},"geometry":{"type":"MultiLineString","coordinates":[[[97.637,16.892],[97.608,16.896],[97.587,16.909],[97.558,16.937],[97.546,16.954],[97.533,16.962],[97.505,16.966],[97.484,16.983],[97.463,16.975],[97.443,16.954],[97.443,16.929],[97.426,16.913],[97.41,16.913],[97.373,16.921]]]}},{"type":"Feature","properties":{"type":"Road","scalerank":3,"name":null},"geometry":{"type":"MultiLineString","coordinates":[[[97.661,16.876],[97.649,16.888],[97.637,16.892]]]}},{"type":"Feature","properties":{"type":"Road","scalerank":3,"name":null},"geometry":{"type":"MultiLineString","coordinates":[[[97.756,16.793],[97.723,16.801],[97.703,16.83],[97.686,16.847],[97.661,16.876]]]}},{"type":"Feature","properties":{"type":"Major Highway","scalerank":3,"name":null},"geometry":{"type":"MultiLineString","coordinates":[[[96.144,17.041],[96.148,17.008],[96.131,16.983],[96.131,16.942],[96.148,16.871],[96.144,16.838],[96.156,16.793],[96.168,16.777]]]}},{"type":"Feature","properties":{"type":"Road","scalerank":3,"name":null},"geometry":{"type":"MultiLineString","coordinates":[[[96.168,16.764],[96.156,16.764]]]}},{"type":"Feature","properties":{"type":"Road","scalerank":3,"name":null},"geometry":{"type":"MultiLineString","coordinates":[[[96.156,16.764],[96.131,16.764],[96.119,16.752],[96.098,16.748],[96.061,16.719],[96.024,16.711]]]}},{"type":"Feature","properties":{"type":"Major Highway","scalerank":3,"name":null},"geometry":{"type":"MultiLineString","coordinates":[[[74.226,16.698],[74.23,16.702],[74.268,16.715],[74.28,16.727],[74.272,16.76],[74.284,16.793],[74.296,16.863],[74.296,16.876],[74.284,16.896],[74.292,16.913],[74.272,16.954],[74.251,17.016],[74.202,17.102],[74.189,17.123],[74.181,17.168],[74.181,17.193],[74.177,17.222],[74.177,17.255],[74.169,17.28],[74.144,17.329],[74.107,17.37],[74.098,17.387],[74.086,17.436],[74.074,17.474],[74.074,17.498],[74.061,17.519],[74.037,17.585],[74.016,17.614],[74.012,17.626],[74.016,17.659],[74.012,17.672],[73.991,17.7],[73.983,17.721],[73.983,17.762],[73.979,17.787],[73.954,17.824],[73.946,17.853],[73.95,17.861],[73.971,17.878],[73.975,17.919],[73.991,17.985],[73.999,18.002],[74.016,18.018],[74.02,18.026],[73.979,18.121],[73.954,18.154],[73.95,18.171],[73.946,18.191],[73.933,18.208],[73.905,18.228],[73.888,18.257],[73.88,18.265],[73.859,18.315],[73.851,18.327],[73.855,18.397],[73.859,18.447],[73.859,18.496]]]}},{"type":"Feature","properties":{"type":"Major Highway","scalerank":3,"name":null},"geometry":{"type":"MultiLineString","coordinates":[[[80.953,16.628],[80.982,16.64],[81.027,16.673],[81.044,16.69],[81.065,16.698],[81.102,16.706],[81.139,16.723],[81.201,16.735],[81.217,16.744],[81.23,16.764],[81.225,16.789],[81.238,16.801],[81.258,16.814],[81.3,16.814],[81.349,16.801],[81.374,16.797],[81.44,16.81],[81.481,16.81],[81.518,16.805],[81.543,16.805],[81.58,16.81],[81.634,16.781],[81.679,16.76],[81.712,16.752],[81.737,16.752],[81.762,16.772],[81.815,16.777],[81.832,16.785],[81.836,16.81],[81.815,16.867],[81.791,16.904],[81.786,16.917],[81.795,16.954],[81.774,17.008],[81.786,17.016],[81.873,17.061],[81.902,17.082],[81.918,17.094],[81.939,17.127],[81.972,17.144],[81.988,17.156],[82.03,17.164],[82.104,17.205],[82.12,17.222],[82.141,17.234],[82.228,17.222],[82.269,17.222],[82.281,17.226],[82.314,17.247],[82.331,17.247],[82.356,17.247],[82.368,17.251],[82.384,17.271],[82.43,17.304],[82.463,17.321],[82.504,17.333],[82.562,17.358],[82.599,17.375],[82.628,17.387],[82.673,17.391],[82.694,17.395],[82.719,17.408],[82.735,17.42],[82.764,17.449],[82.78,17.486],[82.805,17.507],[82.838,17.527],[82.846,17.535],[82.855,17.564],[82.867,17.597],[82.892,17.63],[82.908,17.634],[82.941,17.639],[82.962,17.647],[82.999,17.676],[83.04,17.68],[83.094,17.684],[83.16,17.68],[83.189,17.68],[83.23,17.684],[83.275,17.7],[83.325,17.725],[83.333,17.738],[83.345,17.762],[83.358,17.841],[83.366,17.865],[83.378,17.886],[83.403,17.903],[83.416,17.923],[83.416,17.944],[83.424,17.956]]]}},{"type":"Feature","properties":{"type":"Road","scalerank":3,"name":null},"geometry":{"type":"MultiLineString","coordinates":[[[98.004,16.628],[97.958,16.628],[97.946,16.636],[97.938,16.665],[97.929,16.69],[97.925,16.727],[97.909,16.723],[97.884,16.744],[97.868,16.772],[97.847,16.785],[97.802,16.785],[97.756,16.793]]]}},{"type":"Feature","properties":{"type":"Road","scalerank":3,"name":null},"geometry":{"type":"MultiLineString","coordinates":[[[98.057,16.591],[98.041,16.603],[98.02,16.607],[98.004,16.628]]]}},{"type":"Feature","properties":{"type":"Road","scalerank":3,"name":null},"geometry":{"type":"MultiLineString","coordinates":[[[98.973,16.818],[98.956,16.822],[98.907,16.814],[98.882,16.789],[98.874,16.785],[98.849,16.789],[98.82,16.785],[98.812,16.797],[98.783,16.797],[98.763,16.81],[98.738,16.814],[98.721,16.797],[98.697,16.793],[98.68,16.777],[98.643,16.768],[98.626,16.756],[98.61,16.735],[98.593,16.727],[98.548,16.723],[98.536,16.702],[98.515,16.702],[98.494,16.694],[98.441,16.702],[98.424,16.694],[98.412,16.694],[98.383,16.698],[98.354,16.686],[98.321,16.69],[98.301,16.678],[98.276,16.669],[98.255,16.657],[98.247,16.624],[98.235,16.607],[98.222,16.566],[98.202,16.558],[98.185,16.558],[98.164,16.554]]]}},{"type":"Feature","properties":{"type":"Road","scalerank":3,"name":null},"geometry":{"type":"MultiLineString","coordinates":[[[80.145,16.892],[80.186,16.863],[80.231,16.83],[80.277,16.793],[80.289,16.777],[80.314,16.731],[80.335,16.715],[80.376,16.694],[80.405,16.665],[80.467,16.616],[80.479,16.607],[80.52,16.591],[80.537,16.579],[80.561,16.562],[80.623,16.517]]]}},{"type":"Feature","properties":{"type":"Road","scalerank":3,"name":null},"geometry":{"type":"MultiLineString","coordinates":[[[80.623,16.517],[80.636,16.517]]]}},{"type":"Feature","properties":{"type":"Major Highway","scalerank":3,"name":null},"geometry":{"type":"MultiLineString","coordinates":[[[80.636,16.517],[80.652,16.517],[80.693,16.508],[80.726,16.504],[80.747,16.508],[80.792,16.529],[80.854,16.55],[80.871,16.562],[80.908,16.603],[80.937,16.62],[80.953,16.628]]]}},{"type":"Feature","properties":{"type":"Road","scalerank":3,"name":null},"geometry":{"type":"MultiLineString","coordinates":[[[96.024,16.711],[96.02,16.698],[96.028,16.678],[96.032,16.653],[96.057,16.62],[96.065,16.595],[96.061,16.57],[96.069,16.554],[96.078,16.521],[96.078,16.504],[96.065,16.48],[96.028,16.463],[96.024,16.451],[96.003,16.418]]]}},{"type":"Feature","properties":{"type":"Road","scalerank":3,"name":null},"geometry":{"type":"MultiLineString","coordinates":[[[96.003,16.418],[95.995,16.414],[95.954,16.409],[95.913,16.393],[95.896,16.381],[95.871,16.356]]]}},{"type":"Feature","properties":{"type":"Road","scalerank":4,"name":null},"geometry":{"type":"MultiLineString","coordinates":[[[73.835,15.498],[73.814,15.543],[73.81,15.568],[73.818,15.589],[73.83,15.626],[73.847,15.642],[73.851,15.659],[73.835,15.671],[73.835,15.684],[73.793,15.75],[73.777,15.762],[73.748,15.778],[73.686,15.77],[73.674,15.787],[73.657,15.799],[73.632,15.849],[73.665,15.886],[73.682,15.91],[73.682,15.964],[73.694,16.022],[73.707,16.067],[73.711,16.1],[73.703,16.137],[73.682,16.162],[73.694,16.187],[73.703,16.207],[73.707,16.273],[73.707,16.319],[73.707,16.343],[73.69,16.389],[73.674,16.414],[73.653,16.463],[73.645,16.517],[73.637,16.541],[73.608,16.579],[73.575,16.587],[73.554,16.603],[73.529,16.645],[73.525,16.661],[73.529,16.669],[73.562,16.706],[73.579,16.727],[73.587,16.756],[73.579,16.781],[73.558,16.814],[73.546,16.88],[73.538,16.9],[73.513,16.933],[73.513,16.962],[73.496,16.983]]]}},{"type":"Feature","properties":{"type":"Major Highway","scalerank":3,"name":null},"geometry":{"type":"MultiLineString","coordinates":[[[74.993,15.465],[74.94,15.51],[74.907,15.531],[74.894,15.535],[74.874,15.547],[74.853,15.547],[74.845,15.556],[74.82,15.556],[74.758,15.613],[74.709,15.696],[74.692,15.729],[74.68,15.737],[74.655,15.741],[74.635,15.77],[74.598,15.791],[74.569,15.82],[74.548,15.836],[74.515,15.84],[74.511,15.849],[74.523,15.923],[74.519,15.939],[74.507,15.972],[74.503,16.005],[74.523,16.03],[74.523,16.047],[74.515,16.059],[74.515,16.104],[74.515,16.187],[74.507,16.224],[74.503,16.24],[74.486,16.257],[74.461,16.273],[74.445,16.286],[74.42,16.315],[74.395,16.364],[74.391,16.385],[74.367,16.434],[74.346,16.475],[74.329,16.508],[74.313,16.562],[74.301,16.603],[74.284,16.636],[74.259,16.661],[74.255,16.686],[74.226,16.698]]]}},{"type":"Feature","properties":{"type":"Road","scalerank":4,"name":null},"geometry":{"type":"MultiLineString","coordinates":[[[73.835,15.498],[73.847,15.481],[73.863,15.469],[73.867,15.457],[73.9,15.44],[73.905,15.415]]]}},{"type":"Feature","properties":{"type":"Major Highway","scalerank":3,"name":null},"geometry":{"type":"MultiLineString","coordinates":[[[77.637,15.119],[77.65,15.139],[77.674,15.156],[77.699,15.189],[77.724,15.209],[77.74,15.226],[77.757,15.255],[77.794,15.304],[77.819,15.35],[77.831,15.366],[77.868,15.403],[77.876,15.461],[77.914,15.514],[77.942,15.564],[77.984,15.667],[77.992,15.712],[78,15.729],[78.025,15.75],[78.033,15.766],[78.054,15.84],[78.062,15.894],[78.041,15.939],[78.029,15.956],[77.938,16.005],[77.914,16.042],[77.893,16.092],[77.889,16.113],[77.901,16.137],[77.922,16.15],[77.975,16.174],[77.992,16.187],[77.963,16.216],[77.955,16.228],[77.955,16.253],[77.955,16.298],[77.938,16.381],[77.938,16.459],[77.934,16.504],[77.942,16.525],[77.959,16.57],[77.984,16.607],[78.029,16.661],[78.087,16.719],[78.136,16.768],[78.14,16.781],[78.149,16.818],[78.157,16.838],[78.165,16.884],[78.178,16.913],[78.178,16.95],[78.19,16.987],[78.186,17.024],[78.194,17.053],[78.215,17.086],[78.235,17.111],[78.272,17.127],[78.293,17.148],[78.305,17.173],[78.355,17.23],[78.404,17.28],[78.437,17.325],[78.458,17.35],[78.487,17.387]]]}},{"type":"Feature","properties":{"type":"Major Highway","scalerank":3,"name":null},"geometry":{"type":"MultiLineString","coordinates":[[[74.993,15.465],[75.068,15.407],[75.101,15.391],[75.113,15.362],[75.15,15.35],[75.154,15.321],[75.15,15.292],[75.15,15.238],[75.142,15.18],[75.146,15.152],[75.154,15.09],[75.167,15.061],[75.2,14.999],[75.208,14.991],[75.245,14.958],[75.27,14.933],[75.307,14.888],[75.332,14.85],[75.365,14.834],[75.398,14.797],[75.418,14.78],[75.476,14.727],[75.513,14.694],[75.559,14.669],[75.596,14.632],[75.633,14.619],[75.649,14.595],[75.682,14.57],[75.732,14.558],[75.806,14.516]]]}},{"type":"Feature","properties":{"type":"Major Highway","scalerank":3,"name":null},"geometry":{"type":"MultiLineString","coordinates":[[[79.984,14.471],[79.992,14.483],[79.996,14.512],[79.988,14.566],[79.984,14.628],[79.98,14.669],[79.98,14.698],[80.001,14.751],[80.005,14.797],[79.992,14.875],[79.992,14.9],[79.996,14.937],[79.996,14.958],[79.992,15.024],[79.992,15.073],[80.001,15.106],[80.005,15.131],[80.005,15.164],[80.017,15.201],[80.021,15.238],[80.021,15.275],[80.025,15.312],[80.029,15.358],[80.05,15.44],[80.05,15.514],[80.05,15.556],[80.034,15.597],[80.021,15.642],[80.017,15.679],[80.025,15.725],[80.034,15.745],[80.042,15.807],[80.05,15.836],[80.071,15.877],[80.079,15.91],[80.079,15.927],[80.095,15.964],[80.12,16.005],[80.128,16.026],[80.182,16.121],[80.211,16.158],[80.24,16.183],[80.281,16.207],[80.297,16.22],[80.335,16.253],[80.359,16.273],[80.405,16.286],[80.454,16.298],[80.487,16.335],[80.52,16.356],[80.557,16.397],[80.566,16.418],[80.574,16.455],[80.586,16.471],[80.59,16.492],[80.599,16.504],[80.623,16.517]]]}},{"type":"Feature","properties":{"type":"Road","scalerank":4,"name":null},"geometry":{"type":"MultiLineString","coordinates":[[[74.441,14.285],[74.433,14.318],[74.424,14.364],[74.408,14.401],[74.404,14.422],[74.42,14.43],[74.428,14.442],[74.42,14.459],[74.424,14.475],[74.404,14.533],[74.395,14.545],[74.379,14.591],[74.338,14.636],[74.317,14.652],[74.309,14.661],[74.309,14.69],[74.296,14.718],[74.28,14.739],[74.235,14.76],[74.193,14.776],[74.16,14.776],[74.119,14.797],[74.131,14.817],[74.131,14.859],[74.115,14.888],[74.107,14.908],[74.057,14.945],[74.049,14.97],[74.032,15.011],[74.028,15.065],[74.032,15.081],[74.028,15.114],[74.024,15.143],[73.999,15.176],[73.971,15.251],[73.954,15.279],[73.933,15.325],[73.921,15.383],[73.917,15.399]]]}},{"type":"Feature","properties":{"type":"Major Highway","scalerank":3,"name":null},"geometry":{"type":"MultiLineString","coordinates":[[[75.806,14.516],[75.839,14.504],[75.86,14.488],[75.897,14.471],[75.93,14.463],[75.946,14.455],[75.967,14.438],[75.987,14.417],[76.008,14.405],[76.128,14.368],[76.177,14.368],[76.21,14.351],[76.247,14.314],[76.284,14.294],[76.309,14.29],[76.326,14.294],[76.346,14.273],[76.359,14.252],[76.412,14.219]]]}},{"type":"Feature","properties":{"type":"Road","scalerank":4,"name":null},"geometry":{"type":"MultiLineString","coordinates":[[[74.75,13.345],[74.75,13.366],[74.738,13.39],[74.734,13.415],[74.725,13.44],[74.709,13.485],[74.701,13.56],[74.697,13.601],[74.692,13.625],[74.672,13.646],[74.664,13.663],[74.647,13.708],[74.639,13.786],[74.635,13.844],[74.631,13.861],[74.598,13.927],[74.577,13.951],[74.565,13.98],[74.527,14.042],[74.503,14.079],[74.494,14.116],[74.503,14.149],[74.499,14.17],[74.482,14.203],[74.449,14.24],[74.445,14.257],[74.441,14.285]]]}},{"type":"Feature","properties":{"type":"Major Highway","scalerank":3,"name":null},"geometry":{"type":"MultiLineString","coordinates":[[[77.386,13.106],[77.369,13.118],[77.266,13.192],[77.25,13.213],[77.229,13.242],[77.2,13.271],[77.167,13.279],[77.151,13.291],[77.142,13.308],[77.105,13.353],[77.08,13.415],[77.068,13.432],[77.047,13.448],[77.035,13.469],[77.019,13.477],[77.002,13.506],[76.998,13.539],[76.986,13.555],[76.953,13.597],[76.932,13.63],[76.915,13.671],[76.903,13.737],[76.891,13.737],[76.841,13.762],[76.8,13.786],[76.763,13.815],[76.705,13.856],[76.693,13.869],[76.676,13.894],[76.668,13.902],[76.639,13.914],[76.627,13.922],[76.61,13.955],[76.594,13.98],[76.581,14.017],[76.54,14.079],[76.524,14.104],[76.503,14.12],[76.474,14.17],[76.458,14.191],[76.412,14.219]]]}},{"type":"Feature","properties":{"type":"Major Highway","scalerank":3,"name":null},"geometry":{"type":"MultiLineString","coordinates":[[[80.252,13.06],[80.277,13.073],[80.256,13.085],[80.231,13.11],[80.211,13.139],[80.194,13.168],[80.182,13.184],[80.17,13.221],[80.157,13.271],[80.149,13.32],[80.128,13.378],[80.108,13.428],[80.087,13.481],[80.058,13.535],[80.025,13.593],[80.005,13.671],[80.001,13.7],[79.992,13.733],[79.959,13.782],[79.939,13.828],[79.935,13.844],[79.926,13.877],[79.922,13.889],[79.897,13.91],[79.893,13.927],[79.889,13.955],[79.902,13.993],[79.902,14.05],[79.881,14.108],[79.86,14.141],[79.856,14.17],[79.864,14.186],[79.877,14.219],[79.918,14.261],[79.922,14.273],[79.918,14.314],[79.943,14.384],[79.976,14.446],[79.984,14.471]]]}},{"type":"Feature","properties":{"type":"Major Highway","scalerank":3,"name":null},"geometry":{"type":"MultiLineString","coordinates":[[[77.592,12.966],[77.584,12.99],[77.588,13.036],[77.592,13.073],[77.604,13.118],[77.629,13.151],[77.645,13.201],[77.695,13.234],[77.711,13.246],[77.724,13.287],[77.728,13.312],[77.728,13.436],[77.744,13.489],[77.773,13.555],[77.786,13.617],[77.786,13.654],[77.782,13.712],[77.782,13.745],[77.777,13.766],[77.744,13.803],[77.724,13.836],[77.72,13.861],[77.691,13.898],[77.67,13.96],[77.65,13.988],[77.621,14.009],[77.608,14.03],[77.612,14.063],[77.6,14.1],[77.604,14.125],[77.637,14.199],[77.633,14.261],[77.633,14.302],[77.641,14.36],[77.641,14.384],[77.629,14.434],[77.625,14.45],[77.633,14.496],[77.621,14.574],[77.612,14.603],[77.612,14.615],[77.621,14.64],[77.621,14.652],[77.604,14.698],[77.6,14.718],[77.604,14.784],[77.6,14.834],[77.588,14.896],[77.588,14.929],[77.612,14.987],[77.637,15.069],[77.641,15.094],[77.637,15.119]]]}},{"type":"Feature","properties":{"type":"Major Highway","scalerank":3,"name":null},"geometry":{"type":"MultiLineString","coordinates":[[[77.386,13.106],[77.427,13.073],[77.452,13.065],[77.493,13.048],[77.534,13.032],[77.559,13.019],[77.579,12.994],[77.592,12.966]]]}},{"type":"Feature","properties":{"type":"Major Highway","scalerank":3,"name":null},"geometry":{"type":"MultiLineString","coordinates":[[[79.704,12.867],[79.745,12.871],[79.782,12.879],[79.827,12.904],[79.939,12.957],[79.947,12.97],[80.017,13.023],[80.042,13.036],[80.067,13.044],[80.104,13.048],[80.141,13.06],[80.215,13.056],[80.252,13.06]]]}},{"type":"Feature","properties":{"type":"Road","scalerank":3,"name":null},"geometry":{"type":"MultiLineString","coordinates":[[[77.592,12.966],[77.637,12.994],[77.711,13.027],[77.823,13.089],[77.918,13.131],[77.951,13.135],[77.967,13.143],[78.017,13.139],[78.046,13.135],[78.079,13.131],[78.107,13.131],[78.301,13.159],[78.342,13.164],[78.388,13.168],[78.429,13.188],[78.47,13.201],[78.487,13.201],[78.54,13.201],[78.582,13.197],[78.623,13.184],[78.644,13.188],[78.664,13.192],[78.701,13.197],[78.722,13.205],[78.751,13.201],[78.767,13.205],[78.796,13.205],[78.829,13.192],[78.858,13.188],[78.928,13.205],[78.949,13.205],[79.007,13.201],[79.06,13.201],[79.077,13.197],[79.097,13.213],[79.101,13.188],[79.114,13.114],[79.134,13.089],[79.139,13.077],[79.196,13.04]]]}},{"type":"Feature","properties":{"type":"Road","scalerank":4,"name":null},"geometry":{"type":"MultiLineString","coordinates":[[[74.75,13.345],[74.746,13.333],[74.742,13.312],[74.75,13.296],[74.742,13.254],[74.754,13.197],[74.771,13.135],[74.779,13.11],[74.787,13.093],[74.795,13.069],[74.795,13.015],[74.804,12.978],[74.82,12.937],[74.833,12.924],[74.841,12.883],[74.841,12.858]]]}},{"type":"Feature","properties":{"type":"Road","scalerank":4,"name":null},"geometry":{"type":"MultiLineString","coordinates":[[[77.386,13.106],[77.357,13.073],[77.34,13.065],[77.32,13.069],[77.274,13.065],[77.208,13.073],[77.188,13.069],[77.134,13.044],[77.072,13.027],[77.035,13.023],[77.019,13.023],[76.981,13.019],[76.965,13.011],[76.903,12.994],[76.825,12.97],[76.779,12.966],[76.755,12.949],[76.734,12.957],[76.717,12.957],[76.697,12.966],[76.631,12.953],[76.618,12.949],[76.59,12.949],[76.573,12.949],[76.532,12.928],[76.474,12.912],[76.441,12.904],[76.408,12.891],[76.379,12.895],[76.363,12.933],[76.342,12.941],[76.317,12.966],[76.223,12.974],[76.148,12.99],[76.124,12.994],[76.082,12.99],[76.058,12.986],[76.016,12.97],[75.954,12.945],[75.93,12.941],[75.917,12.945],[75.897,12.937],[75.868,12.941],[75.847,12.949],[75.794,12.933],[75.777,12.924],[75.732,12.891],[75.707,12.858],[75.666,12.825],[75.608,12.825],[75.583,12.825],[75.559,12.829],[75.521,12.825],[75.493,12.829],[75.451,12.817],[75.402,12.825],[75.352,12.838],[75.328,12.838],[75.204,12.821],[75.158,12.817],[75.138,12.821],[75.084,12.834],[75.055,12.85],[75.031,12.875],[75.002,12.871],[74.969,12.875],[74.94,12.883],[74.899,12.875],[74.882,12.875],[74.841,12.858]]]}},{"type":"Feature","properties":{"type":"Road","scalerank":4,"name":null},"geometry":{"type":"MultiLineString","coordinates":[[[77.592,12.966],[77.559,12.949],[77.452,12.887],[77.435,12.867],[77.419,12.838],[77.394,12.801],[77.328,12.78],[77.27,12.739],[77.258,12.726],[77.237,12.685],[77.221,12.66],[77.188,12.644],[77.155,12.627],[77.056,12.59],[76.986,12.549],[76.944,12.533],[76.878,12.512],[76.816,12.491],[76.775,12.483],[76.75,12.467],[76.722,12.434],[76.705,12.421],[76.676,12.413],[76.664,12.396],[76.643,12.322],[76.606,12.326],[76.528,12.351],[76.487,12.33],[76.462,12.33],[76.429,12.343],[76.4,12.335],[76.342,12.31],[76.313,12.297],[76.289,12.297],[76.243,12.314]]]}},{"type":"Feature","properties":{"type":"Road","scalerank":4,"name":null},"geometry":{"type":"MultiLineString","coordinates":[[[76.243,12.314],[76.231,12.314],[76.173,12.293],[76.152,12.293],[76.111,12.273],[76.037,12.231],[76.016,12.227],[76.004,12.215],[75.987,12.215],[75.95,12.19],[75.917,12.182],[75.843,12.186],[75.81,12.194],[75.798,12.19],[75.794,12.165],[75.794,12.128],[75.789,12.12]]]}},{"type":"Feature","properties":{"type":"Road","scalerank":4,"name":null},"geometry":{"type":"MultiLineString","coordinates":[[[75.789,12.12],[75.748,12.091],[75.723,12.071],[75.715,12.038],[75.695,12.021],[75.678,11.988]]]}},{"type":"Feature","properties":{"type":"Road","scalerank":4,"name":null},"geometry":{"type":"MultiLineString","coordinates":[[[74.841,12.858],[74.841,12.821],[74.874,12.78],[74.882,12.755],[74.915,12.693],[74.923,12.665],[74.952,12.611],[74.956,12.578],[74.989,12.533],[75.01,12.471],[75.026,12.454],[75.039,12.429],[75.064,12.396],[75.076,12.368],[75.101,12.335],[75.109,12.314],[75.105,12.289],[75.109,12.269],[75.121,12.26],[75.15,12.252],[75.154,12.244],[75.171,12.198],[75.204,12.165],[75.229,12.108],[75.249,12.087],[75.295,12.066],[75.344,12.05],[75.365,12.033],[75.373,12.005],[75.369,11.988],[75.348,11.959],[75.344,11.943]]]}},{"type":"Feature","properties":{"type":"Road","scalerank":4,"name":null},"geometry":{"type":"MultiLineString","coordinates":[[[75.678,11.988],[75.604,11.988],[75.554,11.98],[75.534,11.959],[75.513,11.934],[75.509,11.922],[75.468,11.91],[75.46,11.897],[75.422,11.889],[75.406,11.877]]]}},{"type":"Feature","properties":{"type":"Major Highway","scalerank":3,"name":null},"geometry":{"type":"MultiLineString","coordinates":[[[77.592,12.966],[77.592,12.957],[77.608,12.92],[77.662,12.862],[77.678,12.829],[77.703,12.801],[77.72,12.788],[77.749,12.784],[77.777,12.772],[77.815,12.743],[77.852,12.722],[77.938,12.677],[77.955,12.673],[78.013,12.656],[78.037,12.644],[78.083,12.615],[78.145,12.59],[78.165,12.574],[78.198,12.549],[78.223,12.524],[78.227,12.504],[78.223,12.401],[78.223,12.372],[78.223,12.335],[78.206,12.306],[78.202,12.285],[78.198,12.244],[78.194,12.215],[78.173,12.165],[78.173,12.141],[78.14,12.137],[78.136,12.12],[78.132,12.099],[78.128,12.075],[78.107,12.046],[78.103,12.029],[78.091,12.009],[78.066,11.984],[78.054,11.963],[78.054,11.947],[78.066,11.922],[78.066,11.893],[78.079,11.877],[78.079,11.86],[78.062,11.807],[78.062,11.765],[78.054,11.745],[78.07,11.732],[78.103,11.712],[78.12,11.699],[78.153,11.666]]]}},{"type":"Feature","properties":{"type":"Road","scalerank":4,"name":null},"geometry":{"type":"MultiLineString","coordinates":[[[80.252,13.06],[80.248,13.023],[80.231,13.011],[80.194,13.003],[80.178,12.99],[80.145,12.957],[80.128,12.941],[80.087,12.875],[80.034,12.801],[80.009,12.759],[79.988,12.726],[79.98,12.677],[79.968,12.66],[79.943,12.64],[79.922,12.594],[79.906,12.549],[79.889,12.524],[79.856,12.487],[79.836,12.454],[79.819,12.409],[79.786,12.372],[79.782,12.351],[79.778,12.314],[79.745,12.293],[79.658,12.227],[79.625,12.178],[79.596,12.124],[79.559,12.075],[79.551,12.05],[79.539,12.009],[79.489,11.943],[79.46,11.893],[79.431,11.848],[79.394,11.774],[79.357,11.728],[79.308,11.691],[79.254,11.662],[79.209,11.633],[79.188,11.625],[79.172,11.6],[79.139,11.551],[79.106,11.514],[79.073,11.489],[79.031,11.452],[79.015,11.431],[78.994,11.398],[78.932,11.32],[78.908,11.283],[78.891,11.225],[78.883,11.2],[78.842,11.13],[78.821,11.068],[78.804,11.023],[78.771,10.965],[78.751,10.928],[78.722,10.895],[78.705,10.866],[78.697,10.846],[78.697,10.825],[78.705,10.796],[78.656,10.788],[78.619,10.763],[78.594,10.743],[78.557,10.722],[78.54,10.705],[78.52,10.681],[78.495,10.66],[78.466,10.639],[78.4,10.602],[78.359,10.578]]]}},{"type":"Feature","properties":{"type":"Road","scalerank":4,"name":null},"geometry":{"type":"MultiLineString","coordinates":[[[78.153,11.666],[78.149,11.65],[78.14,11.633],[78.124,11.617],[78.079,11.596],[78.041,11.559],[78.017,11.539],[78,11.534],[77.947,11.518],[77.889,11.485],[77.843,11.448],[77.777,11.39],[77.732,11.341],[77.72,11.332],[77.695,11.324],[77.678,11.316],[77.67,11.299],[77.65,11.291],[77.612,11.283],[77.571,11.266],[77.526,11.242],[77.476,11.229],[77.452,11.213],[77.431,11.2],[77.415,11.2],[77.365,11.204],[77.324,11.2],[77.295,11.196],[77.266,11.188],[77.25,11.176],[77.225,11.155],[77.188,11.114],[77.175,11.105],[77.097,11.06],[77.043,11.035],[76.969,10.998],[76.965,10.994],[76.957,10.94],[76.944,10.912],[76.932,10.887],[76.911,10.866],[76.866,10.846],[76.849,10.829],[76.825,10.813],[76.8,10.8],[76.779,10.792],[76.734,10.784],[76.705,10.767],[76.664,10.763],[76.647,10.755],[76.623,10.734],[76.594,10.689],[76.577,10.66],[76.561,10.602],[76.557,10.594],[76.528,10.59],[76.495,10.586],[76.425,10.573],[76.396,10.573],[76.355,10.557],[76.284,10.536],[76.272,10.532],[76.235,10.507]]]}},{"type":"Feature","properties":{"type":"Road","scalerank":4,"name":null},"geometry":{"type":"MultiLineString","coordinates":[[[75.406,11.877],[75.422,11.856],[75.443,11.827],[75.46,11.803],[75.464,11.778],[75.476,11.765],[75.513,11.745],[75.526,11.732],[75.538,11.695],[75.546,11.683],[75.571,11.662],[75.583,11.638],[75.587,11.605],[75.596,11.588],[75.612,11.572],[75.62,11.526],[75.625,11.51],[75.649,11.489],[75.674,11.481],[75.686,11.468],[75.703,11.435],[75.719,11.415],[75.732,11.39],[75.744,11.382],[75.756,11.357],[75.769,11.312],[75.777,11.266],[75.798,11.217],[75.798,11.184],[75.802,11.171],[75.839,11.134],[75.851,11.105],[75.86,11.052],[75.864,11.039],[75.893,11.011],[75.905,10.978],[75.909,10.945],[75.917,10.912],[75.934,10.883],[75.95,10.829],[75.963,10.809],[75.959,10.788],[75.975,10.788],[76.012,10.776],[76.033,10.78],[76.07,10.78],[76.095,10.763],[76.115,10.755],[76.107,10.73],[76.099,10.685],[76.082,10.648],[76.091,10.631],[76.14,10.606],[76.152,10.594],[76.169,10.565],[76.19,10.545],[76.214,10.532],[76.235,10.507]]]}},{"type":"Feature","properties":{"type":"Road","scalerank":3,"name":null},"geometry":{"type":"MultiLineString","coordinates":[[[98.989,10.503],[98.969,10.499],[98.944,10.483],[98.927,10.479],[98.915,10.487],[98.907,10.52],[98.89,10.528],[98.857,10.52],[98.829,10.52]]]}},{"type":"Feature","properties":{"type":"Road","scalerank":4,"name":null},"geometry":{"type":"MultiLineString","coordinates":[[[78.359,10.578],[78.314,10.549],[78.268,10.536],[78.248,10.528],[78.215,10.503],[78.186,10.487],[78.161,10.487],[78.136,10.47],[78.112,10.446],[78.087,10.425],[78.05,10.4],[77.971,10.363]]]}},{"type":"Feature","properties":{"type":"Major Highway","scalerank":3,"name":null},"geometry":{"type":"MultiLineString","coordinates":[[[77.971,10.363],[77.963,10.408],[77.955,10.462],[77.951,10.499],[77.955,10.54],[77.955,10.573],[77.947,10.602],[77.947,10.639],[77.938,10.672],[77.938,10.71],[77.93,10.734],[77.918,10.751],[77.914,10.776],[77.922,10.788],[77.938,10.8],[77.959,10.829],[78,10.87],[78.05,10.916],[78.074,10.936],[78.083,10.953],[78.083,10.978],[78.074,11.015],[78.054,11.064],[78,11.077],[78.021,11.147],[78.029,11.163],[78.041,11.176],[78.058,11.184],[78.103,11.192],[78.145,11.209],[78.173,11.229],[78.173,11.291],[78.169,11.332],[78.157,11.415],[78.149,11.526],[78.149,11.555],[78.149,11.605],[78.157,11.633],[78.161,11.654],[78.153,11.666]]]}},{"type":"Feature","properties":{"type":"Major Highway","scalerank":3,"name":null},"geometry":{"type":"MultiLineString","coordinates":[[[77.971,10.363],[77.971,10.355],[77.926,10.289],[77.914,10.26],[77.909,10.231],[77.914,10.182],[77.918,10.165],[77.93,10.12],[77.934,10.091],[77.938,10.058],[77.947,10.033],[77.959,10.025],[77.988,10.025],[78.013,10.008],[78.041,9.988],[78.07,9.971],[78.103,9.963],[78.116,9.955],[78.124,9.93],[78.132,9.922]]]}},{"type":"Feature","properties":{"type":"Road","scalerank":3,"name":null},"geometry":{"type":"MultiLineString","coordinates":[[[78.132,9.922],[78.157,9.909],[78.194,9.881],[78.231,9.86],[78.26,9.831],[78.301,9.802],[78.359,9.773],[78.4,9.749],[78.429,9.728],[78.483,9.67],[78.516,9.645],[78.524,9.633],[78.524,9.612],[78.565,9.563],[78.594,9.546],[78.615,9.518],[78.644,9.501],[78.672,9.46],[78.668,9.439],[78.672,9.427],[78.714,9.414],[78.751,9.386],[78.771,9.373],[78.8,9.365],[78.837,9.357],[78.891,9.344],[78.912,9.336],[78.941,9.315],[78.957,9.307],[79.019,9.287],[79.06,9.27],[79.101,9.262],[79.13,9.266],[79.147,9.274],[79.167,9.278],[79.2,9.278],[79.242,9.266],[79.258,9.266],[79.295,9.258],[79.341,9.245],[79.374,9.221],[79.419,9.167],[79.448,9.146]]]}},{"type":"Feature","properties":{"type":"Road","scalerank":3,"name":null},"geometry":{"type":"MultiLineString","coordinates":[[[79.935,8.932],[79.914,8.953],[79.856,9.023],[79.852,9.047],[79.831,9.072],[79.765,9.076],[79.741,9.085],[79.724,9.101]]]}},{"type":"Feature","properties":{"type":"Road","scalerank":3,"name":null},"geometry":{"type":"MultiLineString","coordinates":[[[98.829,10.52],[98.816,10.487],[98.804,10.45],[98.783,10.408],[98.783,10.4],[98.791,10.367],[98.783,10.347],[98.771,10.318],[98.763,10.285],[98.758,10.256],[98.734,10.219],[98.73,10.194],[98.701,10.169],[98.692,10.14],[98.68,10.111],[98.668,10.091],[98.664,10.066],[98.651,10.045],[98.655,10.021],[98.631,9.971],[98.631,9.934],[98.631,9.889],[98.61,9.856],[98.606,9.831],[98.589,9.79],[98.585,9.757],[98.589,9.74],[98.585,9.724],[98.565,9.695],[98.56,9.65],[98.544,9.629],[98.544,9.6],[98.56,9.584],[98.593,9.588],[98.598,9.579],[98.573,9.542],[98.532,9.526],[98.507,9.489],[98.499,9.464],[98.486,9.447],[98.461,9.427],[98.449,9.423],[98.437,9.398],[98.424,9.386],[98.424,9.361],[98.404,9.328],[98.395,9.291],[98.395,9.241],[98.387,9.212],[98.387,9.196],[98.404,9.192],[98.412,9.163],[98.433,9.155],[98.457,9.13],[98.461,9.122],[98.457,9.101],[98.445,9.08],[98.42,9.052],[98.416,9.039],[98.424,9.014],[98.416,8.99],[98.416,8.981],[98.4,8.961],[98.391,8.944],[98.404,8.915],[98.4,8.899],[98.387,8.887],[98.379,8.87]]]}},{"type":"Feature","properties":{"type":"Road","scalerank":3,"name":null},"geometry":{"type":"MultiLineString","coordinates":[[[79.935,8.932],[79.98,8.907],[80.025,8.862],[80.042,8.845],[80.083,8.825],[80.104,8.796],[80.12,8.788],[80.141,8.788],[80.17,8.755],[80.19,8.742],[80.26,8.68],[80.293,8.656],[80.335,8.61],[80.376,8.585],[80.421,8.565],[80.491,8.54]]]}},{"type":"Feature","properties":{"type":"Road","scalerank":3,"name":null},"geometry":{"type":"MultiLineString","coordinates":[[[80.491,8.54],[80.5,8.528],[80.508,8.499],[80.512,8.412],[80.508,8.359]]]}},{"type":"Feature","properties":{"type":"Road","scalerank":3,"name":null},"geometry":{"type":"MultiLineString","coordinates":[[[98.301,8.276],[98.288,8.33],[98.284,8.367],[98.28,8.379],[98.255,8.4],[98.251,8.412],[98.259,8.429],[98.255,8.462],[98.292,8.528],[98.288,8.54],[98.276,8.548],[98.263,8.565],[98.263,8.598],[98.243,8.614],[98.243,8.631],[98.251,8.647],[98.255,8.676],[98.247,8.697],[98.255,8.713],[98.255,8.734],[98.268,8.792],[98.276,8.804],[98.276,8.829],[98.284,8.845],[98.309,8.858],[98.346,8.874],[98.379,8.87]]]}},{"type":"Feature","properties":{"type":"Road","scalerank":4,"name":null},"geometry":{"type":"MultiLineString","coordinates":[[[77.427,8.177],[77.41,8.185],[77.382,8.202],[77.357,8.227],[77.328,8.239],[77.316,8.251],[77.278,8.28],[77.212,8.313],[77.175,8.321],[77.151,8.354],[77.13,8.375],[77.097,8.4],[77.047,8.429],[76.965,8.482],[76.953,8.491],[76.936,8.524],[76.911,8.548],[76.891,8.565],[76.866,8.581],[76.854,8.602],[76.837,8.668],[76.812,8.697],[76.8,8.746],[76.783,8.779],[76.746,8.833],[76.734,8.849],[76.709,8.862],[76.651,8.87],[76.585,8.895],[76.557,8.907],[76.532,8.94],[76.528,8.957],[76.536,8.981],[76.544,9.01],[76.54,9.043],[76.528,9.093],[76.515,9.138],[76.499,9.183],[76.478,9.237],[76.47,9.266],[76.445,9.287],[76.437,9.315],[76.421,9.348],[76.408,9.373],[76.375,9.377],[76.359,9.386],[76.342,9.468],[76.33,9.513],[76.326,9.538],[76.33,9.604],[76.338,9.658],[76.338,9.683],[76.322,9.695],[76.305,9.835],[76.305,9.868],[76.301,9.885],[76.284,9.918],[76.268,9.922],[76.268,9.947],[76.284,9.963],[76.297,9.992],[76.334,10.05],[76.346,10.087],[76.355,10.128],[76.363,10.153],[76.388,10.177],[76.388,10.198],[76.375,10.239],[76.346,10.276],[76.334,10.314],[76.317,10.359],[76.293,10.388],[76.276,10.417],[76.272,10.433],[76.26,10.45],[76.235,10.507]]]}},{"type":"Feature","properties":{"type":"Major Highway","scalerank":4,"name":null},"geometry":{"type":"MultiLineString","coordinates":[[[78.132,9.922],[78.128,9.914],[78.07,9.889],[78.025,9.86],[77.992,9.827],[77.98,9.794],[77.98,9.732],[77.951,9.621],[77.942,9.588],[77.942,9.542],[77.938,9.513],[77.918,9.439],[77.914,9.357],[77.914,9.32],[77.901,9.245],[77.876,9.179],[77.839,9.138],[77.823,9.105],[77.806,9.06],[77.79,9.01],[77.765,8.928],[77.765,8.899],[77.773,8.87],[77.777,8.849],[77.769,8.837],[77.736,8.8],[77.707,8.755],[77.703,8.746],[77.724,8.73],[77.74,8.713],[77.736,8.693],[77.699,8.627],[77.687,8.594],[77.683,8.565],[77.674,8.548],[77.654,8.511],[77.645,8.486],[77.612,8.449],[77.604,8.42],[77.608,8.383],[77.604,8.371],[77.571,8.301],[77.563,8.272],[77.567,8.247],[77.575,8.202],[77.579,8.173],[77.575,8.152],[77.546,8.119],[77.53,8.115],[77.518,8.119],[77.472,8.157],[77.427,8.177]]]}},{"type":"Feature","properties":{"type":"Road","scalerank":3,"name":null},"geometry":{"type":"MultiLineString","coordinates":[[[98.301,8.276],[98.35,8.272],[98.375,8.305],[98.42,8.321],[98.437,8.338],[98.449,8.359],[98.457,8.396],[98.474,8.42],[98.503,8.42],[98.515,8.433],[98.532,8.466],[98.519,8.507],[98.519,8.519],[98.532,8.544],[98.54,8.552],[98.565,8.557],[98.593,8.552],[98.631,8.524],[98.647,8.515],[98.684,8.511],[98.701,8.503],[98.725,8.491],[98.738,8.474],[98.746,8.449],[98.746,8.416],[98.754,8.396],[98.758,8.367],[98.775,8.346],[98.787,8.317],[98.808,8.284],[98.812,8.264],[98.812,8.214],[98.816,8.202],[98.849,8.173],[98.886,8.107],[98.903,8.099],[98.915,8.095]]]}},{"type":"Feature","properties":{"type":"Road","scalerank":4,"name":null},"geometry":{"type":"MultiLineString","coordinates":[[[81.201,8.585],[81.176,8.569],[81.126,8.548],[81.093,8.519],[81.077,8.495],[81.019,8.387],[80.995,8.35],[80.966,8.321],[80.933,8.284],[80.891,8.223],[80.879,8.198],[80.801,8.103],[80.755,8.041]]]}},{"type":"Feature","properties":{"type":"Road","scalerank":4,"name":null},"geometry":{"type":"MultiLineString","coordinates":[[[80.656,7.88],[80.673,7.897],[80.706,7.942],[80.718,7.967],[80.731,8.008],[80.755,8.041]]]}},{"type":"Feature","properties":{"type":"Road","scalerank":3,"name":null},"geometry":{"type":"MultiLineString","coordinates":[[[80.656,7.88],[80.648,7.917],[80.636,7.954],[80.623,7.983],[80.607,8],[80.599,8.029],[80.561,8.124],[80.545,8.152],[80.524,8.198],[80.516,8.223],[80.516,8.28],[80.508,8.359]]]}},{"type":"Feature","properties":{"type":"Road","scalerank":3,"name":null},"geometry":{"type":"MultiLineString","coordinates":[[[98.915,8.095],[98.936,8.107],[98.973,8.099]]]}},{"type":"Feature","properties":{"type":"Road","scalerank":3,"name":null},"geometry":{"type":"MultiLineString","coordinates":[[[80.656,7.88],[80.644,7.843],[80.623,7.814],[80.603,7.785],[80.566,7.748],[80.561,7.728],[80.553,7.695],[80.533,7.657],[80.504,7.629],[80.487,7.587],[80.462,7.558],[80.429,7.521],[80.376,7.488]]]}},{"type":"Feature","properties":{"type":"Road","scalerank":3,"name":null},"geometry":{"type":"MultiLineString","coordinates":[[[80.376,7.488],[80.355,7.468],[80.33,7.414],[80.322,7.385],[80.306,7.36],[80.302,7.328],[80.289,7.307],[80.264,7.286],[80.223,7.266],[80.207,7.237]]]}},{"type":"Feature","properties":{"type":"Road","scalerank":4,"name":null},"geometry":{"type":"MultiLineString","coordinates":[[[80.207,7.237],[80.219,7.233],[80.236,7.237],[80.244,7.233],[80.277,7.237],[80.322,7.237],[80.339,7.249],[80.376,7.253],[80.392,7.253],[80.409,7.257],[80.434,7.249],[80.491,7.253],[80.52,7.245],[80.537,7.245],[80.561,7.257],[80.59,7.257]]]}},{"type":"Feature","properties":{"type":"Road","scalerank":3,"name":null},"geometry":{"type":"MultiLineString","coordinates":[[[80.207,7.237],[80.178,7.204],[80.161,7.196],[80.145,7.183],[80.137,7.183],[80.12,7.158],[80.108,7.15],[80.091,7.13],[80.042,7.101],[79.996,7.051],[79.968,7.01],[79.93,6.981],[79.889,6.96]]]}},{"type":"Feature","properties":{"type":"Road","scalerank":3,"name":null},"geometry":{"type":"MultiLineString","coordinates":[[[79.889,6.96],[79.852,6.944]]]}},{"type":"Feature","properties":{"type":"Road","scalerank":4,"name":null},"geometry":{"type":"MultiLineString","coordinates":[[[79.852,6.944],[79.869,6.845],[79.897,6.783],[79.922,6.713]]]}},{"type":"Feature","properties":{"type":"Road","scalerank":3,"name":null},"geometry":{"type":"MultiLineString","coordinates":[[[96.704,5.191],[96.667,5.191],[96.605,5.199],[96.515,5.191],[96.482,5.183],[96.465,5.183],[96.424,5.183],[96.346,5.183],[96.325,5.191],[96.288,5.224],[96.263,5.232],[96.193,5.249],[96.148,5.261],[96.127,5.265],[96.094,5.253],[96.073,5.257],[96.057,5.265],[96.016,5.269],[95.991,5.29],[95.979,5.311],[95.97,5.364],[95.962,5.385],[95.941,5.385],[95.871,5.381],[95.847,5.381],[95.834,5.393],[95.83,5.447],[95.818,5.467],[95.797,5.476],[95.76,5.459],[95.727,5.455],[95.715,5.447],[95.715,5.422],[95.71,5.397],[95.69,5.377],[95.661,5.377],[95.649,5.377],[95.62,5.397],[95.595,5.401],[95.537,5.397],[95.504,5.414],[95.455,5.434],[95.422,5.455],[95.393,5.484],[95.364,5.529],[95.347,5.554],[95.302,5.579]]]}},{"type":"Feature","properties":{"type":"Road","scalerank":3,"name":null},"geometry":{"type":"MultiLineString","coordinates":[[[97.62,5.018],[97.554,5.034],[97.525,5.051],[97.488,5.08],[97.455,5.096],[97.43,5.125],[97.414,5.133],[97.389,5.133],[97.364,5.121],[97.344,5.104],[97.331,5.088],[97.323,5.063],[97.307,5.043],[97.282,5.047],[97.265,5.055],[97.241,5.092],[97.22,5.1],[97.179,5.104],[97.158,5.109],[97.146,5.121],[97.137,5.166],[97.125,5.179],[97.051,5.199],[97.018,5.216],[96.973,5.228],[96.948,5.228],[96.915,5.22],[96.841,5.195],[96.803,5.187],[96.742,5.199],[96.704,5.191]]]}},{"type":"Feature","properties":{"type":"Road","scalerank":3,"name":null},"geometry":{"type":"MultiLineString","coordinates":[[[68.378,25.38],[68.378,25.397],[68.399,25.438],[68.432,25.483],[68.436,25.5],[68.448,25.549],[68.465,25.595],[68.498,25.628],[68.506,25.64],[68.51,25.706],[68.51,25.739],[68.498,25.751],[68.436,25.797],[68.419,25.805],[68.39,25.879],[68.349,25.966],[68.32,26.024],[68.3,26.065],[68.279,26.106],[68.262,26.122],[68.25,26.131]]]}},{"type":"Feature","properties":{"type":"Major Highway","scalerank":3,"name":null},"geometry":{"type":"MultiLineString","coordinates":[[[68.295,25.409],[68.283,25.421],[68.25,25.43],[68.213,25.43],[68.192,25.421],[68.151,25.397],[68.097,25.355],[68.081,25.343],[68.003,25.306],[67.961,25.293],[67.899,25.26],[67.862,25.236],[67.825,25.223],[67.809,25.219],[67.751,25.178],[67.706,25.157],[67.668,25.145],[67.648,25.137],[67.611,25.112],[67.59,25.1],[67.532,25.096]]]}},{"type":"Feature","properties":{"type":"Major Highway","scalerank":5,"name":null},"geometry":{"type":"MultiLineString","coordinates":[[[72.618,32.363],[72.61,32.462],[72.61,32.684],[72.618,32.858],[72.663,32.981],[72.742,33.155],[72.828,33.278],[72.981,33.509],[73.026,33.584]]]}},{"type":"Feature","properties":{"type":"Major Highway","scalerank":5,"name":null},"geometry":{"type":"MultiLineString","coordinates":[[[73.092,31.418],[73.335,31.88]]]}},{"type":"Feature","properties":{"type":"Major Highway","scalerank":4,"name":null},"geometry":{"type":"MultiLineString","coordinates":[[[74.626,25.331],[74.857,25.331],[75.055,25.265],[75.299,25.232],[75.509,25.178],[75.641,25.178],[75.839,25.166]]]}},{"type":"Feature","properties":{"type":"Major Highway","scalerank":3,"name":null},"geometry":{"type":"MultiLineString","coordinates":[[[79.196,13.04],[79.213,13.027],[79.258,12.99],[79.283,12.966],[79.316,12.957],[79.324,12.949],[79.336,12.924],[79.374,12.916],[79.407,12.904],[79.464,12.895],[79.514,12.891],[79.576,12.891],[79.621,12.875],[79.654,12.862],[79.675,12.867],[79.704,12.867]]]}},{"type":"Feature","properties":{"type":"Major Highway","scalerank":4,"name":null},"geometry":{"type":"MultiLineString","coordinates":[[[78.215,12.524],[78.334,12.533],[78.499,12.566],[78.619,12.689],[78.71,12.829],[78.809,12.908],[78.941,12.928],[79.048,12.928],[79.139,12.953],[79.205,13.04]]]}},{"type":"Feature","properties":{"type":"Major Highway","scalerank":3,"name":null},"geometry":{"type":"MultiLineString","coordinates":[[[77.01,37.122],[77.035,37.168],[77.068,37.242],[77.101,37.271],[77.113,37.291],[77.134,37.345],[77.159,37.366],[77.212,37.407],[77.233,37.432],[77.262,37.469],[77.303,37.518],[77.369,37.634],[77.386,37.667],[77.406,37.724],[77.415,37.757],[77.419,37.811],[77.419,37.836],[77.41,37.881]]]}},{"type":"Feature","properties":{"type":"Major Highway","scalerank":5,"name":null},"geometry":{"type":"MultiLineString","coordinates":[[[86.666,20.299],[86.6,20.344],[86.525,20.385],[86.468,20.41],[86.414,20.385],[86.393,20.398],[86.402,20.451],[86.381,20.509],[86.294,20.563],[86.216,20.649],[86.183,20.649],[86.129,20.662]]]}}]}